{
                "correlationId": "",
                "timestamp": "2026-03-22T02:43:42.765",
                "level": "INFO",
                "thread": "main",
                "logger": "co.edu.uco.infrastructure.init.CrossWordApplication",
                "message": "Starting CrossWordApplication v0.0.1-SNAPSHOT using Java 17.0.18 with PID 7 (/app/app.jar started by root in /app)"
                }{
                "correlationId": "",
                "timestamp": "2026-03-22T02:43:42.785",
                "level": "INFO",
                "thread": "main",
                "logger": "co.edu.uco.infrastructure.init.CrossWordApplication",
                "message": "No active profile set, falling back to 1 default profile: "default""
                }{
                "correlationId": "",
                "timestamp": "2026-03-22T02:43:43.704",
                "level": "INFO",
                "thread": "main",
                "logger": "org.springframework.data.repository.config.RepositoryConfigurationDelegate",
                "message": "Multiple Spring Data modules found, entering strict repository configuration mode"
                }{
                "correlationId": "",
                "timestamp": "2026-03-22T02:43:43.705",
                "level": "INFO",
                "thread": "main",
                "logger": "org.springframework.data.repository.config.RepositoryConfigurationDelegate",
                "message": "Bootstrapping Spring Data Redis repositories in DEFAULT mode."
                }{
                "correlationId": "",
                "timestamp": "2026-03-22T02:43:43.746",
                "level": "INFO",
                "thread": "main",
                "logger": "org.springframework.data.repository.config.RepositoryConfigurationExtensionSupport",
                "message": "Spring Data Redis - Could not safely identify store assignment for repository candidate interface co.edu.uco.infrastructure.adapter.secondary.repository.mongo.EnvironmentRepositoryAdapter; If you want this repository to be a Redis repository, consider annotating your entities with one of these annotations: org.springframework.data.redis.core.RedisHash (preferred), or consider extending one of the following types with your repository: org.springframework.data.keyvalue.repository.KeyValueRepository"
                }{
                "correlationId": "",
                "timestamp": "2026-03-22T02:43:43.747",
                "level": "INFO",
                "thread": "main",
                "logger": "org.springframework.data.repository.config.RepositoryConfigurationExtensionSupport",
                "message": "Spring Data Redis - Could not safely identify store assignment for repository candidate interface co.edu.uco.infrastructure.adapter.secondary.repository.mongo.TokenStateMongoRepositoryAdapter; If you want this repository to be a Redis repository, consider annotating your entities with one of these annotations: org.springframework.data.redis.core.RedisHash (preferred), or consider extending one of the following types with your repository: org.springframework.data.keyvalue.repository.KeyValueRepository"
                }{
                "correlationId": "",
                "timestamp": "2026-03-22T02:43:43.748",
                "level": "INFO",
                "thread": "main",
                "logger": "org.springframework.data.repository.config.RepositoryConfigurationExtensionSupport",
                "message": "Spring Data Redis - Could not safely identify store assignment for repository candidate interface co.edu.uco.infrastructure.adapter.secondary.repository.mongo.TokenMongoRepositoryAdapter; If you want this repository to be a Redis repository, consider annotating your entities with one of these annotations: org.springframework.data.redis.core.RedisHash (preferred), or consider extending one of the following types with your repository: org.springframework.data.keyvalue.repository.KeyValueRepository"
                }{
                "correlationId": "",
                "timestamp": "2026-03-22T02:43:43.750",
                "level": "INFO",
                "thread": "main",
                "logger": "org.springframework.data.repository.config.RepositoryConfigurationExtensionSupport",
                "message": "Spring Data Redis - Could not safely identify store assignment for repository candidate interface co.edu.uco.infrastructure.adapter.secondary.repository.mongo.EnvironmentMongoRepositoryAdapter; If you want this repository to be a Redis repository, consider annotating your entities with one of these annotations: org.springframework.data.redis.core.RedisHash (preferred), or consider extending one of the following types with your repository: org.springframework.data.keyvalue.repository.KeyValueRepository"
                }{
                "correlationId": "",
                "timestamp": "2026-03-22T02:43:43.752",
                "level": "INFO",
                "thread": "main",
                "logger": "org.springframework.data.repository.config.RepositoryConfigurationExtensionSupport",
                "message": "Spring Data Redis - Could not safely identify store assignment for repository candidate interface co.edu.uco.infrastructure.adapter.secondary.repository.postgresql.TokenPostgresSQLRepositoryAdapter; If you want this repository to be a Redis repository, consider annotating your entities with one of these annotations: org.springframework.data.redis.core.RedisHash (preferred), or consider extending one of the following types with your repository: org.springframework.data.keyvalue.repository.KeyValueRepository"
                }{
                "correlationId": "",
                "timestamp": "2026-03-22T02:43:43.781",
                "level": "INFO",
                "thread": "main",
                "logger": "org.springframework.data.repository.config.RepositoryConfigurationDelegate",
                "message": "Finished Spring Data repository scanning in 57 ms. Found 1 Redis repository interface."
                }{
                "correlationId": "",
                "timestamp": "2026-03-22T02:43:43.783",
                "level": "INFO",
                "thread": "main",
                "logger": "org.springframework.data.repository.config.RepositoryConfigurationDelegate",
                "message": "Multiple Spring Data modules found, entering strict repository configuration mode"
                }{
                "correlationId": "",
                "timestamp": "2026-03-22T02:43:43.784",
                "level": "INFO",
                "thread": "main",
                "logger": "org.springframework.data.repository.config.RepositoryConfigurationDelegate",
                "message": "Bootstrapping Spring Data JPA repositories in DEFAULT mode."
                }{
                "correlationId": "",
                "timestamp": "2026-03-22T02:43:43.795",
                "level": "INFO",
                "thread": "main",
                "logger": "org.springframework.data.repository.config.RepositoryConfigurationDelegate",
                "message": "Finished Spring Data repository scanning in 7 ms. Found 1 JPA repository interface."
                }{
                "correlationId": "",
                "timestamp": "2026-03-22T02:43:43.797",
                "level": "INFO",
                "thread": "main",
                "logger": "org.springframework.data.repository.config.RepositoryConfigurationDelegate",
                "message": "Multiple Spring Data modules found, entering strict repository configuration mode"
                }{
                "correlationId": "",
                "timestamp": "2026-03-22T02:43:43.798",
                "level": "INFO",
                "thread": "main",
                "logger": "org.springframework.data.repository.config.RepositoryConfigurationDelegate",
                "message": "Bootstrapping Spring Data MongoDB repositories in DEFAULT mode."
                }{
                "correlationId": "",
                "timestamp": "2026-03-22T02:43:43.801",
                "level": "INFO",
                "thread": "main",
                "logger": "org.springframework.data.repository.config.RepositoryConfigurationExtensionSupport",
                "message": "Spring Data MongoDB - Could not safely identify store assignment for repository candidate interface co.edu.uco.infrastructure.adapter.secondary.repository.postgresql.TokenPostgresSQLRepositoryAdapter; If you want this repository to be a MongoDB repository, consider annotating your entities with one of these annotations: org.springframework.data.mongodb.core.mapping.Document (preferred), or consider extending one of the following types with your repository: org.springframework.data.mongodb.repository.MongoRepository"
                }{
                "correlationId": "",
                "timestamp": "2026-03-22T02:43:43.802",
                "level": "INFO",
                "thread": "main",
                "logger": "org.springframework.data.repository.config.RepositoryConfigurationExtensionSupport",
                "message": "Spring Data MongoDB - Could not safely identify store assignment for repository candidate interface co.edu.uco.infrastructure.adapter.secondary.repository.redis.RedisRepositoryAdapter; If you want this repository to be a MongoDB repository, consider annotating your entities with one of these annotations: org.springframework.data.mongodb.core.mapping.Document (preferred), or consider extending one of the following types with your repository: org.springframework.data.mongodb.repository.MongoRepository"
                }{
                "correlationId": "",
                "timestamp": "2026-03-22T02:43:43.806",
                "level": "INFO",
                "thread": "main",
                "logger": "org.springframework.data.repository.config.RepositoryConfigurationDelegate",
                "message": "Finished Spring Data repository scanning in 7 ms. Found 4 MongoDB repository interfaces."
                }{
                "correlationId": "",
                "timestamp": "2026-03-22T02:43:45.026",
                "level": "INFO",
                "thread": "main",
                "logger": "org.springframework.boot.web.embedded.tomcat.TomcatWebServer",
                "message": "Tomcat initialized with port 8085 (http)"
                }{
                "correlationId": "",
                "timestamp": "2026-03-22T02:43:45.037",
                "level": "INFO",
                "thread": "main",
                "logger": "org.apache.coyote.http11.Http11NioProtocol",
                "message": "Initializing ProtocolHandler ["http-nio-8085"]"
                }{
                "correlationId": "",
                "timestamp": "2026-03-22T02:43:45.039",
                "level": "INFO",
                "thread": "main",
                "logger": "org.apache.catalina.core.StandardService",
                "message": "Starting service [Tomcat]"
                }{
                "correlationId": "",
                "timestamp": "2026-03-22T02:43:45.040",
                "level": "INFO",
                "thread": "main",
                "logger": "org.apache.catalina.core.StandardEngine",
                "message": "Starting Servlet engine: [Apache Tomcat/10.1.20]"
                }{
                "correlationId": "",
                "timestamp": "2026-03-22T02:43:45.077",
                "level": "INFO",
                "thread": "main",
                "logger": "org.apache.catalina.core.ContainerBase.[Tomcat].[localhost].[/]",
                "message": "Initializing Spring embedded WebApplicationContext"
                }{
                "correlationId": "",
                "timestamp": "2026-03-22T02:43:45.078",
                "level": "INFO",
                "thread": "main",
                "logger": "org.springframework.boot.web.servlet.context.ServletWebServerApplicationContext",
                "message": "Root WebApplicationContext: initialization completed in 2252 ms"
                }{
                "correlationId": "",
                "timestamp": "2026-03-22T02:43:45.323",
                "level": "INFO",
                "thread": "main",
                "logger": "org.hibernate.jpa.internal.util.LogHelper",
                "message": "HHH000204: Processing PersistenceUnitInfo [name: default]"
                }{
                "correlationId": "",
                "timestamp": "2026-03-22T02:43:45.418",
                "level": "INFO",
                "thread": "main",
                "logger": "org.hibernate.Version",
                "message": "HHH000412: Hibernate ORM core version 6.4.4.Final"
                }{
                "correlationId": "",
                "timestamp": "2026-03-22T02:43:45.462",
                "level": "INFO",
                "thread": "main",
                "logger": "org.hibernate.cache.internal.RegionFactoryInitiator",
                "message": "HHH000026: Second-level cache disabled"
                }{
                "correlationId": "",
                "timestamp": "2026-03-22T02:43:45.755",
                "level": "INFO",
                "thread": "main",
                "logger": "org.springframework.orm.jpa.persistenceunit.SpringPersistenceUnitInfo",
                "message": "No LoadTimeWeaver setup: ignoring JPA class transformer"
                }{
                "correlationId": "",
                "timestamp": "2026-03-22T02:43:45.822",
                "level": "WARN",
                "thread": "main",
                "logger": "org.hibernate.engine.jdbc.env.internal.JdbcEnvironmentInitiator",
                "message": "HHH000342: Could not obtain connection to query metadata"
                }java.lang.NullPointerException: Cannot invoke "org.hibernate.engine.jdbc.spi.SqlExceptionHelper.convert(java.sql.SQLException, String)" because the return value of "org.hibernate.resource.transaction.backend.jdbc.internal.JdbcIsolationDelegate.sqlExceptionHelper()" is null
	at org.hibernate.resource.transaction.backend.jdbc.internal.JdbcIsolationDelegate.delegateWork(JdbcIsolationDelegate.java:116)
	at org.hibernate.engine.jdbc.env.internal.JdbcEnvironmentInitiator.getJdbcEnvironmentUsingJdbcMetadata(JdbcEnvironmentInitiator.java:276)
	at org.hibernate.engine.jdbc.env.internal.JdbcEnvironmentInitiator.initiateService(JdbcEnvironmentInitiator.java:107)
	at org.hibernate.engine.jdbc.env.internal.JdbcEnvironmentInitiator.initiateService(JdbcEnvironmentInitiator.java:68)
	at org.hibernate.boot.registry.internal.StandardServiceRegistryImpl.initiateService(StandardServiceRegistryImpl.java:130)
	at org.hibernate.service.internal.AbstractServiceRegistryImpl.createService(AbstractServiceRegistryImpl.java:263)
	at org.hibernate.service.internal.AbstractServiceRegistryImpl.initializeService(AbstractServiceRegistryImpl.java:238)
	at org.hibernate.service.internal.AbstractServiceRegistryImpl.getService(AbstractServiceRegistryImpl.java:215)
	at org.hibernate.boot.model.relational.Database.<init>(Database.java:45)
	at org.hibernate.boot.internal.InFlightMetadataCollectorImpl.getDatabase(InFlightMetadataCollectorImpl.java:223)
	at org.hibernate.boot.internal.InFlightMetadataCollectorImpl.<init>(InFlightMetadataCollectorImpl.java:191)
	at org.hibernate.boot.model.process.spi.MetadataBuildingProcess.complete(MetadataBuildingProcess.java:170)
	at org.hibernate.jpa.boot.internal.EntityManagerFactoryBuilderImpl.metadata(EntityManagerFactoryBuilderImpl.java:1432)
	at org.hibernate.jpa.boot.internal.EntityManagerFactoryBuilderImpl.build(EntityManagerFactoryBuilderImpl.java:1503)
	at org.springframework.orm.jpa.vendor.SpringHibernateJpaPersistenceProvider.createContainerEntityManagerFactory(SpringHibernateJpaPersistenceProvider.java:75)
	at org.springframework.orm.jpa.LocalContainerEntityManagerFactoryBean.createNativeEntityManagerFactory(LocalContainerEntityManagerFactoryBean.java:390)
	at org.springframework.orm.jpa.AbstractEntityManagerFactoryBean.buildNativeEntityManagerFactory(AbstractEntityManagerFactoryBean.java:409)
	at org.springframework.orm.jpa.AbstractEntityManagerFactoryBean.afterPropertiesSet(AbstractEntityManagerFactoryBean.java:396)
	at org.springframework.orm.jpa.LocalContainerEntityManagerFactoryBean.afterPropertiesSet(LocalContainerEntityManagerFactoryBean.java:366)
	at org.springframework.beans.factory.support.AbstractAutowireCapableBeanFactory.invokeInitMethods(AbstractAutowireCapableBeanFactory.java:1833)
	at org.springframework.beans.factory.support.AbstractAutowireCapableBeanFactory.initializeBean(AbstractAutowireCapableBeanFactory.java:1782)
	at org.springframework.beans.factory.support.AbstractAutowireCapableBeanFactory.doCreateBean(AbstractAutowireCapableBeanFactory.java:600)
	at org.springframework.beans.factory.support.AbstractAutowireCapableBeanFactory.createBean(AbstractAutowireCapableBeanFactory.java:522)
	at org.springframework.beans.factory.support.AbstractBeanFactory.lambda$doGetBean$0(AbstractBeanFactory.java:326)
	at org.springframework.beans.factory.support.DefaultSingletonBeanRegistry.getSingleton(DefaultSingletonBeanRegistry.java:234)
	at org.springframework.beans.factory.support.AbstractBeanFactory.doGetBean(AbstractBeanFactory.java:324)
	at org.springframework.beans.factory.support.AbstractBeanFactory.getBean(AbstractBeanFactory.java:200)
	at org.springframework.context.support.AbstractApplicationContext.getBean(AbstractApplicationContext.java:1234)
	at org.springframework.context.support.AbstractApplicationContext.finishBeanFactoryInitialization(AbstractApplicationContext.java:952)
	at org.springframework.context.support.AbstractApplicationContext.refresh(AbstractApplicationContext.java:624)
	at org.springframework.boot.web.servlet.context.ServletWebServerApplicationContext.refresh(ServletWebServerApplicationContext.java:146)
	at org.springframework.boot.SpringApplication.refresh(SpringApplication.java:754)
	at org.springframework.boot.SpringApplication.refreshContext(SpringApplication.java:456)
	at org.springframework.boot.SpringApplication.run(SpringApplication.java:334)
	at org.springframework.boot.SpringApplication.run(SpringApplication.java:1354)
	at org.springframework.boot.SpringApplication.run(SpringApplication.java:1343)
	at co.edu.uco.infrastructure.init.CrossWordApplication.main(CrossWordApplication.java:14)
	at java.base/jdk.internal.reflect.NativeMethodAccessorImpl.invoke0(Native Method)
	at java.base/jdk.internal.reflect.NativeMethodAccessorImpl.invoke(NativeMethodAccessorImpl.java:77)
	at java.base/jdk.internal.reflect.DelegatingMethodAccessorImpl.invoke(DelegatingMethodAccessorImpl.java:43)
	at java.base/java.lang.reflect.Method.invoke(Method.java:569)
	at org.springframework.boot.loader.launch.Launcher.launch(Launcher.java:91)
	at org.springframework.boot.loader.launch.Launcher.launch(Launcher.java:53)
	at org.springframework.boot.loader.launch.JarLauncher.main(JarLauncher.java:58)
{
                "correlationId": "",
                "timestamp": "2026-03-22T02:43:45.848",
                "level": "WARN",
                "thread": "main",
                "logger": "org.hibernate.orm.deprecation",
                "message": "HHH90000025: PostgreSQLDialect does not need to be specified explicitly using 'hibernate.dialect' (remove the property setting and it will be selected by default)"
                }{
                "correlationId": "",
                "timestamp": "2026-03-22T02:43:46.589",
                "level": "INFO",
                "thread": "main",
                "logger": "org.hibernate.engine.transaction.jta.platform.internal.JtaPlatformInitiator",
                "message": "HHH000489: No JTA platform available (set 'hibernate.transaction.jta.platform' to enable JTA platform integration)"
                }{
                "correlationId": "",
                "timestamp": "2026-03-22T02:43:46.595",
                "level": "INFO",
                "thread": "main",
                "logger": "org.springframework.orm.jpa.LocalContainerEntityManagerFactoryBean",
                "message": "Initialized JPA EntityManagerFactory for persistence unit 'default'"
                }{
                "correlationId": "",
                "timestamp": "2026-03-22T02:43:48.893",
                "level": "WARN",
                "thread": "main",
                "logger": "org.springframework.boot.autoconfigure.orm.jpa.JpaBaseConfiguration$JpaWebConfiguration",
                "message": "spring.jpa.open-in-view is enabled by default. Therefore, database queries may be performed during view rendering. Explicitly configure spring.jpa.open-in-view to disable this warning"
                }{
                "correlationId": "",
                "timestamp": "2026-03-22T02:43:49.849",
                "level": "INFO",
                "thread": "main",
                "logger": "org.springframework.boot.actuate.endpoint.web.EndpointLinksResolver",
                "message": "Exposing 3 endpoint(s) beneath base path '/actuator'"
                }{
                "correlationId": "",
                "timestamp": "2026-03-22T02:43:49.903",
                "level": "INFO",
                "thread": "main",
                "logger": "org.apache.coyote.http11.Http11NioProtocol",
                "message": "Starting ProtocolHandler ["http-nio-8085"]"
                }{
                "correlationId": "",
                "timestamp": "2026-03-22T02:43:49.921",
                "level": "INFO",
                "thread": "main",
                "logger": "org.springframework.boot.web.embedded.tomcat.TomcatWebServer",
                "message": "Tomcat started on port 8085 (http) with context path ''"
                }{
                "correlationId": "",
                "timestamp": "2026-03-22T02:43:49.936",
                "level": "INFO",
                "thread": "main",
                "logger": "co.edu.uco.infrastructure.init.CrossWordApplication",
                "message": "Started CrossWordApplication in 16.644 seconds (process running for 17.712)"
                }{
                "correlationId": "",
                "timestamp": "2026-03-22T02:43:50.573",
                "level": "INFO",
                "thread": "http-nio-8085-exec-1",
                "logger": "org.apache.catalina.core.ContainerBase.[Tomcat].[localhost].[/]",
                "message": "Initializing Spring DispatcherServlet 'dispatcherServlet'"
                }{
                "correlationId": "",
                "timestamp": "2026-03-22T02:43:50.574",
                "level": "INFO",
                "thread": "http-nio-8085-exec-1",
                "logger": "org.springframework.web.servlet.DispatcherServlet",
                "message": "Initializing Servlet 'dispatcherServlet'"
                }{
                "correlationId": "",
                "timestamp": "2026-03-22T02:43:50.576",
                "level": "INFO",
                "thread": "http-nio-8085-exec-1",
                "logger": "org.springframework.web.servlet.DispatcherServlet",
                "message": "Completed initialization in 1 ms"
                }{
                "correlationId": "",
                "timestamp": "2026-03-22T02:43:52.484",
                "level": "WARN",
                "thread": "http-nio-8085-exec-2",
                "logger": "org.springframework.boot.actuate.jdbc.DataSourceHealthIndicator",
                "message": "DataSource health check failed"
                }org.springframework.jdbc.CannotGetJdbcConnectionException: Failed to obtain JDBC Connection
	at org.springframework.jdbc.datasource.DataSourceUtils.getConnection(DataSourceUtils.java:84)
	at org.springframework.jdbc.core.JdbcTemplate.execute(JdbcTemplate.java:342)
	at org.springframework.boot.actuate.jdbc.DataSourceHealthIndicator.getProduct(DataSourceHealthIndicator.java:122)
	at org.springframework.boot.actuate.jdbc.DataSourceHealthIndicator.doDataSourceHealthCheck(DataSourceHealthIndicator.java:105)
	at org.springframework.boot.actuate.jdbc.DataSourceHealthIndicator.doHealthCheck(DataSourceHealthIndicator.java:100)
	at org.springframework.boot.actuate.health.AbstractHealthIndicator.health(AbstractHealthIndicator.java:82)
	at org.springframework.boot.actuate.health.HealthIndicator.getHealth(HealthIndicator.java:37)
	at org.springframework.boot.actuate.health.HealthEndpointWebExtension.getHealth(HealthEndpointWebExtension.java:94)
	at org.springframework.boot.actuate.health.HealthEndpointWebExtension.getHealth(HealthEndpointWebExtension.java:47)
	at org.springframework.boot.actuate.health.HealthEndpointSupport.getLoggedHealth(HealthEndpointSupport.java:172)
	at org.springframework.boot.actuate.health.HealthEndpointSupport.getContribution(HealthEndpointSupport.java:145)
	at org.springframework.boot.actuate.health.HealthEndpointSupport.getAggregateContribution(HealthEndpointSupport.java:156)
	at org.springframework.boot.actuate.health.HealthEndpointSupport.getContribution(HealthEndpointSupport.java:141)
	at org.springframework.boot.actuate.health.HealthEndpointSupport.getHealth(HealthEndpointSupport.java:110)
	at org.springframework.boot.actuate.health.HealthEndpointSupport.getHealth(HealthEndpointSupport.java:81)
	at org.springframework.boot.actuate.health.HealthEndpointWebExtension.health(HealthEndpointWebExtension.java:80)
	at org.springframework.boot.actuate.health.HealthEndpointWebExtension.health(HealthEndpointWebExtension.java:69)
	at java.base/jdk.internal.reflect.NativeMethodAccessorImpl.invoke0(Native Method)
	at java.base/jdk.internal.reflect.NativeMethodAccessorImpl.invoke(NativeMethodAccessorImpl.java:77)
	at java.base/jdk.internal.reflect.DelegatingMethodAccessorImpl.invoke(DelegatingMethodAccessorImpl.java:43)
	at java.base/java.lang.reflect.Method.invoke(Method.java:569)
	at org.springframework.util.ReflectionUtils.invokeMethod(ReflectionUtils.java:281)
	at org.springframework.boot.actuate.endpoint.invoke.reflect.ReflectiveOperationInvoker.invoke(ReflectiveOperationInvoker.java:74)
	at org.springframework.boot.actuate.endpoint.annotation.AbstractDiscoveredOperation.invoke(AbstractDiscoveredOperation.java:60)
	at org.springframework.boot.actuate.endpoint.web.servlet.AbstractWebMvcEndpointHandlerMapping$ServletWebOperationAdapter.handle(AbstractWebMvcEndpointHandlerMapping.java:327)
	at org.springframework.boot.actuate.endpoint.web.servlet.AbstractWebMvcEndpointHandlerMapping$OperationHandler.handle(AbstractWebMvcEndpointHandlerMapping.java:434)
	at java.base/jdk.internal.reflect.NativeMethodAccessorImpl.invoke0(Native Method)
	at java.base/jdk.internal.reflect.NativeMethodAccessorImpl.invoke(NativeMethodAccessorImpl.java:77)
	at java.base/jdk.internal.reflect.DelegatingMethodAccessorImpl.invoke(DelegatingMethodAccessorImpl.java:43)
	at java.base/java.lang.reflect.Method.invoke(Method.java:569)
	at org.springframework.web.method.support.InvocableHandlerMethod.doInvoke(InvocableHandlerMethod.java:255)
	at org.springframework.web.method.support.InvocableHandlerMethod.invokeForRequest(InvocableHandlerMethod.java:188)
	at org.springframework.web.servlet.mvc.method.annotation.ServletInvocableHandlerMethod.invokeAndHandle(ServletInvocableHandlerMethod.java:118)
	at org.springframework.web.servlet.mvc.method.annotation.RequestMappingHandlerAdapter.invokeHandlerMethod(RequestMappingHandlerAdapter.java:926)
	at org.springframework.web.servlet.mvc.method.annotation.RequestMappingHandlerAdapter.handleInternal(RequestMappingHandlerAdapter.java:831)
	at org.springframework.web.servlet.mvc.method.AbstractHandlerMethodAdapter.handle(AbstractHandlerMethodAdapter.java:87)
	at org.springframework.web.servlet.DispatcherServlet.doDispatch(DispatcherServlet.java:1089)
	at org.springframework.web.servlet.DispatcherServlet.doService(DispatcherServlet.java:979)
	at org.springframework.web.servlet.FrameworkServlet.processRequest(FrameworkServlet.java:1014)
	at org.springframework.web.servlet.FrameworkServlet.doGet(FrameworkServlet.java:903)
	at jakarta.servlet.http.HttpServlet.doHead(HttpServlet.java:211)
	at jakarta.servlet.http.HttpServlet.service(HttpServlet.java:587)
	at org.springframework.web.servlet.FrameworkServlet.service(FrameworkServlet.java:885)
	at jakarta.servlet.http.HttpServlet.service(HttpServlet.java:658)
	at org.apache.catalina.core.ApplicationFilterChain.internalDoFilter(ApplicationFilterChain.java:206)
	at org.apache.catalina.core.ApplicationFilterChain.doFilter(ApplicationFilterChain.java:150)
	at org.apache.tomcat.websocket.server.WsFilter.doFilter(WsFilter.java:51)
	at org.apache.catalina.core.ApplicationFilterChain.internalDoFilter(ApplicationFilterChain.java:175)
	at org.apache.catalina.core.ApplicationFilterChain.doFilter(ApplicationFilterChain.java:150)
	at org.springframework.web.filter.RequestContextFilter.doFilterInternal(RequestContextFilter.java:100)
	at org.springframework.web.filter.OncePerRequestFilter.doFilter(OncePerRequestFilter.java:116)
	at org.apache.catalina.core.ApplicationFilterChain.internalDoFilter(ApplicationFilterChain.java:175)
	at org.apache.catalina.core.ApplicationFilterChain.doFilter(ApplicationFilterChain.java:150)
	at org.springframework.web.filter.FormContentFilter.doFilterInternal(FormContentFilter.java:93)
	at org.springframework.web.filter.OncePerRequestFilter.doFilter(OncePerRequestFilter.java:116)
	at org.apache.catalina.core.ApplicationFilterChain.internalDoFilter(ApplicationFilterChain.java:175)
	at org.apache.catalina.core.ApplicationFilterChain.doFilter(ApplicationFilterChain.java:150)
	at org.springframework.web.filter.ServerHttpObservationFilter.doFilterInternal(ServerHttpObservationFilter.java:109)
	at org.springframework.web.filter.OncePerRequestFilter.doFilter(OncePerRequestFilter.java:116)
	at org.apache.catalina.core.ApplicationFilterChain.internalDoFilter(ApplicationFilterChain.java:175)
	at org.apache.catalina.core.ApplicationFilterChain.doFilter(ApplicationFilterChain.java:150)
	at org.springframework.web.filter.CharacterEncodingFilter.doFilterInternal(CharacterEncodingFilter.java:201)
	at org.springframework.web.filter.OncePerRequestFilter.doFilter(OncePerRequestFilter.java:116)
	at org.apache.catalina.core.ApplicationFilterChain.internalDoFilter(ApplicationFilterChain.java:175)
	at org.apache.catalina.core.ApplicationFilterChain.doFilter(ApplicationFilterChain.java:150)
	at org.apache.catalina.core.StandardWrapperValve.invoke(StandardWrapperValve.java:167)
	at org.apache.catalina.core.StandardContextValve.invoke(StandardContextValve.java:90)
	at org.apache.catalina.authenticator.AuthenticatorBase.invoke(AuthenticatorBase.java:482)
	at org.apache.catalina.core.StandardHostValve.invoke(StandardHostValve.java:115)
	at org.apache.catalina.valves.ErrorReportValve.invoke(ErrorReportValve.java:93)
	at org.apache.catalina.core.StandardEngineValve.invoke(StandardEngineValve.java:74)
	at org.apache.catalina.connector.CoyoteAdapter.service(CoyoteAdapter.java:344)
	at org.apache.coyote.http11.Http11Processor.service(Http11Processor.java:391)
	at org.apache.coyote.AbstractProcessorLight.process(AbstractProcessorLight.java:63)
	at org.apache.coyote.AbstractProtocol$ConnectionHandler.process(AbstractProtocol.java:896)
	at org.apache.tomcat.util.net.NioEndpoint$SocketProcessor.doRun(NioEndpoint.java:1736)
	at org.apache.tomcat.util.net.SocketProcessorBase.run(SocketProcessorBase.java:52)
	at org.apache.tomcat.util.threads.ThreadPoolExecutor.runWorker(ThreadPoolExecutor.java:1191)
	at org.apache.tomcat.util.threads.ThreadPoolExecutor$Worker.run(ThreadPoolExecutor.java:659)
	at org.apache.tomcat.util.threads.TaskThread$WrappingRunnable.run(TaskThread.java:63)
	at java.base/java.lang.Thread.run(Thread.java:840)
Caused by: org.postgresql.util.PSQLException: Connection to crs-crossword-db:5435 refused. Check that the hostname and port are correct and that the postmaster is accepting TCP/IP connections.
	at org.postgresql.core.v3.ConnectionFactoryImpl.openConnectionImpl(ConnectionFactoryImpl.java:352)
	at org.postgresql.core.ConnectionFactory.openConnection(ConnectionFactory.java:54)
	at org.postgresql.jdbc.PgConnection.<init>(PgConnection.java:273)
	at org.postgresql.Driver.makeConnection(Driver.java:446)
	at org.postgresql.Driver.connect(Driver.java:298)
	at java.sql/java.sql.DriverManager.getConnection(DriverManager.java:681)
	at java.sql/java.sql.DriverManager.getConnection(DriverManager.java:190)
	at org.springframework.jdbc.datasource.DriverManagerDataSource.getConnectionFromDriverManager(DriverManagerDataSource.java:155)
	at org.springframework.jdbc.datasource.DriverManagerDataSource.getConnectionFromDriver(DriverManagerDataSource.java:146)
	at org.springframework.jdbc.datasource.AbstractDriverBasedDataSource.getConnectionFromDriver(AbstractDriverBasedDataSource.java:205)
	at org.springframework.jdbc.datasource.AbstractDriverBasedDataSource.getConnection(AbstractDriverBasedDataSource.java:169)
	at org.springframework.jdbc.datasource.DataSourceUtils.fetchConnection(DataSourceUtils.java:160)
	at org.springframework.jdbc.datasource.DataSourceUtils.doGetConnection(DataSourceUtils.java:118)
	at org.springframework.jdbc.datasource.DataSourceUtils.getConnection(DataSourceUtils.java:81)
	... 80 common frames omitted
Caused by: java.net.ConnectException: Connection refused
	at java.base/sun.nio.ch.Net.pollConnect(Native Method)
	at java.base/sun.nio.ch.Net.pollConnectNow(Net.java:684)
	at java.base/sun.nio.ch.NioSocketImpl.timedFinishConnect(NioSocketImpl.java:547)
	at java.base/sun.nio.ch.NioSocketImpl.connect(NioSocketImpl.java:602)
	at java.base/java.net.SocksSocketImpl.connect(SocksSocketImpl.java:327)
	at java.base/java.net.Socket.connect(Socket.java:633)
	at org.postgresql.core.PGStream.createSocket(PGStream.java:260)
	at org.postgresql.core.PGStream.<init>(PGStream.java:121)
	at org.postgresql.core.v3.ConnectionFactoryImpl.tryConnect(ConnectionFactoryImpl.java:140)
	at org.postgresql.core.v3.ConnectionFactoryImpl.openConnectionImpl(ConnectionFactoryImpl.java:268)
	... 93 common frames omitted
{
                "correlationId": "",
                "timestamp": "2026-03-22T02:43:57.888",
                "level": "WARN",
                "thread": "http-nio-8085-exec-5",
                "logger": "org.springframework.boot.actuate.jdbc.DataSourceHealthIndicator",
                "message": "DataSource health check failed"
                }org.springframework.jdbc.CannotGetJdbcConnectionException: Failed to obtain JDBC Connection
	at org.springframework.jdbc.datasource.DataSourceUtils.getConnection(DataSourceUtils.java:84)
	at org.springframework.jdbc.core.JdbcTemplate.execute(JdbcTemplate.java:342)
	at org.springframework.boot.actuate.jdbc.DataSourceHealthIndicator.getProduct(DataSourceHealthIndicator.java:122)
	at org.springframework.boot.actuate.jdbc.DataSourceHealthIndicator.doDataSourceHealthCheck(DataSourceHealthIndicator.java:105)
	at org.springframework.boot.actuate.jdbc.DataSourceHealthIndicator.doHealthCheck(DataSourceHealthIndicator.java:100)
	at org.springframework.boot.actuate.health.AbstractHealthIndicator.health(AbstractHealthIndicator.java:82)
	at org.springframework.boot.actuate.health.HealthIndicator.getHealth(HealthIndicator.java:37)
	at org.springframework.boot.actuate.health.HealthEndpointWebExtension.getHealth(HealthEndpointWebExtension.java:94)
	at org.springframework.boot.actuate.health.HealthEndpointWebExtension.getHealth(HealthEndpointWebExtension.java:47)
	at org.springframework.boot.actuate.health.HealthEndpointSupport.getLoggedHealth(HealthEndpointSupport.java:172)
	at org.springframework.boot.actuate.health.HealthEndpointSupport.getContribution(HealthEndpointSupport.java:145)
	at org.springframework.boot.actuate.health.HealthEndpointSupport.getAggregateContribution(HealthEndpointSupport.java:156)
	at org.springframework.boot.actuate.health.HealthEndpointSupport.getContribution(HealthEndpointSupport.java:141)
	at org.springframework.boot.actuate.health.HealthEndpointSupport.getHealth(HealthEndpointSupport.java:110)
	at org.springframework.boot.actuate.health.HealthEndpointSupport.getHealth(HealthEndpointSupport.java:81)
	at org.springframework.boot.actuate.health.HealthEndpointWebExtension.health(HealthEndpointWebExtension.java:80)
	at org.springframework.boot.actuate.health.HealthEndpointWebExtension.health(HealthEndpointWebExtension.java:69)
	at java.base/jdk.internal.reflect.NativeMethodAccessorImpl.invoke0(Native Method)
	at java.base/jdk.internal.reflect.NativeMethodAccessorImpl.invoke(NativeMethodAccessorImpl.java:77)
	at java.base/jdk.internal.reflect.DelegatingMethodAccessorImpl.invoke(DelegatingMethodAccessorImpl.java:43)
	at java.base/java.lang.reflect.Method.invoke(Method.java:569)
	at org.springframework.util.ReflectionUtils.invokeMethod(ReflectionUtils.java:281)
	at org.springframework.boot.actuate.endpoint.invoke.reflect.ReflectiveOperationInvoker.invoke(ReflectiveOperationInvoker.java:74)
	at org.springframework.boot.actuate.endpoint.annotation.AbstractDiscoveredOperation.invoke(AbstractDiscoveredOperation.java:60)
	at org.springframework.boot.actuate.endpoint.web.servlet.AbstractWebMvcEndpointHandlerMapping$ServletWebOperationAdapter.handle(AbstractWebMvcEndpointHandlerMapping.java:327)
	at org.springframework.boot.actuate.endpoint.web.servlet.AbstractWebMvcEndpointHandlerMapping$OperationHandler.handle(AbstractWebMvcEndpointHandlerMapping.java:434)
	at java.base/jdk.internal.reflect.NativeMethodAccessorImpl.invoke0(Native Method)
	at java.base/jdk.internal.reflect.NativeMethodAccessorImpl.invoke(NativeMethodAccessorImpl.java:77)
	at java.base/jdk.internal.reflect.DelegatingMethodAccessorImpl.invoke(DelegatingMethodAccessorImpl.java:43)
	at java.base/java.lang.reflect.Method.invoke(Method.java:569)
	at org.springframework.web.method.support.InvocableHandlerMethod.doInvoke(InvocableHandlerMethod.java:255)
	at org.springframework.web.method.support.InvocableHandlerMethod.invokeForRequest(InvocableHandlerMethod.java:188)
	at org.springframework.web.servlet.mvc.method.annotation.ServletInvocableHandlerMethod.invokeAndHandle(ServletInvocableHandlerMethod.java:118)
	at org.springframework.web.servlet.mvc.method.annotation.RequestMappingHandlerAdapter.invokeHandlerMethod(RequestMappingHandlerAdapter.java:926)
	at org.springframework.web.servlet.mvc.method.annotation.RequestMappingHandlerAdapter.handleInternal(RequestMappingHandlerAdapter.java:831)
	at org.springframework.web.servlet.mvc.method.AbstractHandlerMethodAdapter.handle(AbstractHandlerMethodAdapter.java:87)
	at org.springframework.web.servlet.DispatcherServlet.doDispatch(DispatcherServlet.java:1089)
	at org.springframework.web.servlet.DispatcherServlet.doService(DispatcherServlet.java:979)
	at org.springframework.web.servlet.FrameworkServlet.processRequest(FrameworkServlet.java:1014)
	at org.springframework.web.servlet.FrameworkServlet.doGet(FrameworkServlet.java:903)
	at jakarta.servlet.http.HttpServlet.doHead(HttpServlet.java:211)
	at jakarta.servlet.http.HttpServlet.service(HttpServlet.java:587)
	at org.springframework.web.servlet.FrameworkServlet.service(FrameworkServlet.java:885)
	at jakarta.servlet.http.HttpServlet.service(HttpServlet.java:658)
	at org.apache.catalina.core.ApplicationFilterChain.internalDoFilter(ApplicationFilterChain.java:206)
	at org.apache.catalina.core.ApplicationFilterChain.doFilter(ApplicationFilterChain.java:150)
	at org.apache.tomcat.websocket.server.WsFilter.doFilter(WsFilter.java:51)
	at org.apache.catalina.core.ApplicationFilterChain.internalDoFilter(ApplicationFilterChain.java:175)
	at org.apache.catalina.core.ApplicationFilterChain.doFilter(ApplicationFilterChain.java:150)
	at org.springframework.web.filter.RequestContextFilter.doFilterInternal(RequestContextFilter.java:100)
	at org.springframework.web.filter.OncePerRequestFilter.doFilter(OncePerRequestFilter.java:116)
	at org.apache.catalina.core.ApplicationFilterChain.internalDoFilter(ApplicationFilterChain.java:175)
	at org.apache.catalina.core.ApplicationFilterChain.doFilter(ApplicationFilterChain.java:150)
	at org.springframework.web.filter.FormContentFilter.doFilterInternal(FormContentFilter.java:93)
	at org.springframework.web.filter.OncePerRequestFilter.doFilter(OncePerRequestFilter.java:116)
	at org.apache.catalina.core.ApplicationFilterChain.internalDoFilter(ApplicationFilterChain.java:175)
	at org.apache.catalina.core.ApplicationFilterChain.doFilter(ApplicationFilterChain.java:150)
	at org.springframework.web.filter.ServerHttpObservationFilter.doFilterInternal(ServerHttpObservationFilter.java:109)
	at org.springframework.web.filter.OncePerRequestFilter.doFilter(OncePerRequestFilter.java:116)
	at org.apache.catalina.core.ApplicationFilterChain.internalDoFilter(ApplicationFilterChain.java:175)
	at org.apache.catalina.core.ApplicationFilterChain.doFilter(ApplicationFilterChain.java:150)
	at org.springframework.web.filter.CharacterEncodingFilter.doFilterInternal(CharacterEncodingFilter.java:201)
	at org.springframework.web.filter.OncePerRequestFilter.doFilter(OncePerRequestFilter.java:116)
	at org.apache.catalina.core.ApplicationFilterChain.internalDoFilter(ApplicationFilterChain.java:175)
	at org.apache.catalina.core.ApplicationFilterChain.doFilter(ApplicationFilterChain.java:150)
	at org.apache.catalina.core.StandardWrapperValve.invoke(StandardWrapperValve.java:167)
	at org.apache.catalina.core.StandardContextValve.invoke(StandardContextValve.java:90)
	at org.apache.catalina.authenticator.AuthenticatorBase.invoke(AuthenticatorBase.java:482)
	at org.apache.catalina.core.StandardHostValve.invoke(StandardHostValve.java:115)
	at org.apache.catalina.valves.ErrorReportValve.invoke(ErrorReportValve.java:93)
	at org.apache.catalina.core.StandardEngineValve.invoke(StandardEngineValve.java:74)
	at org.apache.catalina.connector.CoyoteAdapter.service(CoyoteAdapter.java:344)
	at org.apache.coyote.http11.Http11Processor.service(Http11Processor.java:391)
	at org.apache.coyote.AbstractProcessorLight.process(AbstractProcessorLight.java:63)
	at org.apache.coyote.AbstractProtocol$ConnectionHandler.process(AbstractProtocol.java:896)
	at org.apache.tomcat.util.net.NioEndpoint$SocketProcessor.doRun(NioEndpoint.java:1736)
	at org.apache.tomcat.util.net.SocketProcessorBase.run(SocketProcessorBase.java:52)
	at org.apache.tomcat.util.threads.ThreadPoolExecutor.runWorker(ThreadPoolExecutor.java:1191)
	at org.apache.tomcat.util.threads.ThreadPoolExecutor$Worker.run(ThreadPoolExecutor.java:659)
	at org.apache.tomcat.util.threads.TaskThread$WrappingRunnable.run(TaskThread.java:63)
	at java.base/java.lang.Thread.run(Thread.java:840)
Caused by: org.postgresql.util.PSQLException: Connection to crs-crossword-db:5435 refused. Check that the hostname and port are correct and that the postmaster is accepting TCP/IP connections.
	at org.postgresql.core.v3.ConnectionFactoryImpl.openConnectionImpl(ConnectionFactoryImpl.java:352)
	at org.postgresql.core.ConnectionFactory.openConnection(ConnectionFactory.java:54)
	at org.postgresql.jdbc.PgConnection.<init>(PgConnection.java:273)
	at org.postgresql.Driver.makeConnection(Driver.java:446)
	at org.postgresql.Driver.connect(Driver.java:298)
	at java.sql/java.sql.DriverManager.getConnection(DriverManager.java:681)
	at java.sql/java.sql.DriverManager.getConnection(DriverManager.java:190)
	at org.springframework.jdbc.datasource.DriverManagerDataSource.getConnectionFromDriverManager(DriverManagerDataSource.java:155)
	at org.springframework.jdbc.datasource.DriverManagerDataSource.getConnectionFromDriver(DriverManagerDataSource.java:146)
	at org.springframework.jdbc.datasource.AbstractDriverBasedDataSource.getConnectionFromDriver(AbstractDriverBasedDataSource.java:205)
	at org.springframework.jdbc.datasource.AbstractDriverBasedDataSource.getConnection(AbstractDriverBasedDataSource.java:169)
	at org.springframework.jdbc.datasource.DataSourceUtils.fetchConnection(DataSourceUtils.java:160)
	at org.springframework.jdbc.datasource.DataSourceUtils.doGetConnection(DataSourceUtils.java:118)
	at org.springframework.jdbc.datasource.DataSourceUtils.getConnection(DataSourceUtils.java:81)
	... 80 common frames omitted
Caused by: java.net.ConnectException: Connection refused
	at java.base/sun.nio.ch.Net.pollConnect(Native Method)
	at java.base/sun.nio.ch.Net.pollConnectNow(Net.java:684)
	at java.base/sun.nio.ch.NioSocketImpl.timedFinishConnect(NioSocketImpl.java:547)
	at java.base/sun.nio.ch.NioSocketImpl.connect(NioSocketImpl.java:602)
	at java.base/java.net.SocksSocketImpl.connect(SocksSocketImpl.java:327)
	at java.base/java.net.Socket.connect(Socket.java:633)
	at org.postgresql.core.PGStream.createSocket(PGStream.java:260)
	at org.postgresql.core.PGStream.<init>(PGStream.java:121)
	at org.postgresql.core.v3.ConnectionFactoryImpl.tryConnect(ConnectionFactoryImpl.java:140)
	at org.postgresql.core.v3.ConnectionFactoryImpl.openConnectionImpl(ConnectionFactoryImpl.java:268)
	... 93 common frames omitted
{
                "correlationId": "",
                "timestamp": "2026-03-22T02:44:02.939",
                "level": "WARN",
                "thread": "http-nio-8085-exec-8",
                "logger": "org.springframework.boot.actuate.jdbc.DataSourceHealthIndicator",
                "message": "DataSource health check failed"
                }org.springframework.jdbc.CannotGetJdbcConnectionException: Failed to obtain JDBC Connection
	at org.springframework.jdbc.datasource.DataSourceUtils.getConnection(DataSourceUtils.java:84)
	at org.springframework.jdbc.core.JdbcTemplate.execute(JdbcTemplate.java:342)
	at org.springframework.boot.actuate.jdbc.DataSourceHealthIndicator.getProduct(DataSourceHealthIndicator.java:122)
	at org.springframework.boot.actuate.jdbc.DataSourceHealthIndicator.doDataSourceHealthCheck(DataSourceHealthIndicator.java:105)
	at org.springframework.boot.actuate.jdbc.DataSourceHealthIndicator.doHealthCheck(DataSourceHealthIndicator.java:100)
	at org.springframework.boot.actuate.health.AbstractHealthIndicator.health(AbstractHealthIndicator.java:82)
	at org.springframework.boot.actuate.health.HealthIndicator.getHealth(HealthIndicator.java:37)
	at org.springframework.boot.actuate.health.HealthEndpointWebExtension.getHealth(HealthEndpointWebExtension.java:94)
	at org.springframework.boot.actuate.health.HealthEndpointWebExtension.getHealth(HealthEndpointWebExtension.java:47)
	at org.springframework.boot.actuate.health.HealthEndpointSupport.getLoggedHealth(HealthEndpointSupport.java:172)
	at org.springframework.boot.actuate.health.HealthEndpointSupport.getContribution(HealthEndpointSupport.java:145)
	at org.springframework.boot.actuate.health.HealthEndpointSupport.getAggregateContribution(HealthEndpointSupport.java:156)
	at org.springframework.boot.actuate.health.HealthEndpointSupport.getContribution(HealthEndpointSupport.java:141)
	at org.springframework.boot.actuate.health.HealthEndpointSupport.getHealth(HealthEndpointSupport.java:110)
	at org.springframework.boot.actuate.health.HealthEndpointSupport.getHealth(HealthEndpointSupport.java:81)
	at org.springframework.boot.actuate.health.HealthEndpointWebExtension.health(HealthEndpointWebExtension.java:80)
	at org.springframework.boot.actuate.health.HealthEndpointWebExtension.health(HealthEndpointWebExtension.java:69)
	at java.base/jdk.internal.reflect.NativeMethodAccessorImpl.invoke0(Native Method)
	at java.base/jdk.internal.reflect.NativeMethodAccessorImpl.invoke(NativeMethodAccessorImpl.java:77)
	at java.base/jdk.internal.reflect.DelegatingMethodAccessorImpl.invoke(DelegatingMethodAccessorImpl.java:43)
	at java.base/java.lang.reflect.Method.invoke(Method.java:569)
	at org.springframework.util.ReflectionUtils.invokeMethod(ReflectionUtils.java:281)
	at org.springframework.boot.actuate.endpoint.invoke.reflect.ReflectiveOperationInvoker.invoke(ReflectiveOperationInvoker.java:74)
	at org.springframework.boot.actuate.endpoint.annotation.AbstractDiscoveredOperation.invoke(AbstractDiscoveredOperation.java:60)
	at org.springframework.boot.actuate.endpoint.web.servlet.AbstractWebMvcEndpointHandlerMapping$ServletWebOperationAdapter.handle(AbstractWebMvcEndpointHandlerMapping.java:327)
	at org.springframework.boot.actuate.endpoint.web.servlet.AbstractWebMvcEndpointHandlerMapping$OperationHandler.handle(AbstractWebMvcEndpointHandlerMapping.java:434)
	at java.base/jdk.internal.reflect.NativeMethodAccessorImpl.invoke0(Native Method)
	at java.base/jdk.internal.reflect.NativeMethodAccessorImpl.invoke(NativeMethodAccessorImpl.java:77)
	at java.base/jdk.internal.reflect.DelegatingMethodAccessorImpl.invoke(DelegatingMethodAccessorImpl.java:43)
	at java.base/java.lang.reflect.Method.invoke(Method.java:569)
	at org.springframework.web.method.support.InvocableHandlerMethod.doInvoke(InvocableHandlerMethod.java:255)
	at org.springframework.web.method.support.InvocableHandlerMethod.invokeForRequest(InvocableHandlerMethod.java:188)
	at org.springframework.web.servlet.mvc.method.annotation.ServletInvocableHandlerMethod.invokeAndHandle(ServletInvocableHandlerMethod.java:118)
	at org.springframework.web.servlet.mvc.method.annotation.RequestMappingHandlerAdapter.invokeHandlerMethod(RequestMappingHandlerAdapter.java:926)
	at org.springframework.web.servlet.mvc.method.annotation.RequestMappingHandlerAdapter.handleInternal(RequestMappingHandlerAdapter.java:831)
	at org.springframework.web.servlet.mvc.method.AbstractHandlerMethodAdapter.handle(AbstractHandlerMethodAdapter.java:87)
	at org.springframework.web.servlet.DispatcherServlet.doDispatch(DispatcherServlet.java:1089)
	at org.springframework.web.servlet.DispatcherServlet.doService(DispatcherServlet.java:979)
	at org.springframework.web.servlet.FrameworkServlet.processRequest(FrameworkServlet.java:1014)
	at org.springframework.web.servlet.FrameworkServlet.doGet(FrameworkServlet.java:903)
	at jakarta.servlet.http.HttpServlet.doHead(HttpServlet.java:211)
	at jakarta.servlet.http.HttpServlet.service(HttpServlet.java:587)
	at org.springframework.web.servlet.FrameworkServlet.service(FrameworkServlet.java:885)
	at jakarta.servlet.http.HttpServlet.service(HttpServlet.java:658)
	at org.apache.catalina.core.ApplicationFilterChain.internalDoFilter(ApplicationFilterChain.java:206)
	at org.apache.catalina.core.ApplicationFilterChain.doFilter(ApplicationFilterChain.java:150)
	at org.apache.tomcat.websocket.server.WsFilter.doFilter(WsFilter.java:51)
	at org.apache.catalina.core.ApplicationFilterChain.internalDoFilter(ApplicationFilterChain.java:175)
	at org.apache.catalina.core.ApplicationFilterChain.doFilter(ApplicationFilterChain.java:150)
	at org.springframework.web.filter.RequestContextFilter.doFilterInternal(RequestContextFilter.java:100)
	at org.springframework.web.filter.OncePerRequestFilter.doFilter(OncePerRequestFilter.java:116)
	at org.apache.catalina.core.ApplicationFilterChain.internalDoFilter(ApplicationFilterChain.java:175)
	at org.apache.catalina.core.ApplicationFilterChain.doFilter(ApplicationFilterChain.java:150)
	at org.springframework.web.filter.FormContentFilter.doFilterInternal(FormContentFilter.java:93)
	at org.springframework.web.filter.OncePerRequestFilter.doFilter(OncePerRequestFilter.java:116)
	at org.apache.catalina.core.ApplicationFilterChain.internalDoFilter(ApplicationFilterChain.java:175)
	at org.apache.catalina.core.ApplicationFilterChain.doFilter(ApplicationFilterChain.java:150)
	at org.springframework.web.filter.ServerHttpObservationFilter.doFilterInternal(ServerHttpObservationFilter.java:109)
	at org.springframework.web.filter.OncePerRequestFilter.doFilter(OncePerRequestFilter.java:116)
	at org.apache.catalina.core.ApplicationFilterChain.internalDoFilter(ApplicationFilterChain.java:175)
	at org.apache.catalina.core.ApplicationFilterChain.doFilter(ApplicationFilterChain.java:150)
	at org.springframework.web.filter.CharacterEncodingFilter.doFilterInternal(CharacterEncodingFilter.java:201)
	at org.springframework.web.filter.OncePerRequestFilter.doFilter(OncePerRequestFilter.java:116)
	at org.apache.catalina.core.ApplicationFilterChain.internalDoFilter(ApplicationFilterChain.java:175)
	at org.apache.catalina.core.ApplicationFilterChain.doFilter(ApplicationFilterChain.java:150)
	at org.apache.catalina.core.StandardWrapperValve.invoke(StandardWrapperValve.java:167)
	at org.apache.catalina.core.StandardContextValve.invoke(StandardContextValve.java:90)
	at org.apache.catalina.authenticator.AuthenticatorBase.invoke(AuthenticatorBase.java:482)
	at org.apache.catalina.core.StandardHostValve.invoke(StandardHostValve.java:115)
	at org.apache.catalina.valves.ErrorReportValve.invoke(ErrorReportValve.java:93)
	at org.apache.catalina.core.StandardEngineValve.invoke(StandardEngineValve.java:74)
	at org.apache.catalina.connector.CoyoteAdapter.service(CoyoteAdapter.java:344)
	at org.apache.coyote.http11.Http11Processor.service(Http11Processor.java:391)
	at org.apache.coyote.AbstractProcessorLight.process(AbstractProcessorLight.java:63)
	at org.apache.coyote.AbstractProtocol$ConnectionHandler.process(AbstractProtocol.java:896)
	at org.apache.tomcat.util.net.NioEndpoint$SocketProcessor.doRun(NioEndpoint.java:1736)
	at org.apache.tomcat.util.net.SocketProcessorBase.run(SocketProcessorBase.java:52)
	at org.apache.tomcat.util.threads.ThreadPoolExecutor.runWorker(ThreadPoolExecutor.java:1191)
	at org.apache.tomcat.util.threads.ThreadPoolExecutor$Worker.run(ThreadPoolExecutor.java:659)
	at org.apache.tomcat.util.threads.TaskThread$WrappingRunnable.run(TaskThread.java:63)
	at java.base/java.lang.Thread.run(Thread.java:840)
Caused by: org.postgresql.util.PSQLException: Connection to crs-crossword-db:5435 refused. Check that the hostname and port are correct and that the postmaster is accepting TCP/IP connections.
	at org.postgresql.core.v3.ConnectionFactoryImpl.openConnectionImpl(ConnectionFactoryImpl.java:352)
	at org.postgresql.core.ConnectionFactory.openConnection(ConnectionFactory.java:54)
	at org.postgresql.jdbc.PgConnection.<init>(PgConnection.java:273)
	at org.postgresql.Driver.makeConnection(Driver.java:446)
	at org.postgresql.Driver.connect(Driver.java:298)
	at java.sql/java.sql.DriverManager.getConnection(DriverManager.java:681)
	at java.sql/java.sql.DriverManager.getConnection(DriverManager.java:190)
	at org.springframework.jdbc.datasource.DriverManagerDataSource.getConnectionFromDriverManager(DriverManagerDataSource.java:155)
	at org.springframework.jdbc.datasource.DriverManagerDataSource.getConnectionFromDriver(DriverManagerDataSource.java:146)
	at org.springframework.jdbc.datasource.AbstractDriverBasedDataSource.getConnectionFromDriver(AbstractDriverBasedDataSource.java:205)
	at org.springframework.jdbc.datasource.AbstractDriverBasedDataSource.getConnection(AbstractDriverBasedDataSource.java:169)
	at org.springframework.jdbc.datasource.DataSourceUtils.fetchConnection(DataSourceUtils.java:160)
	at org.springframework.jdbc.datasource.DataSourceUtils.doGetConnection(DataSourceUtils.java:118)
	at org.springframework.jdbc.datasource.DataSourceUtils.getConnection(DataSourceUtils.java:81)
	... 80 common frames omitted
Caused by: java.net.ConnectException: Connection refused
	at java.base/sun.nio.ch.Net.pollConnect(Native Method)
	at java.base/sun.nio.ch.Net.pollConnectNow(Net.java:684)
	at java.base/sun.nio.ch.NioSocketImpl.timedFinishConnect(NioSocketImpl.java:547)
	at java.base/sun.nio.ch.NioSocketImpl.connect(NioSocketImpl.java:602)
	at java.base/java.net.SocksSocketImpl.connect(SocksSocketImpl.java:327)
	at java.base/java.net.Socket.connect(Socket.java:633)
	at org.postgresql.core.PGStream.createSocket(PGStream.java:260)
	at org.postgresql.core.PGStream.<init>(PGStream.java:121)
	at org.postgresql.core.v3.ConnectionFactoryImpl.tryConnect(ConnectionFactoryImpl.java:140)
	at org.postgresql.core.v3.ConnectionFactoryImpl.openConnectionImpl(ConnectionFactoryImpl.java:268)
	... 93 common frames omitted
{
                "correlationId": "",
                "timestamp": "2026-03-22T02:44:07.985",
                "level": "WARN",
                "thread": "http-nio-8085-exec-10",
                "logger": "org.springframework.boot.actuate.jdbc.DataSourceHealthIndicator",
                "message": "DataSource health check failed"
                }org.springframework.jdbc.CannotGetJdbcConnectionException: Failed to obtain JDBC Connection
	at org.springframework.jdbc.datasource.DataSourceUtils.getConnection(DataSourceUtils.java:84)
	at org.springframework.jdbc.core.JdbcTemplate.execute(JdbcTemplate.java:342)
	at org.springframework.boot.actuate.jdbc.DataSourceHealthIndicator.getProduct(DataSourceHealthIndicator.java:122)
	at org.springframework.boot.actuate.jdbc.DataSourceHealthIndicator.doDataSourceHealthCheck(DataSourceHealthIndicator.java:105)
	at org.springframework.boot.actuate.jdbc.DataSourceHealthIndicator.doHealthCheck(DataSourceHealthIndicator.java:100)
	at org.springframework.boot.actuate.health.AbstractHealthIndicator.health(AbstractHealthIndicator.java:82)
	at org.springframework.boot.actuate.health.HealthIndicator.getHealth(HealthIndicator.java:37)
	at org.springframework.boot.actuate.health.HealthEndpointWebExtension.getHealth(HealthEndpointWebExtension.java:94)
	at org.springframework.boot.actuate.health.HealthEndpointWebExtension.getHealth(HealthEndpointWebExtension.java:47)
	at org.springframework.boot.actuate.health.HealthEndpointSupport.getLoggedHealth(HealthEndpointSupport.java:172)
	at org.springframework.boot.actuate.health.HealthEndpointSupport.getContribution(HealthEndpointSupport.java:145)
	at org.springframework.boot.actuate.health.HealthEndpointSupport.getAggregateContribution(HealthEndpointSupport.java:156)
	at org.springframework.boot.actuate.health.HealthEndpointSupport.getContribution(HealthEndpointSupport.java:141)
	at org.springframework.boot.actuate.health.HealthEndpointSupport.getHealth(HealthEndpointSupport.java:110)
	at org.springframework.boot.actuate.health.HealthEndpointSupport.getHealth(HealthEndpointSupport.java:81)
	at org.springframework.boot.actuate.health.HealthEndpointWebExtension.health(HealthEndpointWebExtension.java:80)
	at org.springframework.boot.actuate.health.HealthEndpointWebExtension.health(HealthEndpointWebExtension.java:69)
	at java.base/jdk.internal.reflect.NativeMethodAccessorImpl.invoke0(Native Method)
	at java.base/jdk.internal.reflect.NativeMethodAccessorImpl.invoke(NativeMethodAccessorImpl.java:77)
	at java.base/jdk.internal.reflect.DelegatingMethodAccessorImpl.invoke(DelegatingMethodAccessorImpl.java:43)
	at java.base/java.lang.reflect.Method.invoke(Method.java:569)
	at org.springframework.util.ReflectionUtils.invokeMethod(ReflectionUtils.java:281)
	at org.springframework.boot.actuate.endpoint.invoke.reflect.ReflectiveOperationInvoker.invoke(ReflectiveOperationInvoker.java:74)
	at org.springframework.boot.actuate.endpoint.annotation.AbstractDiscoveredOperation.invoke(AbstractDiscoveredOperation.java:60)
	at org.springframework.boot.actuate.endpoint.web.servlet.AbstractWebMvcEndpointHandlerMapping$ServletWebOperationAdapter.handle(AbstractWebMvcEndpointHandlerMapping.java:327)
	at org.springframework.boot.actuate.endpoint.web.servlet.AbstractWebMvcEndpointHandlerMapping$OperationHandler.handle(AbstractWebMvcEndpointHandlerMapping.java:434)
	at java.base/jdk.internal.reflect.NativeMethodAccessorImpl.invoke0(Native Method)
	at java.base/jdk.internal.reflect.NativeMethodAccessorImpl.invoke(NativeMethodAccessorImpl.java:77)
	at java.base/jdk.internal.reflect.DelegatingMethodAccessorImpl.invoke(DelegatingMethodAccessorImpl.java:43)
	at java.base/java.lang.reflect.Method.invoke(Method.java:569)
	at org.springframework.web.method.support.InvocableHandlerMethod.doInvoke(InvocableHandlerMethod.java:255)
	at org.springframework.web.method.support.InvocableHandlerMethod.invokeForRequest(InvocableHandlerMethod.java:188)
	at org.springframework.web.servlet.mvc.method.annotation.ServletInvocableHandlerMethod.invokeAndHandle(ServletInvocableHandlerMethod.java:118)
	at org.springframework.web.servlet.mvc.method.annotation.RequestMappingHandlerAdapter.invokeHandlerMethod(RequestMappingHandlerAdapter.java:926)
	at org.springframework.web.servlet.mvc.method.annotation.RequestMappingHandlerAdapter.handleInternal(RequestMappingHandlerAdapter.java:831)
	at org.springframework.web.servlet.mvc.method.AbstractHandlerMethodAdapter.handle(AbstractHandlerMethodAdapter.java:87)
	at org.springframework.web.servlet.DispatcherServlet.doDispatch(DispatcherServlet.java:1089)
	at org.springframework.web.servlet.DispatcherServlet.doService(DispatcherServlet.java:979)
	at org.springframework.web.servlet.FrameworkServlet.processRequest(FrameworkServlet.java:1014)
	at org.springframework.web.servlet.FrameworkServlet.doGet(FrameworkServlet.java:903)
	at jakarta.servlet.http.HttpServlet.doHead(HttpServlet.java:211)
	at jakarta.servlet.http.HttpServlet.service(HttpServlet.java:587)
	at org.springframework.web.servlet.FrameworkServlet.service(FrameworkServlet.java:885)
	at jakarta.servlet.http.HttpServlet.service(HttpServlet.java:658)
	at org.apache.catalina.core.ApplicationFilterChain.internalDoFilter(ApplicationFilterChain.java:206)
	at org.apache.catalina.core.ApplicationFilterChain.doFilter(ApplicationFilterChain.java:150)
	at org.apache.tomcat.websocket.server.WsFilter.doFilter(WsFilter.java:51)
	at org.apache.catalina.core.ApplicationFilterChain.internalDoFilter(ApplicationFilterChain.java:175)
	at org.apache.catalina.core.ApplicationFilterChain.doFilter(ApplicationFilterChain.java:150)
	at org.springframework.web.filter.RequestContextFilter.doFilterInternal(RequestContextFilter.java:100)
	at org.springframework.web.filter.OncePerRequestFilter.doFilter(OncePerRequestFilter.java:116)
	at org.apache.catalina.core.ApplicationFilterChain.internalDoFilter(ApplicationFilterChain.java:175)
	at org.apache.catalina.core.ApplicationFilterChain.doFilter(ApplicationFilterChain.java:150)
	at org.springframework.web.filter.FormContentFilter.doFilterInternal(FormContentFilter.java:93)
	at org.springframework.web.filter.OncePerRequestFilter.doFilter(OncePerRequestFilter.java:116)
	at org.apache.catalina.core.ApplicationFilterChain.internalDoFilter(ApplicationFilterChain.java:175)
	at org.apache.catalina.core.ApplicationFilterChain.doFilter(ApplicationFilterChain.java:150)
	at org.springframework.web.filter.ServerHttpObservationFilter.doFilterInternal(ServerHttpObservationFilter.java:109)
	at org.springframework.web.filter.OncePerRequestFilter.doFilter(OncePerRequestFilter.java:116)
	at org.apache.catalina.core.ApplicationFilterChain.internalDoFilter(ApplicationFilterChain.java:175)
	at org.apache.catalina.core.ApplicationFilterChain.doFilter(ApplicationFilterChain.java:150)
	at org.springframework.web.filter.CharacterEncodingFilter.doFilterInternal(CharacterEncodingFilter.java:201)
	at org.springframework.web.filter.OncePerRequestFilter.doFilter(OncePerRequestFilter.java:116)
	at org.apache.catalina.core.ApplicationFilterChain.internalDoFilter(ApplicationFilterChain.java:175)
	at org.apache.catalina.core.ApplicationFilterChain.doFilter(ApplicationFilterChain.java:150)
	at org.apache.catalina.core.StandardWrapperValve.invoke(StandardWrapperValve.java:167)
	at org.apache.catalina.core.StandardContextValve.invoke(StandardContextValve.java:90)
	at org.apache.catalina.authenticator.AuthenticatorBase.invoke(AuthenticatorBase.java:482)
	at org.apache.catalina.core.StandardHostValve.invoke(StandardHostValve.java:115)
	at org.apache.catalina.valves.ErrorReportValve.invoke(ErrorReportValve.java:93)
	at org.apache.catalina.core.StandardEngineValve.invoke(StandardEngineValve.java:74)
	at org.apache.catalina.connector.CoyoteAdapter.service(CoyoteAdapter.java:344)
	at org.apache.coyote.http11.Http11Processor.service(Http11Processor.java:391)
	at org.apache.coyote.AbstractProcessorLight.process(AbstractProcessorLight.java:63)
	at org.apache.coyote.AbstractProtocol$ConnectionHandler.process(AbstractProtocol.java:896)
	at org.apache.tomcat.util.net.NioEndpoint$SocketProcessor.doRun(NioEndpoint.java:1736)
	at org.apache.tomcat.util.net.SocketProcessorBase.run(SocketProcessorBase.java:52)
	at org.apache.tomcat.util.threads.ThreadPoolExecutor.runWorker(ThreadPoolExecutor.java:1191)
	at org.apache.tomcat.util.threads.ThreadPoolExecutor$Worker.run(ThreadPoolExecutor.java:659)
	at org.apache.tomcat.util.threads.TaskThread$WrappingRunnable.run(TaskThread.java:63)
	at java.base/java.lang.Thread.run(Thread.java:840)
Caused by: org.postgresql.util.PSQLException: Connection to crs-crossword-db:5435 refused. Check that the hostname and port are correct and that the postmaster is accepting TCP/IP connections.
	at org.postgresql.core.v3.ConnectionFactoryImpl.openConnectionImpl(ConnectionFactoryImpl.java:352)
	at org.postgresql.core.ConnectionFactory.openConnection(ConnectionFactory.java:54)
	at org.postgresql.jdbc.PgConnection.<init>(PgConnection.java:273)
	at org.postgresql.Driver.makeConnection(Driver.java:446)
	at org.postgresql.Driver.connect(Driver.java:298)
	at java.sql/java.sql.DriverManager.getConnection(DriverManager.java:681)
	at java.sql/java.sql.DriverManager.getConnection(DriverManager.java:190)
	at org.springframework.jdbc.datasource.DriverManagerDataSource.getConnectionFromDriverManager(DriverManagerDataSource.java:155)
	at org.springframework.jdbc.datasource.DriverManagerDataSource.getConnectionFromDriver(DriverManagerDataSource.java:146)
	at org.springframework.jdbc.datasource.AbstractDriverBasedDataSource.getConnectionFromDriver(AbstractDriverBasedDataSource.java:205)
	at org.springframework.jdbc.datasource.AbstractDriverBasedDataSource.getConnection(AbstractDriverBasedDataSource.java:169)
	at org.springframework.jdbc.datasource.DataSourceUtils.fetchConnection(DataSourceUtils.java:160)
	at org.springframework.jdbc.datasource.DataSourceUtils.doGetConnection(DataSourceUtils.java:118)
	at org.springframework.jdbc.datasource.DataSourceUtils.getConnection(DataSourceUtils.java:81)
	... 80 common frames omitted
Caused by: java.net.ConnectException: Connection refused
	at java.base/sun.nio.ch.Net.pollConnect(Native Method)
	at java.base/sun.nio.ch.Net.pollConnectNow(Net.java:684)
	at java.base/sun.nio.ch.NioSocketImpl.timedFinishConnect(NioSocketImpl.java:547)
	at java.base/sun.nio.ch.NioSocketImpl.connect(NioSocketImpl.java:602)
	at java.base/java.net.SocksSocketImpl.connect(SocksSocketImpl.java:327)
	at java.base/java.net.Socket.connect(Socket.java:633)
	at org.postgresql.core.PGStream.createSocket(PGStream.java:260)
	at org.postgresql.core.PGStream.<init>(PGStream.java:121)
	at org.postgresql.core.v3.ConnectionFactoryImpl.tryConnect(ConnectionFactoryImpl.java:140)
	at org.postgresql.core.v3.ConnectionFactoryImpl.openConnectionImpl(ConnectionFactoryImpl.java:268)
	... 93 common frames omitted
{
                "correlationId": "",
                "timestamp": "2026-03-22T02:44:13.031",
                "level": "WARN",
                "thread": "http-nio-8085-exec-3",
                "logger": "org.springframework.boot.actuate.jdbc.DataSourceHealthIndicator",
                "message": "DataSource health check failed"
                }org.springframework.jdbc.CannotGetJdbcConnectionException: Failed to obtain JDBC Connection
	at org.springframework.jdbc.datasource.DataSourceUtils.getConnection(DataSourceUtils.java:84)
	at org.springframework.jdbc.core.JdbcTemplate.execute(JdbcTemplate.java:342)
	at org.springframework.boot.actuate.jdbc.DataSourceHealthIndicator.getProduct(DataSourceHealthIndicator.java:122)
	at org.springframework.boot.actuate.jdbc.DataSourceHealthIndicator.doDataSourceHealthCheck(DataSourceHealthIndicator.java:105)
	at org.springframework.boot.actuate.jdbc.DataSourceHealthIndicator.doHealthCheck(DataSourceHealthIndicator.java:100)
	at org.springframework.boot.actuate.health.AbstractHealthIndicator.health(AbstractHealthIndicator.java:82)
	at org.springframework.boot.actuate.health.HealthIndicator.getHealth(HealthIndicator.java:37)
	at org.springframework.boot.actuate.health.HealthEndpointWebExtension.getHealth(HealthEndpointWebExtension.java:94)
	at org.springframework.boot.actuate.health.HealthEndpointWebExtension.getHealth(HealthEndpointWebExtension.java:47)
	at org.springframework.boot.actuate.health.HealthEndpointSupport.getLoggedHealth(HealthEndpointSupport.java:172)
	at org.springframework.boot.actuate.health.HealthEndpointSupport.getContribution(HealthEndpointSupport.java:145)
	at org.springframework.boot.actuate.health.HealthEndpointSupport.getAggregateContribution(HealthEndpointSupport.java:156)
	at org.springframework.boot.actuate.health.HealthEndpointSupport.getContribution(HealthEndpointSupport.java:141)
	at org.springframework.boot.actuate.health.HealthEndpointSupport.getHealth(HealthEndpointSupport.java:110)
	at org.springframework.boot.actuate.health.HealthEndpointSupport.getHealth(HealthEndpointSupport.java:81)
	at org.springframework.boot.actuate.health.HealthEndpointWebExtension.health(HealthEndpointWebExtension.java:80)
	at org.springframework.boot.actuate.health.HealthEndpointWebExtension.health(HealthEndpointWebExtension.java:69)
	at java.base/jdk.internal.reflect.NativeMethodAccessorImpl.invoke0(Native Method)
	at java.base/jdk.internal.reflect.NativeMethodAccessorImpl.invoke(NativeMethodAccessorImpl.java:77)
	at java.base/jdk.internal.reflect.DelegatingMethodAccessorImpl.invoke(DelegatingMethodAccessorImpl.java:43)
	at java.base/java.lang.reflect.Method.invoke(Method.java:569)
	at org.springframework.util.ReflectionUtils.invokeMethod(ReflectionUtils.java:281)
	at org.springframework.boot.actuate.endpoint.invoke.reflect.ReflectiveOperationInvoker.invoke(ReflectiveOperationInvoker.java:74)
	at org.springframework.boot.actuate.endpoint.annotation.AbstractDiscoveredOperation.invoke(AbstractDiscoveredOperation.java:60)
	at org.springframework.boot.actuate.endpoint.web.servlet.AbstractWebMvcEndpointHandlerMapping$ServletWebOperationAdapter.handle(AbstractWebMvcEndpointHandlerMapping.java:327)
	at org.springframework.boot.actuate.endpoint.web.servlet.AbstractWebMvcEndpointHandlerMapping$OperationHandler.handle(AbstractWebMvcEndpointHandlerMapping.java:434)
	at java.base/jdk.internal.reflect.NativeMethodAccessorImpl.invoke0(Native Method)
	at java.base/jdk.internal.reflect.NativeMethodAccessorImpl.invoke(NativeMethodAccessorImpl.java:77)
	at java.base/jdk.internal.reflect.DelegatingMethodAccessorImpl.invoke(DelegatingMethodAccessorImpl.java:43)
	at java.base/java.lang.reflect.Method.invoke(Method.java:569)
	at org.springframework.web.method.support.InvocableHandlerMethod.doInvoke(InvocableHandlerMethod.java:255)
	at org.springframework.web.method.support.InvocableHandlerMethod.invokeForRequest(InvocableHandlerMethod.java:188)
	at org.springframework.web.servlet.mvc.method.annotation.ServletInvocableHandlerMethod.invokeAndHandle(ServletInvocableHandlerMethod.java:118)
	at org.springframework.web.servlet.mvc.method.annotation.RequestMappingHandlerAdapter.invokeHandlerMethod(RequestMappingHandlerAdapter.java:926)
	at org.springframework.web.servlet.mvc.method.annotation.RequestMappingHandlerAdapter.handleInternal(RequestMappingHandlerAdapter.java:831)
	at org.springframework.web.servlet.mvc.method.AbstractHandlerMethodAdapter.handle(AbstractHandlerMethodAdapter.java:87)
	at org.springframework.web.servlet.DispatcherServlet.doDispatch(DispatcherServlet.java:1089)
	at org.springframework.web.servlet.DispatcherServlet.doService(DispatcherServlet.java:979)
	at org.springframework.web.servlet.FrameworkServlet.processRequest(FrameworkServlet.java:1014)
	at org.springframework.web.servlet.FrameworkServlet.doGet(FrameworkServlet.java:903)
	at jakarta.servlet.http.HttpServlet.doHead(HttpServlet.java:211)
	at jakarta.servlet.http.HttpServlet.service(HttpServlet.java:587)
	at org.springframework.web.servlet.FrameworkServlet.service(FrameworkServlet.java:885)
	at jakarta.servlet.http.HttpServlet.service(HttpServlet.java:658)
	at org.apache.catalina.core.ApplicationFilterChain.internalDoFilter(ApplicationFilterChain.java:206)
	at org.apache.catalina.core.ApplicationFilterChain.doFilter(ApplicationFilterChain.java:150)
	at org.apache.tomcat.websocket.server.WsFilter.doFilter(WsFilter.java:51)
	at org.apache.catalina.core.ApplicationFilterChain.internalDoFilter(ApplicationFilterChain.java:175)
	at org.apache.catalina.core.ApplicationFilterChain.doFilter(ApplicationFilterChain.java:150)
	at org.springframework.web.filter.RequestContextFilter.doFilterInternal(RequestContextFilter.java:100)
	at org.springframework.web.filter.OncePerRequestFilter.doFilter(OncePerRequestFilter.java:116)
	at org.apache.catalina.core.ApplicationFilterChain.internalDoFilter(ApplicationFilterChain.java:175)
	at org.apache.catalina.core.ApplicationFilterChain.doFilter(ApplicationFilterChain.java:150)
	at org.springframework.web.filter.FormContentFilter.doFilterInternal(FormContentFilter.java:93)
	at org.springframework.web.filter.OncePerRequestFilter.doFilter(OncePerRequestFilter.java:116)
	at org.apache.catalina.core.ApplicationFilterChain.internalDoFilter(ApplicationFilterChain.java:175)
	at org.apache.catalina.core.ApplicationFilterChain.doFilter(ApplicationFilterChain.java:150)
	at org.springframework.web.filter.ServerHttpObservationFilter.doFilterInternal(ServerHttpObservationFilter.java:109)
	at org.springframework.web.filter.OncePerRequestFilter.doFilter(OncePerRequestFilter.java:116)
	at org.apache.catalina.core.ApplicationFilterChain.internalDoFilter(ApplicationFilterChain.java:175)
	at org.apache.catalina.core.ApplicationFilterChain.doFilter(ApplicationFilterChain.java:150)
	at org.springframework.web.filter.CharacterEncodingFilter.doFilterInternal(CharacterEncodingFilter.java:201)
	at org.springframework.web.filter.OncePerRequestFilter.doFilter(OncePerRequestFilter.java:116)
	at org.apache.catalina.core.ApplicationFilterChain.internalDoFilter(ApplicationFilterChain.java:175)
	at org.apache.catalina.core.ApplicationFilterChain.doFilter(ApplicationFilterChain.java:150)
	at org.apache.catalina.core.StandardWrapperValve.invoke(StandardWrapperValve.java:167)
	at org.apache.catalina.core.StandardContextValve.invoke(StandardContextValve.java:90)
	at org.apache.catalina.authenticator.AuthenticatorBase.invoke(AuthenticatorBase.java:482)
	at org.apache.catalina.core.StandardHostValve.invoke(StandardHostValve.java:115)
	at org.apache.catalina.valves.ErrorReportValve.invoke(ErrorReportValve.java:93)
	at org.apache.catalina.core.StandardEngineValve.invoke(StandardEngineValve.java:74)
	at org.apache.catalina.connector.CoyoteAdapter.service(CoyoteAdapter.java:344)
	at org.apache.coyote.http11.Http11Processor.service(Http11Processor.java:391)
	at org.apache.coyote.AbstractProcessorLight.process(AbstractProcessorLight.java:63)
	at org.apache.coyote.AbstractProtocol$ConnectionHandler.process(AbstractProtocol.java:896)
	at org.apache.tomcat.util.net.NioEndpoint$SocketProcessor.doRun(NioEndpoint.java:1736)
	at org.apache.tomcat.util.net.SocketProcessorBase.run(SocketProcessorBase.java:52)
	at org.apache.tomcat.util.threads.ThreadPoolExecutor.runWorker(ThreadPoolExecutor.java:1191)
	at org.apache.tomcat.util.threads.ThreadPoolExecutor$Worker.run(ThreadPoolExecutor.java:659)
	at org.apache.tomcat.util.threads.TaskThread$WrappingRunnable.run(TaskThread.java:63)
	at java.base/java.lang.Thread.run(Thread.java:840)
Caused by: org.postgresql.util.PSQLException: Connection to crs-crossword-db:5435 refused. Check that the hostname and port are correct and that the postmaster is accepting TCP/IP connections.
	at org.postgresql.core.v3.ConnectionFactoryImpl.openConnectionImpl(ConnectionFactoryImpl.java:352)
	at org.postgresql.core.ConnectionFactory.openConnection(ConnectionFactory.java:54)
	at org.postgresql.jdbc.PgConnection.<init>(PgConnection.java:273)
	at org.postgresql.Driver.makeConnection(Driver.java:446)
	at org.postgresql.Driver.connect(Driver.java:298)
	at java.sql/java.sql.DriverManager.getConnection(DriverManager.java:681)
	at java.sql/java.sql.DriverManager.getConnection(DriverManager.java:190)
	at org.springframework.jdbc.datasource.DriverManagerDataSource.getConnectionFromDriverManager(DriverManagerDataSource.java:155)
	at org.springframework.jdbc.datasource.DriverManagerDataSource.getConnectionFromDriver(DriverManagerDataSource.java:146)
	at org.springframework.jdbc.datasource.AbstractDriverBasedDataSource.getConnectionFromDriver(AbstractDriverBasedDataSource.java:205)
	at org.springframework.jdbc.datasource.AbstractDriverBasedDataSource.getConnection(AbstractDriverBasedDataSource.java:169)
	at org.springframework.jdbc.datasource.DataSourceUtils.fetchConnection(DataSourceUtils.java:160)
	at org.springframework.jdbc.datasource.DataSourceUtils.doGetConnection(DataSourceUtils.java:118)
	at org.springframework.jdbc.datasource.DataSourceUtils.getConnection(DataSourceUtils.java:81)
	... 80 common frames omitted
Caused by: java.net.ConnectException: Connection refused
	at java.base/sun.nio.ch.Net.pollConnect(Native Method)
	at java.base/sun.nio.ch.Net.pollConnectNow(Net.java:684)
	at java.base/sun.nio.ch.NioSocketImpl.timedFinishConnect(NioSocketImpl.java:547)
	at java.base/sun.nio.ch.NioSocketImpl.connect(NioSocketImpl.java:602)
	at java.base/java.net.SocksSocketImpl.connect(SocksSocketImpl.java:327)
	at java.base/java.net.Socket.connect(Socket.java:633)
	at org.postgresql.core.PGStream.createSocket(PGStream.java:260)
	at org.postgresql.core.PGStream.<init>(PGStream.java:121)
	at org.postgresql.core.v3.ConnectionFactoryImpl.tryConnect(ConnectionFactoryImpl.java:140)
	at org.postgresql.core.v3.ConnectionFactoryImpl.openConnectionImpl(ConnectionFactoryImpl.java:268)
	... 93 common frames omitted
{
                "correlationId": "",
                "timestamp": "2026-03-22T02:44:18.072",
                "level": "WARN",
                "thread": "http-nio-8085-exec-6",
                "logger": "org.springframework.boot.actuate.jdbc.DataSourceHealthIndicator",
                "message": "DataSource health check failed"
                }org.springframework.jdbc.CannotGetJdbcConnectionException: Failed to obtain JDBC Connection
	at org.springframework.jdbc.datasource.DataSourceUtils.getConnection(DataSourceUtils.java:84)
	at org.springframework.jdbc.core.JdbcTemplate.execute(JdbcTemplate.java:342)
	at org.springframework.boot.actuate.jdbc.DataSourceHealthIndicator.getProduct(DataSourceHealthIndicator.java:122)
	at org.springframework.boot.actuate.jdbc.DataSourceHealthIndicator.doDataSourceHealthCheck(DataSourceHealthIndicator.java:105)
	at org.springframework.boot.actuate.jdbc.DataSourceHealthIndicator.doHealthCheck(DataSourceHealthIndicator.java:100)
	at org.springframework.boot.actuate.health.AbstractHealthIndicator.health(AbstractHealthIndicator.java:82)
	at org.springframework.boot.actuate.health.HealthIndicator.getHealth(HealthIndicator.java:37)
	at org.springframework.boot.actuate.health.HealthEndpointWebExtension.getHealth(HealthEndpointWebExtension.java:94)
	at org.springframework.boot.actuate.health.HealthEndpointWebExtension.getHealth(HealthEndpointWebExtension.java:47)
	at org.springframework.boot.actuate.health.HealthEndpointSupport.getLoggedHealth(HealthEndpointSupport.java:172)
	at org.springframework.boot.actuate.health.HealthEndpointSupport.getContribution(HealthEndpointSupport.java:145)
	at org.springframework.boot.actuate.health.HealthEndpointSupport.getAggregateContribution(HealthEndpointSupport.java:156)
	at org.springframework.boot.actuate.health.HealthEndpointSupport.getContribution(HealthEndpointSupport.java:141)
	at org.springframework.boot.actuate.health.HealthEndpointSupport.getHealth(HealthEndpointSupport.java:110)
	at org.springframework.boot.actuate.health.HealthEndpointSupport.getHealth(HealthEndpointSupport.java:81)
	at org.springframework.boot.actuate.health.HealthEndpointWebExtension.health(HealthEndpointWebExtension.java:80)
	at org.springframework.boot.actuate.health.HealthEndpointWebExtension.health(HealthEndpointWebExtension.java:69)
	at java.base/jdk.internal.reflect.NativeMethodAccessorImpl.invoke0(Native Method)
	at java.base/jdk.internal.reflect.NativeMethodAccessorImpl.invoke(NativeMethodAccessorImpl.java:77)
	at java.base/jdk.internal.reflect.DelegatingMethodAccessorImpl.invoke(DelegatingMethodAccessorImpl.java:43)
	at java.base/java.lang.reflect.Method.invoke(Method.java:569)
	at org.springframework.util.ReflectionUtils.invokeMethod(ReflectionUtils.java:281)
	at org.springframework.boot.actuate.endpoint.invoke.reflect.ReflectiveOperationInvoker.invoke(ReflectiveOperationInvoker.java:74)
	at org.springframework.boot.actuate.endpoint.annotation.AbstractDiscoveredOperation.invoke(AbstractDiscoveredOperation.java:60)
	at org.springframework.boot.actuate.endpoint.web.servlet.AbstractWebMvcEndpointHandlerMapping$ServletWebOperationAdapter.handle(AbstractWebMvcEndpointHandlerMapping.java:327)
	at org.springframework.boot.actuate.endpoint.web.servlet.AbstractWebMvcEndpointHandlerMapping$OperationHandler.handle(AbstractWebMvcEndpointHandlerMapping.java:434)
	at java.base/jdk.internal.reflect.NativeMethodAccessorImpl.invoke0(Native Method)
	at java.base/jdk.internal.reflect.NativeMethodAccessorImpl.invoke(NativeMethodAccessorImpl.java:77)
	at java.base/jdk.internal.reflect.DelegatingMethodAccessorImpl.invoke(DelegatingMethodAccessorImpl.java:43)
	at java.base/java.lang.reflect.Method.invoke(Method.java:569)
	at org.springframework.web.method.support.InvocableHandlerMethod.doInvoke(InvocableHandlerMethod.java:255)
	at org.springframework.web.method.support.InvocableHandlerMethod.invokeForRequest(InvocableHandlerMethod.java:188)
	at org.springframework.web.servlet.mvc.method.annotation.ServletInvocableHandlerMethod.invokeAndHandle(ServletInvocableHandlerMethod.java:118)
	at org.springframework.web.servlet.mvc.method.annotation.RequestMappingHandlerAdapter.invokeHandlerMethod(RequestMappingHandlerAdapter.java:926)
	at org.springframework.web.servlet.mvc.method.annotation.RequestMappingHandlerAdapter.handleInternal(RequestMappingHandlerAdapter.java:831)
	at org.springframework.web.servlet.mvc.method.AbstractHandlerMethodAdapter.handle(AbstractHandlerMethodAdapter.java:87)
	at org.springframework.web.servlet.DispatcherServlet.doDispatch(DispatcherServlet.java:1089)
	at org.springframework.web.servlet.DispatcherServlet.doService(DispatcherServlet.java:979)
	at org.springframework.web.servlet.FrameworkServlet.processRequest(FrameworkServlet.java:1014)
	at org.springframework.web.servlet.FrameworkServlet.doGet(FrameworkServlet.java:903)
	at jakarta.servlet.http.HttpServlet.doHead(HttpServlet.java:211)
	at jakarta.servlet.http.HttpServlet.service(HttpServlet.java:587)
	at org.springframework.web.servlet.FrameworkServlet.service(FrameworkServlet.java:885)
	at jakarta.servlet.http.HttpServlet.service(HttpServlet.java:658)
	at org.apache.catalina.core.ApplicationFilterChain.internalDoFilter(ApplicationFilterChain.java:206)
	at org.apache.catalina.core.ApplicationFilterChain.doFilter(ApplicationFilterChain.java:150)
	at org.apache.tomcat.websocket.server.WsFilter.doFilter(WsFilter.java:51)
	at org.apache.catalina.core.ApplicationFilterChain.internalDoFilter(ApplicationFilterChain.java:175)
	at org.apache.catalina.core.ApplicationFilterChain.doFilter(ApplicationFilterChain.java:150)
	at org.springframework.web.filter.RequestContextFilter.doFilterInternal(RequestContextFilter.java:100)
	at org.springframework.web.filter.OncePerRequestFilter.doFilter(OncePerRequestFilter.java:116)
	at org.apache.catalina.core.ApplicationFilterChain.internalDoFilter(ApplicationFilterChain.java:175)
	at org.apache.catalina.core.ApplicationFilterChain.doFilter(ApplicationFilterChain.java:150)
	at org.springframework.web.filter.FormContentFilter.doFilterInternal(FormContentFilter.java:93)
	at org.springframework.web.filter.OncePerRequestFilter.doFilter(OncePerRequestFilter.java:116)
	at org.apache.catalina.core.ApplicationFilterChain.internalDoFilter(ApplicationFilterChain.java:175)
	at org.apache.catalina.core.ApplicationFilterChain.doFilter(ApplicationFilterChain.java:150)
	at org.springframework.web.filter.ServerHttpObservationFilter.doFilterInternal(ServerHttpObservationFilter.java:109)
	at org.springframework.web.filter.OncePerRequestFilter.doFilter(OncePerRequestFilter.java:116)
	at org.apache.catalina.core.ApplicationFilterChain.internalDoFilter(ApplicationFilterChain.java:175)
	at org.apache.catalina.core.ApplicationFilterChain.doFilter(ApplicationFilterChain.java:150)
	at org.springframework.web.filter.CharacterEncodingFilter.doFilterInternal(CharacterEncodingFilter.java:201)
	at org.springframework.web.filter.OncePerRequestFilter.doFilter(OncePerRequestFilter.java:116)
	at org.apache.catalina.core.ApplicationFilterChain.internalDoFilter(ApplicationFilterChain.java:175)
	at org.apache.catalina.core.ApplicationFilterChain.doFilter(ApplicationFilterChain.java:150)
	at org.apache.catalina.core.StandardWrapperValve.invoke(StandardWrapperValve.java:167)
	at org.apache.catalina.core.StandardContextValve.invoke(StandardContextValve.java:90)
	at org.apache.catalina.authenticator.AuthenticatorBase.invoke(AuthenticatorBase.java:482)
	at org.apache.catalina.core.StandardHostValve.invoke(StandardHostValve.java:115)
	at org.apache.catalina.valves.ErrorReportValve.invoke(ErrorReportValve.java:93)
	at org.apache.catalina.core.StandardEngineValve.invoke(StandardEngineValve.java:74)
	at org.apache.catalina.connector.CoyoteAdapter.service(CoyoteAdapter.java:344)
	at org.apache.coyote.http11.Http11Processor.service(Http11Processor.java:391)
	at org.apache.coyote.AbstractProcessorLight.process(AbstractProcessorLight.java:63)
	at org.apache.coyote.AbstractProtocol$ConnectionHandler.process(AbstractProtocol.java:896)
	at org.apache.tomcat.util.net.NioEndpoint$SocketProcessor.doRun(NioEndpoint.java:1736)
	at org.apache.tomcat.util.net.SocketProcessorBase.run(SocketProcessorBase.java:52)
	at org.apache.tomcat.util.threads.ThreadPoolExecutor.runWorker(ThreadPoolExecutor.java:1191)
	at org.apache.tomcat.util.threads.ThreadPoolExecutor$Worker.run(ThreadPoolExecutor.java:659)
	at org.apache.tomcat.util.threads.TaskThread$WrappingRunnable.run(TaskThread.java:63)
	at java.base/java.lang.Thread.run(Thread.java:840)
Caused by: org.postgresql.util.PSQLException: Connection to crs-crossword-db:5435 refused. Check that the hostname and port are correct and that the postmaster is accepting TCP/IP connections.
	at org.postgresql.core.v3.ConnectionFactoryImpl.openConnectionImpl(ConnectionFactoryImpl.java:352)
	at org.postgresql.core.ConnectionFactory.openConnection(ConnectionFactory.java:54)
	at org.postgresql.jdbc.PgConnection.<init>(PgConnection.java:273)
	at org.postgresql.Driver.makeConnection(Driver.java:446)
	at org.postgresql.Driver.connect(Driver.java:298)
	at java.sql/java.sql.DriverManager.getConnection(DriverManager.java:681)
	at java.sql/java.sql.DriverManager.getConnection(DriverManager.java:190)
	at org.springframework.jdbc.datasource.DriverManagerDataSource.getConnectionFromDriverManager(DriverManagerDataSource.java:155)
	at org.springframework.jdbc.datasource.DriverManagerDataSource.getConnectionFromDriver(DriverManagerDataSource.java:146)
	at org.springframework.jdbc.datasource.AbstractDriverBasedDataSource.getConnectionFromDriver(AbstractDriverBasedDataSource.java:205)
	at org.springframework.jdbc.datasource.AbstractDriverBasedDataSource.getConnection(AbstractDriverBasedDataSource.java:169)
	at org.springframework.jdbc.datasource.DataSourceUtils.fetchConnection(DataSourceUtils.java:160)
	at org.springframework.jdbc.datasource.DataSourceUtils.doGetConnection(DataSourceUtils.java:118)
	at org.springframework.jdbc.datasource.DataSourceUtils.getConnection(DataSourceUtils.java:81)
	... 80 common frames omitted
Caused by: java.net.ConnectException: Connection refused
	at java.base/sun.nio.ch.Net.pollConnect(Native Method)
	at java.base/sun.nio.ch.Net.pollConnectNow(Net.java:684)
	at java.base/sun.nio.ch.NioSocketImpl.timedFinishConnect(NioSocketImpl.java:547)
	at java.base/sun.nio.ch.NioSocketImpl.connect(NioSocketImpl.java:602)
	at java.base/java.net.SocksSocketImpl.connect(SocksSocketImpl.java:327)
	at java.base/java.net.Socket.connect(Socket.java:633)
	at org.postgresql.core.PGStream.createSocket(PGStream.java:260)
	at org.postgresql.core.PGStream.<init>(PGStream.java:121)
	at org.postgresql.core.v3.ConnectionFactoryImpl.tryConnect(ConnectionFactoryImpl.java:140)
	at org.postgresql.core.v3.ConnectionFactoryImpl.openConnectionImpl(ConnectionFactoryImpl.java:268)
	... 93 common frames omitted
{
                "correlationId": "",
                "timestamp": "2026-03-22T02:44:23.108",
                "level": "WARN",
                "thread": "http-nio-8085-exec-8",
                "logger": "org.springframework.boot.actuate.jdbc.DataSourceHealthIndicator",
                "message": "DataSource health check failed"
                }org.springframework.jdbc.CannotGetJdbcConnectionException: Failed to obtain JDBC Connection
	at org.springframework.jdbc.datasource.DataSourceUtils.getConnection(DataSourceUtils.java:84)
	at org.springframework.jdbc.core.JdbcTemplate.execute(JdbcTemplate.java:342)
	at org.springframework.boot.actuate.jdbc.DataSourceHealthIndicator.getProduct(DataSourceHealthIndicator.java:122)
	at org.springframework.boot.actuate.jdbc.DataSourceHealthIndicator.doDataSourceHealthCheck(DataSourceHealthIndicator.java:105)
	at org.springframework.boot.actuate.jdbc.DataSourceHealthIndicator.doHealthCheck(DataSourceHealthIndicator.java:100)
	at org.springframework.boot.actuate.health.AbstractHealthIndicator.health(AbstractHealthIndicator.java:82)
	at org.springframework.boot.actuate.health.HealthIndicator.getHealth(HealthIndicator.java:37)
	at org.springframework.boot.actuate.health.HealthEndpointWebExtension.getHealth(HealthEndpointWebExtension.java:94)
	at org.springframework.boot.actuate.health.HealthEndpointWebExtension.getHealth(HealthEndpointWebExtension.java:47)
	at org.springframework.boot.actuate.health.HealthEndpointSupport.getLoggedHealth(HealthEndpointSupport.java:172)
	at org.springframework.boot.actuate.health.HealthEndpointSupport.getContribution(HealthEndpointSupport.java:145)
	at org.springframework.boot.actuate.health.HealthEndpointSupport.getAggregateContribution(HealthEndpointSupport.java:156)
	at org.springframework.boot.actuate.health.HealthEndpointSupport.getContribution(HealthEndpointSupport.java:141)
	at org.springframework.boot.actuate.health.HealthEndpointSupport.getHealth(HealthEndpointSupport.java:110)
	at org.springframework.boot.actuate.health.HealthEndpointSupport.getHealth(HealthEndpointSupport.java:81)
	at org.springframework.boot.actuate.health.HealthEndpointWebExtension.health(HealthEndpointWebExtension.java:80)
	at org.springframework.boot.actuate.health.HealthEndpointWebExtension.health(HealthEndpointWebExtension.java:69)
	at java.base/jdk.internal.reflect.NativeMethodAccessorImpl.invoke0(Native Method)
	at java.base/jdk.internal.reflect.NativeMethodAccessorImpl.invoke(NativeMethodAccessorImpl.java:77)
	at java.base/jdk.internal.reflect.DelegatingMethodAccessorImpl.invoke(DelegatingMethodAccessorImpl.java:43)
	at java.base/java.lang.reflect.Method.invoke(Method.java:569)
	at org.springframework.util.ReflectionUtils.invokeMethod(ReflectionUtils.java:281)
	at org.springframework.boot.actuate.endpoint.invoke.reflect.ReflectiveOperationInvoker.invoke(ReflectiveOperationInvoker.java:74)
	at org.springframework.boot.actuate.endpoint.annotation.AbstractDiscoveredOperation.invoke(AbstractDiscoveredOperation.java:60)
	at org.springframework.boot.actuate.endpoint.web.servlet.AbstractWebMvcEndpointHandlerMapping$ServletWebOperationAdapter.handle(AbstractWebMvcEndpointHandlerMapping.java:327)
	at org.springframework.boot.actuate.endpoint.web.servlet.AbstractWebMvcEndpointHandlerMapping$OperationHandler.handle(AbstractWebMvcEndpointHandlerMapping.java:434)
	at jdk.internal.reflect.GeneratedMethodAccessor10.invoke(Unknown Source)
	at java.base/jdk.internal.reflect.DelegatingMethodAccessorImpl.invoke(DelegatingMethodAccessorImpl.java:43)
	at java.base/java.lang.reflect.Method.invoke(Method.java:569)
	at org.springframework.web.method.support.InvocableHandlerMethod.doInvoke(InvocableHandlerMethod.java:255)
	at org.springframework.web.method.support.InvocableHandlerMethod.invokeForRequest(InvocableHandlerMethod.java:188)
	at org.springframework.web.servlet.mvc.method.annotation.ServletInvocableHandlerMethod.invokeAndHandle(ServletInvocableHandlerMethod.java:118)
	at org.springframework.web.servlet.mvc.method.annotation.RequestMappingHandlerAdapter.invokeHandlerMethod(RequestMappingHandlerAdapter.java:926)
	at org.springframework.web.servlet.mvc.method.annotation.RequestMappingHandlerAdapter.handleInternal(RequestMappingHandlerAdapter.java:831)
	at org.springframework.web.servlet.mvc.method.AbstractHandlerMethodAdapter.handle(AbstractHandlerMethodAdapter.java:87)
	at org.springframework.web.servlet.DispatcherServlet.doDispatch(DispatcherServlet.java:1089)
	at org.springframework.web.servlet.DispatcherServlet.doService(DispatcherServlet.java:979)
	at org.springframework.web.servlet.FrameworkServlet.processRequest(FrameworkServlet.java:1014)
	at org.springframework.web.servlet.FrameworkServlet.doGet(FrameworkServlet.java:903)
	at jakarta.servlet.http.HttpServlet.doHead(HttpServlet.java:211)
	at jakarta.servlet.http.HttpServlet.service(HttpServlet.java:587)
	at org.springframework.web.servlet.FrameworkServlet.service(FrameworkServlet.java:885)
	at jakarta.servlet.http.HttpServlet.service(HttpServlet.java:658)
	at org.apache.catalina.core.ApplicationFilterChain.internalDoFilter(ApplicationFilterChain.java:206)
	at org.apache.catalina.core.ApplicationFilterChain.doFilter(ApplicationFilterChain.java:150)
	at org.apache.tomcat.websocket.server.WsFilter.doFilter(WsFilter.java:51)
	at org.apache.catalina.core.ApplicationFilterChain.internalDoFilter(ApplicationFilterChain.java:175)
	at org.apache.catalina.core.ApplicationFilterChain.doFilter(ApplicationFilterChain.java:150)
	at org.springframework.web.filter.RequestContextFilter.doFilterInternal(RequestContextFilter.java:100)
	at org.springframework.web.filter.OncePerRequestFilter.doFilter(OncePerRequestFilter.java:116)
	at org.apache.catalina.core.ApplicationFilterChain.internalDoFilter(ApplicationFilterChain.java:175)
	at org.apache.catalina.core.ApplicationFilterChain.doFilter(ApplicationFilterChain.java:150)
	at org.springframework.web.filter.FormContentFilter.doFilterInternal(FormContentFilter.java:93)
	at org.springframework.web.filter.OncePerRequestFilter.doFilter(OncePerRequestFilter.java:116)
	at org.apache.catalina.core.ApplicationFilterChain.internalDoFilter(ApplicationFilterChain.java:175)
	at org.apache.catalina.core.ApplicationFilterChain.doFilter(ApplicationFilterChain.java:150)
	at org.springframework.web.filter.ServerHttpObservationFilter.doFilterInternal(ServerHttpObservationFilter.java:109)
	at org.springframework.web.filter.OncePerRequestFilter.doFilter(OncePerRequestFilter.java:116)
	at org.apache.catalina.core.ApplicationFilterChain.internalDoFilter(ApplicationFilterChain.java:175)
	at org.apache.catalina.core.ApplicationFilterChain.doFilter(ApplicationFilterChain.java:150)
	at org.springframework.web.filter.CharacterEncodingFilter.doFilterInternal(CharacterEncodingFilter.java:201)
	at org.springframework.web.filter.OncePerRequestFilter.doFilter(OncePerRequestFilter.java:116)
	at org.apache.catalina.core.ApplicationFilterChain.internalDoFilter(ApplicationFilterChain.java:175)
	at org.apache.catalina.core.ApplicationFilterChain.doFilter(ApplicationFilterChain.java:150)
	at org.apache.catalina.core.StandardWrapperValve.invoke(StandardWrapperValve.java:167)
	at org.apache.catalina.core.StandardContextValve.invoke(StandardContextValve.java:90)
	at org.apache.catalina.authenticator.AuthenticatorBase.invoke(AuthenticatorBase.java:482)
	at org.apache.catalina.core.StandardHostValve.invoke(StandardHostValve.java:115)
	at org.apache.catalina.valves.ErrorReportValve.invoke(ErrorReportValve.java:93)
	at org.apache.catalina.core.StandardEngineValve.invoke(StandardEngineValve.java:74)
	at org.apache.catalina.connector.CoyoteAdapter.service(CoyoteAdapter.java:344)
	at org.apache.coyote.http11.Http11Processor.service(Http11Processor.java:391)
	at org.apache.coyote.AbstractProcessorLight.process(AbstractProcessorLight.java:63)
	at org.apache.coyote.AbstractProtocol$ConnectionHandler.process(AbstractProtocol.java:896)
	at org.apache.tomcat.util.net.NioEndpoint$SocketProcessor.doRun(NioEndpoint.java:1736)
	at org.apache.tomcat.util.net.SocketProcessorBase.run(SocketProcessorBase.java:52)
	at org.apache.tomcat.util.threads.ThreadPoolExecutor.runWorker(ThreadPoolExecutor.java:1191)
	at org.apache.tomcat.util.threads.ThreadPoolExecutor$Worker.run(ThreadPoolExecutor.java:659)
	at org.apache.tomcat.util.threads.TaskThread$WrappingRunnable.run(TaskThread.java:63)
	at java.base/java.lang.Thread.run(Thread.java:840)
Caused by: org.postgresql.util.PSQLException: Connection to crs-crossword-db:5435 refused. Check that the hostname and port are correct and that the postmaster is accepting TCP/IP connections.
	at org.postgresql.core.v3.ConnectionFactoryImpl.openConnectionImpl(ConnectionFactoryImpl.java:352)
	at org.postgresql.core.ConnectionFactory.openConnection(ConnectionFactory.java:54)
	at org.postgresql.jdbc.PgConnection.<init>(PgConnection.java:273)
	at org.postgresql.Driver.makeConnection(Driver.java:446)
	at org.postgresql.Driver.connect(Driver.java:298)
	at java.sql/java.sql.DriverManager.getConnection(DriverManager.java:681)
	at java.sql/java.sql.DriverManager.getConnection(DriverManager.java:190)
	at org.springframework.jdbc.datasource.DriverManagerDataSource.getConnectionFromDriverManager(DriverManagerDataSource.java:155)
	at org.springframework.jdbc.datasource.DriverManagerDataSource.getConnectionFromDriver(DriverManagerDataSource.java:146)
	at org.springframework.jdbc.datasource.AbstractDriverBasedDataSource.getConnectionFromDriver(AbstractDriverBasedDataSource.java:205)
	at org.springframework.jdbc.datasource.AbstractDriverBasedDataSource.getConnection(AbstractDriverBasedDataSource.java:169)
	at org.springframework.jdbc.datasource.DataSourceUtils.fetchConnection(DataSourceUtils.java:160)
	at org.springframework.jdbc.datasource.DataSourceUtils.doGetConnection(DataSourceUtils.java:118)
	at org.springframework.jdbc.datasource.DataSourceUtils.getConnection(DataSourceUtils.java:81)
	... 79 common frames omitted
Caused by: java.net.ConnectException: Connection refused
	at java.base/sun.nio.ch.Net.pollConnect(Native Method)
	at java.base/sun.nio.ch.Net.pollConnectNow(Net.java:684)
	at java.base/sun.nio.ch.NioSocketImpl.timedFinishConnect(NioSocketImpl.java:547)
	at java.base/sun.nio.ch.NioSocketImpl.connect(NioSocketImpl.java:602)
	at java.base/java.net.SocksSocketImpl.connect(SocksSocketImpl.java:327)
	at java.base/java.net.Socket.connect(Socket.java:633)
	at org.postgresql.core.PGStream.createSocket(PGStream.java:260)
	at org.postgresql.core.PGStream.<init>(PGStream.java:121)
	at org.postgresql.core.v3.ConnectionFactoryImpl.tryConnect(ConnectionFactoryImpl.java:140)
	at org.postgresql.core.v3.ConnectionFactoryImpl.openConnectionImpl(ConnectionFactoryImpl.java:268)
	... 92 common frames omitted
{
                "correlationId": "",
                "timestamp": "2026-03-22T02:44:28.183",
                "level": "WARN",
                "thread": "http-nio-8085-exec-1",
                "logger": "org.springframework.boot.actuate.jdbc.DataSourceHealthIndicator",
                "message": "DataSource health check failed"
                }org.springframework.jdbc.CannotGetJdbcConnectionException: Failed to obtain JDBC Connection
	at org.springframework.jdbc.datasource.DataSourceUtils.getConnection(DataSourceUtils.java:84)
	at org.springframework.jdbc.core.JdbcTemplate.execute(JdbcTemplate.java:342)
	at org.springframework.boot.actuate.jdbc.DataSourceHealthIndicator.getProduct(DataSourceHealthIndicator.java:122)
	at org.springframework.boot.actuate.jdbc.DataSourceHealthIndicator.doDataSourceHealthCheck(DataSourceHealthIndicator.java:105)
	at org.springframework.boot.actuate.jdbc.DataSourceHealthIndicator.doHealthCheck(DataSourceHealthIndicator.java:100)
	at org.springframework.boot.actuate.health.AbstractHealthIndicator.health(AbstractHealthIndicator.java:82)
	at org.springframework.boot.actuate.health.HealthIndicator.getHealth(HealthIndicator.java:37)
	at org.springframework.boot.actuate.health.HealthEndpointWebExtension.getHealth(HealthEndpointWebExtension.java:94)
	at org.springframework.boot.actuate.health.HealthEndpointWebExtension.getHealth(HealthEndpointWebExtension.java:47)
	at org.springframework.boot.actuate.health.HealthEndpointSupport.getLoggedHealth(HealthEndpointSupport.java:172)
	at org.springframework.boot.actuate.health.HealthEndpointSupport.getContribution(HealthEndpointSupport.java:145)
	at org.springframework.boot.actuate.health.HealthEndpointSupport.getAggregateContribution(HealthEndpointSupport.java:156)
	at org.springframework.boot.actuate.health.HealthEndpointSupport.getContribution(HealthEndpointSupport.java:141)
	at org.springframework.boot.actuate.health.HealthEndpointSupport.getHealth(HealthEndpointSupport.java:110)
	at org.springframework.boot.actuate.health.HealthEndpointSupport.getHealth(HealthEndpointSupport.java:81)
	at org.springframework.boot.actuate.health.HealthEndpointWebExtension.health(HealthEndpointWebExtension.java:80)
	at org.springframework.boot.actuate.health.HealthEndpointWebExtension.health(HealthEndpointWebExtension.java:69)
	at java.base/jdk.internal.reflect.NativeMethodAccessorImpl.invoke0(Native Method)
	at java.base/jdk.internal.reflect.NativeMethodAccessorImpl.invoke(NativeMethodAccessorImpl.java:77)
	at java.base/jdk.internal.reflect.DelegatingMethodAccessorImpl.invoke(DelegatingMethodAccessorImpl.java:43)
	at java.base/java.lang.reflect.Method.invoke(Method.java:569)
	at org.springframework.util.ReflectionUtils.invokeMethod(ReflectionUtils.java:281)
	at org.springframework.boot.actuate.endpoint.invoke.reflect.ReflectiveOperationInvoker.invoke(ReflectiveOperationInvoker.java:74)
	at org.springframework.boot.actuate.endpoint.annotation.AbstractDiscoveredOperation.invoke(AbstractDiscoveredOperation.java:60)
	at org.springframework.boot.actuate.endpoint.web.servlet.AbstractWebMvcEndpointHandlerMapping$ServletWebOperationAdapter.handle(AbstractWebMvcEndpointHandlerMapping.java:327)
	at org.springframework.boot.actuate.endpoint.web.servlet.AbstractWebMvcEndpointHandlerMapping$OperationHandler.handle(AbstractWebMvcEndpointHandlerMapping.java:434)
	at jdk.internal.reflect.GeneratedMethodAccessor10.invoke(Unknown Source)
	at java.base/jdk.internal.reflect.DelegatingMethodAccessorImpl.invoke(DelegatingMethodAccessorImpl.java:43)
	at java.base/java.lang.reflect.Method.invoke(Method.java:569)
	at org.springframework.web.method.support.InvocableHandlerMethod.doInvoke(InvocableHandlerMethod.java:255)
	at org.springframework.web.method.support.InvocableHandlerMethod.invokeForRequest(InvocableHandlerMethod.java:188)
	at org.springframework.web.servlet.mvc.method.annotation.ServletInvocableHandlerMethod.invokeAndHandle(ServletInvocableHandlerMethod.java:118)
	at org.springframework.web.servlet.mvc.method.annotation.RequestMappingHandlerAdapter.invokeHandlerMethod(RequestMappingHandlerAdapter.java:926)
	at org.springframework.web.servlet.mvc.method.annotation.RequestMappingHandlerAdapter.handleInternal(RequestMappingHandlerAdapter.java:831)
	at org.springframework.web.servlet.mvc.method.AbstractHandlerMethodAdapter.handle(AbstractHandlerMethodAdapter.java:87)
	at org.springframework.web.servlet.DispatcherServlet.doDispatch(DispatcherServlet.java:1089)
	at org.springframework.web.servlet.DispatcherServlet.doService(DispatcherServlet.java:979)
	at org.springframework.web.servlet.FrameworkServlet.processRequest(FrameworkServlet.java:1014)
	at org.springframework.web.servlet.FrameworkServlet.doGet(FrameworkServlet.java:903)
	at jakarta.servlet.http.HttpServlet.doHead(HttpServlet.java:211)
	at jakarta.servlet.http.HttpServlet.service(HttpServlet.java:587)
	at org.springframework.web.servlet.FrameworkServlet.service(FrameworkServlet.java:885)
	at jakarta.servlet.http.HttpServlet.service(HttpServlet.java:658)
	at org.apache.catalina.core.ApplicationFilterChain.internalDoFilter(ApplicationFilterChain.java:206)
	at org.apache.catalina.core.ApplicationFilterChain.doFilter(ApplicationFilterChain.java:150)
	at org.apache.tomcat.websocket.server.WsFilter.doFilter(WsFilter.java:51)
	at org.apache.catalina.core.ApplicationFilterChain.internalDoFilter(ApplicationFilterChain.java:175)
	at org.apache.catalina.core.ApplicationFilterChain.doFilter(ApplicationFilterChain.java:150)
	at org.springframework.web.filter.RequestContextFilter.doFilterInternal(RequestContextFilter.java:100)
	at org.springframework.web.filter.OncePerRequestFilter.doFilter(OncePerRequestFilter.java:116)
	at org.apache.catalina.core.ApplicationFilterChain.internalDoFilter(ApplicationFilterChain.java:175)
	at org.apache.catalina.core.ApplicationFilterChain.doFilter(ApplicationFilterChain.java:150)
	at org.springframework.web.filter.FormContentFilter.doFilterInternal(FormContentFilter.java:93)
	at org.springframework.web.filter.OncePerRequestFilter.doFilter(OncePerRequestFilter.java:116)
	at org.apache.catalina.core.ApplicationFilterChain.internalDoFilter(ApplicationFilterChain.java:175)
	at org.apache.catalina.core.ApplicationFilterChain.doFilter(ApplicationFilterChain.java:150)
	at org.springframework.web.filter.ServerHttpObservationFilter.doFilterInternal(ServerHttpObservationFilter.java:109)
	at org.springframework.web.filter.OncePerRequestFilter.doFilter(OncePerRequestFilter.java:116)
	at org.apache.catalina.core.ApplicationFilterChain.internalDoFilter(ApplicationFilterChain.java:175)
	at org.apache.catalina.core.ApplicationFilterChain.doFilter(ApplicationFilterChain.java:150)
	at org.springframework.web.filter.CharacterEncodingFilter.doFilterInternal(CharacterEncodingFilter.java:201)
	at org.springframework.web.filter.OncePerRequestFilter.doFilter(OncePerRequestFilter.java:116)
	at org.apache.catalina.core.ApplicationFilterChain.internalDoFilter(ApplicationFilterChain.java:175)
	at org.apache.catalina.core.ApplicationFilterChain.doFilter(ApplicationFilterChain.java:150)
	at org.apache.catalina.core.StandardWrapperValve.invoke(StandardWrapperValve.java:167)
	at org.apache.catalina.core.StandardContextValve.invoke(StandardContextValve.java:90)
	at org.apache.catalina.authenticator.AuthenticatorBase.invoke(AuthenticatorBase.java:482)
	at org.apache.catalina.core.StandardHostValve.invoke(StandardHostValve.java:115)
	at org.apache.catalina.valves.ErrorReportValve.invoke(ErrorReportValve.java:93)
	at org.apache.catalina.core.StandardEngineValve.invoke(StandardEngineValve.java:74)
	at org.apache.catalina.connector.CoyoteAdapter.service(CoyoteAdapter.java:344)
	at org.apache.coyote.http11.Http11Processor.service(Http11Processor.java:391)
	at org.apache.coyote.AbstractProcessorLight.process(AbstractProcessorLight.java:63)
	at org.apache.coyote.AbstractProtocol$ConnectionHandler.process(AbstractProtocol.java:896)
	at org.apache.tomcat.util.net.NioEndpoint$SocketProcessor.doRun(NioEndpoint.java:1736)
	at org.apache.tomcat.util.net.SocketProcessorBase.run(SocketProcessorBase.java:52)
	at org.apache.tomcat.util.threads.ThreadPoolExecutor.runWorker(ThreadPoolExecutor.java:1191)
	at org.apache.tomcat.util.threads.ThreadPoolExecutor$Worker.run(ThreadPoolExecutor.java:659)
	at org.apache.tomcat.util.threads.TaskThread$WrappingRunnable.run(TaskThread.java:63)
	at java.base/java.lang.Thread.run(Thread.java:840)
Caused by: org.postgresql.util.PSQLException: Connection to crs-crossword-db:5435 refused. Check that the hostname and port are correct and that the postmaster is accepting TCP/IP connections.
	at org.postgresql.core.v3.ConnectionFactoryImpl.openConnectionImpl(ConnectionFactoryImpl.java:352)
	at org.postgresql.core.ConnectionFactory.openConnection(ConnectionFactory.java:54)
	at org.postgresql.jdbc.PgConnection.<init>(PgConnection.java:273)
	at org.postgresql.Driver.makeConnection(Driver.java:446)
	at org.postgresql.Driver.connect(Driver.java:298)
	at java.sql/java.sql.DriverManager.getConnection(DriverManager.java:681)
	at java.sql/java.sql.DriverManager.getConnection(DriverManager.java:190)
	at org.springframework.jdbc.datasource.DriverManagerDataSource.getConnectionFromDriverManager(DriverManagerDataSource.java:155)
	at org.springframework.jdbc.datasource.DriverManagerDataSource.getConnectionFromDriver(DriverManagerDataSource.java:146)
	at org.springframework.jdbc.datasource.AbstractDriverBasedDataSource.getConnectionFromDriver(AbstractDriverBasedDataSource.java:205)
	at org.springframework.jdbc.datasource.AbstractDriverBasedDataSource.getConnection(AbstractDriverBasedDataSource.java:169)
	at org.springframework.jdbc.datasource.DataSourceUtils.fetchConnection(DataSourceUtils.java:160)
	at org.springframework.jdbc.datasource.DataSourceUtils.doGetConnection(DataSourceUtils.java:118)
	at org.springframework.jdbc.datasource.DataSourceUtils.getConnection(DataSourceUtils.java:81)
	... 79 common frames omitted
Caused by: java.net.ConnectException: Connection refused
	at java.base/sun.nio.ch.Net.pollConnect(Native Method)
	at java.base/sun.nio.ch.Net.pollConnectNow(Net.java:684)
	at java.base/sun.nio.ch.NioSocketImpl.timedFinishConnect(NioSocketImpl.java:547)
	at java.base/sun.nio.ch.NioSocketImpl.connect(NioSocketImpl.java:602)
	at java.base/java.net.SocksSocketImpl.connect(SocksSocketImpl.java:327)
	at java.base/java.net.Socket.connect(Socket.java:633)
	at org.postgresql.core.PGStream.createSocket(PGStream.java:260)
	at org.postgresql.core.PGStream.<init>(PGStream.java:121)
	at org.postgresql.core.v3.ConnectionFactoryImpl.tryConnect(ConnectionFactoryImpl.java:140)
	at org.postgresql.core.v3.ConnectionFactoryImpl.openConnectionImpl(ConnectionFactoryImpl.java:268)
	... 92 common frames omitted
{
                "correlationId": "",
                "timestamp": "2026-03-22T02:44:33.238",
                "level": "WARN",
                "thread": "http-nio-8085-exec-4",
                "logger": "org.springframework.boot.actuate.jdbc.DataSourceHealthIndicator",
                "message": "DataSource health check failed"
                }org.springframework.jdbc.CannotGetJdbcConnectionException: Failed to obtain JDBC Connection
	at org.springframework.jdbc.datasource.DataSourceUtils.getConnection(DataSourceUtils.java:84)
	at org.springframework.jdbc.core.JdbcTemplate.execute(JdbcTemplate.java:342)
	at org.springframework.boot.actuate.jdbc.DataSourceHealthIndicator.getProduct(DataSourceHealthIndicator.java:122)
	at org.springframework.boot.actuate.jdbc.DataSourceHealthIndicator.doDataSourceHealthCheck(DataSourceHealthIndicator.java:105)
	at org.springframework.boot.actuate.jdbc.DataSourceHealthIndicator.doHealthCheck(DataSourceHealthIndicator.java:100)
	at org.springframework.boot.actuate.health.AbstractHealthIndicator.health(AbstractHealthIndicator.java:82)
	at org.springframework.boot.actuate.health.HealthIndicator.getHealth(HealthIndicator.java:37)
	at org.springframework.boot.actuate.health.HealthEndpointWebExtension.getHealth(HealthEndpointWebExtension.java:94)
	at org.springframework.boot.actuate.health.HealthEndpointWebExtension.getHealth(HealthEndpointWebExtension.java:47)
	at org.springframework.boot.actuate.health.HealthEndpointSupport.getLoggedHealth(HealthEndpointSupport.java:172)
	at org.springframework.boot.actuate.health.HealthEndpointSupport.getContribution(HealthEndpointSupport.java:145)
	at org.springframework.boot.actuate.health.HealthEndpointSupport.getAggregateContribution(HealthEndpointSupport.java:156)
	at org.springframework.boot.actuate.health.HealthEndpointSupport.getContribution(HealthEndpointSupport.java:141)
	at org.springframework.boot.actuate.health.HealthEndpointSupport.getHealth(HealthEndpointSupport.java:110)
	at org.springframework.boot.actuate.health.HealthEndpointSupport.getHealth(HealthEndpointSupport.java:81)
	at org.springframework.boot.actuate.health.HealthEndpointWebExtension.health(HealthEndpointWebExtension.java:80)
	at org.springframework.boot.actuate.health.HealthEndpointWebExtension.health(HealthEndpointWebExtension.java:69)
	at java.base/jdk.internal.reflect.NativeMethodAccessorImpl.invoke0(Native Method)
	at java.base/jdk.internal.reflect.NativeMethodAccessorImpl.invoke(NativeMethodAccessorImpl.java:77)
	at java.base/jdk.internal.reflect.DelegatingMethodAccessorImpl.invoke(DelegatingMethodAccessorImpl.java:43)
	at java.base/java.lang.reflect.Method.invoke(Method.java:569)
	at org.springframework.util.ReflectionUtils.invokeMethod(ReflectionUtils.java:281)
	at org.springframework.boot.actuate.endpoint.invoke.reflect.ReflectiveOperationInvoker.invoke(ReflectiveOperationInvoker.java:74)
	at org.springframework.boot.actuate.endpoint.annotation.AbstractDiscoveredOperation.invoke(AbstractDiscoveredOperation.java:60)
	at org.springframework.boot.actuate.endpoint.web.servlet.AbstractWebMvcEndpointHandlerMapping$ServletWebOperationAdapter.handle(AbstractWebMvcEndpointHandlerMapping.java:327)
	at org.springframework.boot.actuate.endpoint.web.servlet.AbstractWebMvcEndpointHandlerMapping$OperationHandler.handle(AbstractWebMvcEndpointHandlerMapping.java:434)
	at jdk.internal.reflect.GeneratedMethodAccessor10.invoke(Unknown Source)
	at java.base/jdk.internal.reflect.DelegatingMethodAccessorImpl.invoke(DelegatingMethodAccessorImpl.java:43)
	at java.base/java.lang.reflect.Method.invoke(Method.java:569)
	at org.springframework.web.method.support.InvocableHandlerMethod.doInvoke(InvocableHandlerMethod.java:255)
	at org.springframework.web.method.support.InvocableHandlerMethod.invokeForRequest(InvocableHandlerMethod.java:188)
	at org.springframework.web.servlet.mvc.method.annotation.ServletInvocableHandlerMethod.invokeAndHandle(ServletInvocableHandlerMethod.java:118)
	at org.springframework.web.servlet.mvc.method.annotation.RequestMappingHandlerAdapter.invokeHandlerMethod(RequestMappingHandlerAdapter.java:926)
	at org.springframework.web.servlet.mvc.method.annotation.RequestMappingHandlerAdapter.handleInternal(RequestMappingHandlerAdapter.java:831)
	at org.springframework.web.servlet.mvc.method.AbstractHandlerMethodAdapter.handle(AbstractHandlerMethodAdapter.java:87)
	at org.springframework.web.servlet.DispatcherServlet.doDispatch(DispatcherServlet.java:1089)
	at org.springframework.web.servlet.DispatcherServlet.doService(DispatcherServlet.java:979)
	at org.springframework.web.servlet.FrameworkServlet.processRequest(FrameworkServlet.java:1014)
	at org.springframework.web.servlet.FrameworkServlet.doGet(FrameworkServlet.java:903)
	at jakarta.servlet.http.HttpServlet.doHead(HttpServlet.java:211)
	at jakarta.servlet.http.HttpServlet.service(HttpServlet.java:587)
	at org.springframework.web.servlet.FrameworkServlet.service(FrameworkServlet.java:885)
	at jakarta.servlet.http.HttpServlet.service(HttpServlet.java:658)
	at org.apache.catalina.core.ApplicationFilterChain.internalDoFilter(ApplicationFilterChain.java:206)
	at org.apache.catalina.core.ApplicationFilterChain.doFilter(ApplicationFilterChain.java:150)
	at org.apache.tomcat.websocket.server.WsFilter.doFilter(WsFilter.java:51)
	at org.apache.catalina.core.ApplicationFilterChain.internalDoFilter(ApplicationFilterChain.java:175)
	at org.apache.catalina.core.ApplicationFilterChain.doFilter(ApplicationFilterChain.java:150)
	at org.springframework.web.filter.RequestContextFilter.doFilterInternal(RequestContextFilter.java:100)
	at org.springframework.web.filter.OncePerRequestFilter.doFilter(OncePerRequestFilter.java:116)
	at org.apache.catalina.core.ApplicationFilterChain.internalDoFilter(ApplicationFilterChain.java:175)
	at org.apache.catalina.core.ApplicationFilterChain.doFilter(ApplicationFilterChain.java:150)
	at org.springframework.web.filter.FormContentFilter.doFilterInternal(FormContentFilter.java:93)
	at org.springframework.web.filter.OncePerRequestFilter.doFilter(OncePerRequestFilter.java:116)
	at org.apache.catalina.core.ApplicationFilterChain.internalDoFilter(ApplicationFilterChain.java:175)
	at org.apache.catalina.core.ApplicationFilterChain.doFilter(ApplicationFilterChain.java:150)
	at org.springframework.web.filter.ServerHttpObservationFilter.doFilterInternal(ServerHttpObservationFilter.java:109)
	at org.springframework.web.filter.OncePerRequestFilter.doFilter(OncePerRequestFilter.java:116)
	at org.apache.catalina.core.ApplicationFilterChain.internalDoFilter(ApplicationFilterChain.java:175)
	at org.apache.catalina.core.ApplicationFilterChain.doFilter(ApplicationFilterChain.java:150)
	at org.springframework.web.filter.CharacterEncodingFilter.doFilterInternal(CharacterEncodingFilter.java:201)
	at org.springframework.web.filter.OncePerRequestFilter.doFilter(OncePerRequestFilter.java:116)
	at org.apache.catalina.core.ApplicationFilterChain.internalDoFilter(ApplicationFilterChain.java:175)
	at org.apache.catalina.core.ApplicationFilterChain.doFilter(ApplicationFilterChain.java:150)
	at org.apache.catalina.core.StandardWrapperValve.invoke(StandardWrapperValve.java:167)
	at org.apache.catalina.core.StandardContextValve.invoke(StandardContextValve.java:90)
	at org.apache.catalina.authenticator.AuthenticatorBase.invoke(AuthenticatorBase.java:482)
	at org.apache.catalina.core.StandardHostValve.invoke(StandardHostValve.java:115)
	at org.apache.catalina.valves.ErrorReportValve.invoke(ErrorReportValve.java:93)
	at org.apache.catalina.core.StandardEngineValve.invoke(StandardEngineValve.java:74)
	at org.apache.catalina.connector.CoyoteAdapter.service(CoyoteAdapter.java:344)
	at org.apache.coyote.http11.Http11Processor.service(Http11Processor.java:391)
	at org.apache.coyote.AbstractProcessorLight.process(AbstractProcessorLight.java:63)
	at org.apache.coyote.AbstractProtocol$ConnectionHandler.process(AbstractProtocol.java:896)
	at org.apache.tomcat.util.net.NioEndpoint$SocketProcessor.doRun(NioEndpoint.java:1736)
	at org.apache.tomcat.util.net.SocketProcessorBase.run(SocketProcessorBase.java:52)
	at org.apache.tomcat.util.threads.ThreadPoolExecutor.runWorker(ThreadPoolExecutor.java:1191)
	at org.apache.tomcat.util.threads.ThreadPoolExecutor$Worker.run(ThreadPoolExecutor.java:659)
	at org.apache.tomcat.util.threads.TaskThread$WrappingRunnable.run(TaskThread.java:63)
	at java.base/java.lang.Thread.run(Thread.java:840)
Caused by: org.postgresql.util.PSQLException: Connection to crs-crossword-db:5435 refused. Check that the hostname and port are correct and that the postmaster is accepting TCP/IP connections.
	at org.postgresql.core.v3.ConnectionFactoryImpl.openConnectionImpl(ConnectionFactoryImpl.java:352)
	at org.postgresql.core.ConnectionFactory.openConnection(ConnectionFactory.java:54)
	at org.postgresql.jdbc.PgConnection.<init>(PgConnection.java:273)
	at org.postgresql.Driver.makeConnection(Driver.java:446)
	at org.postgresql.Driver.connect(Driver.java:298)
	at java.sql/java.sql.DriverManager.getConnection(DriverManager.java:681)
	at java.sql/java.sql.DriverManager.getConnection(DriverManager.java:190)
	at org.springframework.jdbc.datasource.DriverManagerDataSource.getConnectionFromDriverManager(DriverManagerDataSource.java:155)
	at org.springframework.jdbc.datasource.DriverManagerDataSource.getConnectionFromDriver(DriverManagerDataSource.java:146)
	at org.springframework.jdbc.datasource.AbstractDriverBasedDataSource.getConnectionFromDriver(AbstractDriverBasedDataSource.java:205)
	at org.springframework.jdbc.datasource.AbstractDriverBasedDataSource.getConnection(AbstractDriverBasedDataSource.java:169)
	at org.springframework.jdbc.datasource.DataSourceUtils.fetchConnection(DataSourceUtils.java:160)
	at org.springframework.jdbc.datasource.DataSourceUtils.doGetConnection(DataSourceUtils.java:118)
	at org.springframework.jdbc.datasource.DataSourceUtils.getConnection(DataSourceUtils.java:81)
	... 79 common frames omitted
Caused by: java.net.ConnectException: Connection refused
	at java.base/sun.nio.ch.Net.pollConnect(Native Method)
	at java.base/sun.nio.ch.Net.pollConnectNow(Net.java:684)
	at java.base/sun.nio.ch.NioSocketImpl.timedFinishConnect(NioSocketImpl.java:547)
	at java.base/sun.nio.ch.NioSocketImpl.connect(NioSocketImpl.java:602)
	at java.base/java.net.SocksSocketImpl.connect(SocksSocketImpl.java:327)
	at java.base/java.net.Socket.connect(Socket.java:633)
	at org.postgresql.core.PGStream.createSocket(PGStream.java:260)
	at org.postgresql.core.PGStream.<init>(PGStream.java:121)
	at org.postgresql.core.v3.ConnectionFactoryImpl.tryConnect(ConnectionFactoryImpl.java:140)
	at org.postgresql.core.v3.ConnectionFactoryImpl.openConnectionImpl(ConnectionFactoryImpl.java:268)
	... 92 common frames omitted
{
                "correlationId": "",
                "timestamp": "2026-03-22T02:45:03.281",
                "level": "WARN",
                "thread": "http-nio-8085-exec-5",
                "logger": "org.springframework.boot.actuate.jdbc.DataSourceHealthIndicator",
                "message": "DataSource health check failed"
                }org.springframework.jdbc.CannotGetJdbcConnectionException: Failed to obtain JDBC Connection
	at org.springframework.jdbc.datasource.DataSourceUtils.getConnection(DataSourceUtils.java:84)
	at org.springframework.jdbc.core.JdbcTemplate.execute(JdbcTemplate.java:342)
	at org.springframework.boot.actuate.jdbc.DataSourceHealthIndicator.getProduct(DataSourceHealthIndicator.java:122)
	at org.springframework.boot.actuate.jdbc.DataSourceHealthIndicator.doDataSourceHealthCheck(DataSourceHealthIndicator.java:105)
	at org.springframework.boot.actuate.jdbc.DataSourceHealthIndicator.doHealthCheck(DataSourceHealthIndicator.java:100)
	at org.springframework.boot.actuate.health.AbstractHealthIndicator.health(AbstractHealthIndicator.java:82)
	at org.springframework.boot.actuate.health.HealthIndicator.getHealth(HealthIndicator.java:37)
	at org.springframework.boot.actuate.health.HealthEndpointWebExtension.getHealth(HealthEndpointWebExtension.java:94)
	at org.springframework.boot.actuate.health.HealthEndpointWebExtension.getHealth(HealthEndpointWebExtension.java:47)
	at org.springframework.boot.actuate.health.HealthEndpointSupport.getLoggedHealth(HealthEndpointSupport.java:172)
	at org.springframework.boot.actuate.health.HealthEndpointSupport.getContribution(HealthEndpointSupport.java:145)
	at org.springframework.boot.actuate.health.HealthEndpointSupport.getAggregateContribution(HealthEndpointSupport.java:156)
	at org.springframework.boot.actuate.health.HealthEndpointSupport.getContribution(HealthEndpointSupport.java:141)
	at org.springframework.boot.actuate.health.HealthEndpointSupport.getHealth(HealthEndpointSupport.java:110)
	at org.springframework.boot.actuate.health.HealthEndpointSupport.getHealth(HealthEndpointSupport.java:81)
	at org.springframework.boot.actuate.health.HealthEndpointWebExtension.health(HealthEndpointWebExtension.java:80)
	at org.springframework.boot.actuate.health.HealthEndpointWebExtension.health(HealthEndpointWebExtension.java:69)
	at java.base/jdk.internal.reflect.NativeMethodAccessorImpl.invoke0(Native Method)
	at java.base/jdk.internal.reflect.NativeMethodAccessorImpl.invoke(NativeMethodAccessorImpl.java:77)
	at java.base/jdk.internal.reflect.DelegatingMethodAccessorImpl.invoke(DelegatingMethodAccessorImpl.java:43)
	at java.base/java.lang.reflect.Method.invoke(Method.java:569)
	at org.springframework.util.ReflectionUtils.invokeMethod(ReflectionUtils.java:281)
	at org.springframework.boot.actuate.endpoint.invoke.reflect.ReflectiveOperationInvoker.invoke(ReflectiveOperationInvoker.java:74)
	at org.springframework.boot.actuate.endpoint.annotation.AbstractDiscoveredOperation.invoke(AbstractDiscoveredOperation.java:60)
	at org.springframework.boot.actuate.endpoint.web.servlet.AbstractWebMvcEndpointHandlerMapping$ServletWebOperationAdapter.handle(AbstractWebMvcEndpointHandlerMapping.java:327)
	at org.springframework.boot.actuate.endpoint.web.servlet.AbstractWebMvcEndpointHandlerMapping$OperationHandler.handle(AbstractWebMvcEndpointHandlerMapping.java:434)
	at jdk.internal.reflect.GeneratedMethodAccessor10.invoke(Unknown Source)
	at java.base/jdk.internal.reflect.DelegatingMethodAccessorImpl.invoke(DelegatingMethodAccessorImpl.java:43)
	at java.base/java.lang.reflect.Method.invoke(Method.java:569)
	at org.springframework.web.method.support.InvocableHandlerMethod.doInvoke(InvocableHandlerMethod.java:255)
	at org.springframework.web.method.support.InvocableHandlerMethod.invokeForRequest(InvocableHandlerMethod.java:188)
	at org.springframework.web.servlet.mvc.method.annotation.ServletInvocableHandlerMethod.invokeAndHandle(ServletInvocableHandlerMethod.java:118)
	at org.springframework.web.servlet.mvc.method.annotation.RequestMappingHandlerAdapter.invokeHandlerMethod(RequestMappingHandlerAdapter.java:926)
	at org.springframework.web.servlet.mvc.method.annotation.RequestMappingHandlerAdapter.handleInternal(RequestMappingHandlerAdapter.java:831)
	at org.springframework.web.servlet.mvc.method.AbstractHandlerMethodAdapter.handle(AbstractHandlerMethodAdapter.java:87)
	at org.springframework.web.servlet.DispatcherServlet.doDispatch(DispatcherServlet.java:1089)
	at org.springframework.web.servlet.DispatcherServlet.doService(DispatcherServlet.java:979)
	at org.springframework.web.servlet.FrameworkServlet.processRequest(FrameworkServlet.java:1014)
	at org.springframework.web.servlet.FrameworkServlet.doGet(FrameworkServlet.java:903)
	at jakarta.servlet.http.HttpServlet.doHead(HttpServlet.java:211)
	at jakarta.servlet.http.HttpServlet.service(HttpServlet.java:587)
	at org.springframework.web.servlet.FrameworkServlet.service(FrameworkServlet.java:885)
	at jakarta.servlet.http.HttpServlet.service(HttpServlet.java:658)
	at org.apache.catalina.core.ApplicationFilterChain.internalDoFilter(ApplicationFilterChain.java:206)
	at org.apache.catalina.core.ApplicationFilterChain.doFilter(ApplicationFilterChain.java:150)
	at org.apache.tomcat.websocket.server.WsFilter.doFilter(WsFilter.java:51)
	at org.apache.catalina.core.ApplicationFilterChain.internalDoFilter(ApplicationFilterChain.java:175)
	at org.apache.catalina.core.ApplicationFilterChain.doFilter(ApplicationFilterChain.java:150)
	at org.springframework.web.filter.RequestContextFilter.doFilterInternal(RequestContextFilter.java:100)
	at org.springframework.web.filter.OncePerRequestFilter.doFilter(OncePerRequestFilter.java:116)
	at org.apache.catalina.core.ApplicationFilterChain.internalDoFilter(ApplicationFilterChain.java:175)
	at org.apache.catalina.core.ApplicationFilterChain.doFilter(ApplicationFilterChain.java:150)
	at org.springframework.web.filter.FormContentFilter.doFilterInternal(FormContentFilter.java:93)
	at org.springframework.web.filter.OncePerRequestFilter.doFilter(OncePerRequestFilter.java:116)
	at org.apache.catalina.core.ApplicationFilterChain.internalDoFilter(ApplicationFilterChain.java:175)
	at org.apache.catalina.core.ApplicationFilterChain.doFilter(ApplicationFilterChain.java:150)
	at org.springframework.web.filter.ServerHttpObservationFilter.doFilterInternal(ServerHttpObservationFilter.java:109)
	at org.springframework.web.filter.OncePerRequestFilter.doFilter(OncePerRequestFilter.java:116)
	at org.apache.catalina.core.ApplicationFilterChain.internalDoFilter(ApplicationFilterChain.java:175)
	at org.apache.catalina.core.ApplicationFilterChain.doFilter(ApplicationFilterChain.java:150)
	at org.springframework.web.filter.CharacterEncodingFilter.doFilterInternal(CharacterEncodingFilter.java:201)
	at org.springframework.web.filter.OncePerRequestFilter.doFilter(OncePerRequestFilter.java:116)
	at org.apache.catalina.core.ApplicationFilterChain.internalDoFilter(ApplicationFilterChain.java:175)
	at org.apache.catalina.core.ApplicationFilterChain.doFilter(ApplicationFilterChain.java:150)
	at org.apache.catalina.core.StandardWrapperValve.invoke(StandardWrapperValve.java:167)
	at org.apache.catalina.core.StandardContextValve.invoke(StandardContextValve.java:90)
	at org.apache.catalina.authenticator.AuthenticatorBase.invoke(AuthenticatorBase.java:482)
	at org.apache.catalina.core.StandardHostValve.invoke(StandardHostValve.java:115)
	at org.apache.catalina.valves.ErrorReportValve.invoke(ErrorReportValve.java:93)
	at org.apache.catalina.core.StandardEngineValve.invoke(StandardEngineValve.java:74)
	at org.apache.catalina.connector.CoyoteAdapter.service(CoyoteAdapter.java:344)
	at org.apache.coyote.http11.Http11Processor.service(Http11Processor.java:391)
	at org.apache.coyote.AbstractProcessorLight.process(AbstractProcessorLight.java:63)
	at org.apache.coyote.AbstractProtocol$ConnectionHandler.process(AbstractProtocol.java:896)
	at org.apache.tomcat.util.net.NioEndpoint$SocketProcessor.doRun(NioEndpoint.java:1736)
	at org.apache.tomcat.util.net.SocketProcessorBase.run(SocketProcessorBase.java:52)
	at org.apache.tomcat.util.threads.ThreadPoolExecutor.runWorker(ThreadPoolExecutor.java:1191)
	at org.apache.tomcat.util.threads.ThreadPoolExecutor$Worker.run(ThreadPoolExecutor.java:659)
	at org.apache.tomcat.util.threads.TaskThread$WrappingRunnable.run(TaskThread.java:63)
	at java.base/java.lang.Thread.run(Thread.java:840)
Caused by: org.postgresql.util.PSQLException: Connection to crs-crossword-db:5435 refused. Check that the hostname and port are correct and that the postmaster is accepting TCP/IP connections.
	at org.postgresql.core.v3.ConnectionFactoryImpl.openConnectionImpl(ConnectionFactoryImpl.java:352)
	at org.postgresql.core.ConnectionFactory.openConnection(ConnectionFactory.java:54)
	at org.postgresql.jdbc.PgConnection.<init>(PgConnection.java:273)
	at org.postgresql.Driver.makeConnection(Driver.java:446)
	at org.postgresql.Driver.connect(Driver.java:298)
	at java.sql/java.sql.DriverManager.getConnection(DriverManager.java:681)
	at java.sql/java.sql.DriverManager.getConnection(DriverManager.java:190)
	at org.springframework.jdbc.datasource.DriverManagerDataSource.getConnectionFromDriverManager(DriverManagerDataSource.java:155)
	at org.springframework.jdbc.datasource.DriverManagerDataSource.getConnectionFromDriver(DriverManagerDataSource.java:146)
	at org.springframework.jdbc.datasource.AbstractDriverBasedDataSource.getConnectionFromDriver(AbstractDriverBasedDataSource.java:205)
	at org.springframework.jdbc.datasource.AbstractDriverBasedDataSource.getConnection(AbstractDriverBasedDataSource.java:169)
	at org.springframework.jdbc.datasource.DataSourceUtils.fetchConnection(DataSourceUtils.java:160)
	at org.springframework.jdbc.datasource.DataSourceUtils.doGetConnection(DataSourceUtils.java:118)
	at org.springframework.jdbc.datasource.DataSourceUtils.getConnection(DataSourceUtils.java:81)
	... 79 common frames omitted
Caused by: java.net.ConnectException: Connection refused
	at java.base/sun.nio.ch.Net.pollConnect(Native Method)
	at java.base/sun.nio.ch.Net.pollConnectNow(Net.java:684)
	at java.base/sun.nio.ch.NioSocketImpl.timedFinishConnect(NioSocketImpl.java:547)
	at java.base/sun.nio.ch.NioSocketImpl.connect(NioSocketImpl.java:602)
	at java.base/java.net.SocksSocketImpl.connect(SocksSocketImpl.java:327)
	at java.base/java.net.Socket.connect(Socket.java:633)
	at org.postgresql.core.PGStream.createSocket(PGStream.java:260)
	at org.postgresql.core.PGStream.<init>(PGStream.java:121)
	at org.postgresql.core.v3.ConnectionFactoryImpl.tryConnect(ConnectionFactoryImpl.java:140)
	at org.postgresql.core.v3.ConnectionFactoryImpl.openConnectionImpl(ConnectionFactoryImpl.java:268)
	... 92 common frames omitted
{
                "correlationId": "",
                "timestamp": "2026-03-22T02:45:33.327",
                "level": "WARN",
                "thread": "http-nio-8085-exec-6",
                "logger": "org.springframework.boot.actuate.jdbc.DataSourceHealthIndicator",
                "message": "DataSource health check failed"
                }org.springframework.jdbc.CannotGetJdbcConnectionException: Failed to obtain JDBC Connection
	at org.springframework.jdbc.datasource.DataSourceUtils.getConnection(DataSourceUtils.java:84)
	at org.springframework.jdbc.core.JdbcTemplate.execute(JdbcTemplate.java:342)
	at org.springframework.boot.actuate.jdbc.DataSourceHealthIndicator.getProduct(DataSourceHealthIndicator.java:122)
	at org.springframework.boot.actuate.jdbc.DataSourceHealthIndicator.doDataSourceHealthCheck(DataSourceHealthIndicator.java:105)
	at org.springframework.boot.actuate.jdbc.DataSourceHealthIndicator.doHealthCheck(DataSourceHealthIndicator.java:100)
	at org.springframework.boot.actuate.health.AbstractHealthIndicator.health(AbstractHealthIndicator.java:82)
	at org.springframework.boot.actuate.health.HealthIndicator.getHealth(HealthIndicator.java:37)
	at org.springframework.boot.actuate.health.HealthEndpointWebExtension.getHealth(HealthEndpointWebExtension.java:94)
	at org.springframework.boot.actuate.health.HealthEndpointWebExtension.getHealth(HealthEndpointWebExtension.java:47)
	at org.springframework.boot.actuate.health.HealthEndpointSupport.getLoggedHealth(HealthEndpointSupport.java:172)
	at org.springframework.boot.actuate.health.HealthEndpointSupport.getContribution(HealthEndpointSupport.java:145)
	at org.springframework.boot.actuate.health.HealthEndpointSupport.getAggregateContribution(HealthEndpointSupport.java:156)
	at org.springframework.boot.actuate.health.HealthEndpointSupport.getContribution(HealthEndpointSupport.java:141)
	at org.springframework.boot.actuate.health.HealthEndpointSupport.getHealth(HealthEndpointSupport.java:110)
	at org.springframework.boot.actuate.health.HealthEndpointSupport.getHealth(HealthEndpointSupport.java:81)
	at org.springframework.boot.actuate.health.HealthEndpointWebExtension.health(HealthEndpointWebExtension.java:80)
	at org.springframework.boot.actuate.health.HealthEndpointWebExtension.health(HealthEndpointWebExtension.java:69)
	at java.base/jdk.internal.reflect.NativeMethodAccessorImpl.invoke0(Native Method)
	at java.base/jdk.internal.reflect.NativeMethodAccessorImpl.invoke(NativeMethodAccessorImpl.java:77)
	at java.base/jdk.internal.reflect.DelegatingMethodAccessorImpl.invoke(DelegatingMethodAccessorImpl.java:43)
	at java.base/java.lang.reflect.Method.invoke(Method.java:569)
	at org.springframework.util.ReflectionUtils.invokeMethod(ReflectionUtils.java:281)
	at org.springframework.boot.actuate.endpoint.invoke.reflect.ReflectiveOperationInvoker.invoke(ReflectiveOperationInvoker.java:74)
	at org.springframework.boot.actuate.endpoint.annotation.AbstractDiscoveredOperation.invoke(AbstractDiscoveredOperation.java:60)
	at org.springframework.boot.actuate.endpoint.web.servlet.AbstractWebMvcEndpointHandlerMapping$ServletWebOperationAdapter.handle(AbstractWebMvcEndpointHandlerMapping.java:327)
	at org.springframework.boot.actuate.endpoint.web.servlet.AbstractWebMvcEndpointHandlerMapping$OperationHandler.handle(AbstractWebMvcEndpointHandlerMapping.java:434)
	at jdk.internal.reflect.GeneratedMethodAccessor10.invoke(Unknown Source)
	at java.base/jdk.internal.reflect.DelegatingMethodAccessorImpl.invoke(DelegatingMethodAccessorImpl.java:43)
	at java.base/java.lang.reflect.Method.invoke(Method.java:569)
	at org.springframework.web.method.support.InvocableHandlerMethod.doInvoke(InvocableHandlerMethod.java:255)
	at org.springframework.web.method.support.InvocableHandlerMethod.invokeForRequest(InvocableHandlerMethod.java:188)
	at org.springframework.web.servlet.mvc.method.annotation.ServletInvocableHandlerMethod.invokeAndHandle(ServletInvocableHandlerMethod.java:118)
	at org.springframework.web.servlet.mvc.method.annotation.RequestMappingHandlerAdapter.invokeHandlerMethod(RequestMappingHandlerAdapter.java:926)
	at org.springframework.web.servlet.mvc.method.annotation.RequestMappingHandlerAdapter.handleInternal(RequestMappingHandlerAdapter.java:831)
	at org.springframework.web.servlet.mvc.method.AbstractHandlerMethodAdapter.handle(AbstractHandlerMethodAdapter.java:87)
	at org.springframework.web.servlet.DispatcherServlet.doDispatch(DispatcherServlet.java:1089)
	at org.springframework.web.servlet.DispatcherServlet.doService(DispatcherServlet.java:979)
	at org.springframework.web.servlet.FrameworkServlet.processRequest(FrameworkServlet.java:1014)
	at org.springframework.web.servlet.FrameworkServlet.doGet(FrameworkServlet.java:903)
	at jakarta.servlet.http.HttpServlet.doHead(HttpServlet.java:211)
	at jakarta.servlet.http.HttpServlet.service(HttpServlet.java:587)
	at org.springframework.web.servlet.FrameworkServlet.service(FrameworkServlet.java:885)
	at jakarta.servlet.http.HttpServlet.service(HttpServlet.java:658)
	at org.apache.catalina.core.ApplicationFilterChain.internalDoFilter(ApplicationFilterChain.java:206)
	at org.apache.catalina.core.ApplicationFilterChain.doFilter(ApplicationFilterChain.java:150)
	at org.apache.tomcat.websocket.server.WsFilter.doFilter(WsFilter.java:51)
	at org.apache.catalina.core.ApplicationFilterChain.internalDoFilter(ApplicationFilterChain.java:175)
	at org.apache.catalina.core.ApplicationFilterChain.doFilter(ApplicationFilterChain.java:150)
	at org.springframework.web.filter.RequestContextFilter.doFilterInternal(RequestContextFilter.java:100)
	at org.springframework.web.filter.OncePerRequestFilter.doFilter(OncePerRequestFilter.java:116)
	at org.apache.catalina.core.ApplicationFilterChain.internalDoFilter(ApplicationFilterChain.java:175)
	at org.apache.catalina.core.ApplicationFilterChain.doFilter(ApplicationFilterChain.java:150)
	at org.springframework.web.filter.FormContentFilter.doFilterInternal(FormContentFilter.java:93)
	at org.springframework.web.filter.OncePerRequestFilter.doFilter(OncePerRequestFilter.java:116)
	at org.apache.catalina.core.ApplicationFilterChain.internalDoFilter(ApplicationFilterChain.java:175)
	at org.apache.catalina.core.ApplicationFilterChain.doFilter(ApplicationFilterChain.java:150)
	at org.springframework.web.filter.ServerHttpObservationFilter.doFilterInternal(ServerHttpObservationFilter.java:109)
	at org.springframework.web.filter.OncePerRequestFilter.doFilter(OncePerRequestFilter.java:116)
	at org.apache.catalina.core.ApplicationFilterChain.internalDoFilter(ApplicationFilterChain.java:175)
	at org.apache.catalina.core.ApplicationFilterChain.doFilter(ApplicationFilterChain.java:150)
	at org.springframework.web.filter.CharacterEncodingFilter.doFilterInternal(CharacterEncodingFilter.java:201)
	at org.springframework.web.filter.OncePerRequestFilter.doFilter(OncePerRequestFilter.java:116)
	at org.apache.catalina.core.ApplicationFilterChain.internalDoFilter(ApplicationFilterChain.java:175)
	at org.apache.catalina.core.ApplicationFilterChain.doFilter(ApplicationFilterChain.java:150)
	at org.apache.catalina.core.StandardWrapperValve.invoke(StandardWrapperValve.java:167)
	at org.apache.catalina.core.StandardContextValve.invoke(StandardContextValve.java:90)
	at org.apache.catalina.authenticator.AuthenticatorBase.invoke(AuthenticatorBase.java:482)
	at org.apache.catalina.core.StandardHostValve.invoke(StandardHostValve.java:115)
	at org.apache.catalina.valves.ErrorReportValve.invoke(ErrorReportValve.java:93)
	at org.apache.catalina.core.StandardEngineValve.invoke(StandardEngineValve.java:74)
	at org.apache.catalina.connector.CoyoteAdapter.service(CoyoteAdapter.java:344)
	at org.apache.coyote.http11.Http11Processor.service(Http11Processor.java:391)
	at org.apache.coyote.AbstractProcessorLight.process(AbstractProcessorLight.java:63)
	at org.apache.coyote.AbstractProtocol$ConnectionHandler.process(AbstractProtocol.java:896)
	at org.apache.tomcat.util.net.NioEndpoint$SocketProcessor.doRun(NioEndpoint.java:1736)
	at org.apache.tomcat.util.net.SocketProcessorBase.run(SocketProcessorBase.java:52)
	at org.apache.tomcat.util.threads.ThreadPoolExecutor.runWorker(ThreadPoolExecutor.java:1191)
	at org.apache.tomcat.util.threads.ThreadPoolExecutor$Worker.run(ThreadPoolExecutor.java:659)
	at org.apache.tomcat.util.threads.TaskThread$WrappingRunnable.run(TaskThread.java:63)
	at java.base/java.lang.Thread.run(Thread.java:840)
Caused by: org.postgresql.util.PSQLException: Connection to crs-crossword-db:5435 refused. Check that the hostname and port are correct and that the postmaster is accepting TCP/IP connections.
	at org.postgresql.core.v3.ConnectionFactoryImpl.openConnectionImpl(ConnectionFactoryImpl.java:352)
	at org.postgresql.core.ConnectionFactory.openConnection(ConnectionFactory.java:54)
	at org.postgresql.jdbc.PgConnection.<init>(PgConnection.java:273)
	at org.postgresql.Driver.makeConnection(Driver.java:446)
	at org.postgresql.Driver.connect(Driver.java:298)
	at java.sql/java.sql.DriverManager.getConnection(DriverManager.java:681)
	at java.sql/java.sql.DriverManager.getConnection(DriverManager.java:190)
	at org.springframework.jdbc.datasource.DriverManagerDataSource.getConnectionFromDriverManager(DriverManagerDataSource.java:155)
	at org.springframework.jdbc.datasource.DriverManagerDataSource.getConnectionFromDriver(DriverManagerDataSource.java:146)
	at org.springframework.jdbc.datasource.AbstractDriverBasedDataSource.getConnectionFromDriver(AbstractDriverBasedDataSource.java:205)
	at org.springframework.jdbc.datasource.AbstractDriverBasedDataSource.getConnection(AbstractDriverBasedDataSource.java:169)
	at org.springframework.jdbc.datasource.DataSourceUtils.fetchConnection(DataSourceUtils.java:160)
	at org.springframework.jdbc.datasource.DataSourceUtils.doGetConnection(DataSourceUtils.java:118)
	at org.springframework.jdbc.datasource.DataSourceUtils.getConnection(DataSourceUtils.java:81)
	... 79 common frames omitted
Caused by: java.net.ConnectException: Connection refused
	at java.base/sun.nio.ch.Net.pollConnect(Native Method)
	at java.base/sun.nio.ch.Net.pollConnectNow(Net.java:684)
	at java.base/sun.nio.ch.NioSocketImpl.timedFinishConnect(NioSocketImpl.java:547)
	at java.base/sun.nio.ch.NioSocketImpl.connect(NioSocketImpl.java:602)
	at java.base/java.net.SocksSocketImpl.connect(SocksSocketImpl.java:327)
	at java.base/java.net.Socket.connect(Socket.java:633)
	at org.postgresql.core.PGStream.createSocket(PGStream.java:260)
	at org.postgresql.core.PGStream.<init>(PGStream.java:121)
	at org.postgresql.core.v3.ConnectionFactoryImpl.tryConnect(ConnectionFactoryImpl.java:140)
	at org.postgresql.core.v3.ConnectionFactoryImpl.openConnectionImpl(ConnectionFactoryImpl.java:268)
	... 92 common frames omitted
{
                "correlationId": "",
                "timestamp": "2026-03-22T02:46:03.380",
                "level": "WARN",
                "thread": "http-nio-8085-exec-7",
                "logger": "org.springframework.boot.actuate.jdbc.DataSourceHealthIndicator",
                "message": "DataSource health check failed"
                }org.springframework.jdbc.CannotGetJdbcConnectionException: Failed to obtain JDBC Connection
	at org.springframework.jdbc.datasource.DataSourceUtils.getConnection(DataSourceUtils.java:84)
	at org.springframework.jdbc.core.JdbcTemplate.execute(JdbcTemplate.java:342)
	at org.springframework.boot.actuate.jdbc.DataSourceHealthIndicator.getProduct(DataSourceHealthIndicator.java:122)
	at org.springframework.boot.actuate.jdbc.DataSourceHealthIndicator.doDataSourceHealthCheck(DataSourceHealthIndicator.java:105)
	at org.springframework.boot.actuate.jdbc.DataSourceHealthIndicator.doHealthCheck(DataSourceHealthIndicator.java:100)
	at org.springframework.boot.actuate.health.AbstractHealthIndicator.health(AbstractHealthIndicator.java:82)
	at org.springframework.boot.actuate.health.HealthIndicator.getHealth(HealthIndicator.java:37)
	at org.springframework.boot.actuate.health.HealthEndpointWebExtension.getHealth(HealthEndpointWebExtension.java:94)
	at org.springframework.boot.actuate.health.HealthEndpointWebExtension.getHealth(HealthEndpointWebExtension.java:47)
	at org.springframework.boot.actuate.health.HealthEndpointSupport.getLoggedHealth(HealthEndpointSupport.java:172)
	at org.springframework.boot.actuate.health.HealthEndpointSupport.getContribution(HealthEndpointSupport.java:145)
	at org.springframework.boot.actuate.health.HealthEndpointSupport.getAggregateContribution(HealthEndpointSupport.java:156)
	at org.springframework.boot.actuate.health.HealthEndpointSupport.getContribution(HealthEndpointSupport.java:141)
	at org.springframework.boot.actuate.health.HealthEndpointSupport.getHealth(HealthEndpointSupport.java:110)
	at org.springframework.boot.actuate.health.HealthEndpointSupport.getHealth(HealthEndpointSupport.java:81)
	at org.springframework.boot.actuate.health.HealthEndpointWebExtension.health(HealthEndpointWebExtension.java:80)
	at org.springframework.boot.actuate.health.HealthEndpointWebExtension.health(HealthEndpointWebExtension.java:69)
	at java.base/jdk.internal.reflect.NativeMethodAccessorImpl.invoke0(Native Method)
	at java.base/jdk.internal.reflect.NativeMethodAccessorImpl.invoke(NativeMethodAccessorImpl.java:77)
	at java.base/jdk.internal.reflect.DelegatingMethodAccessorImpl.invoke(DelegatingMethodAccessorImpl.java:43)
	at java.base/java.lang.reflect.Method.invoke(Method.java:569)
	at org.springframework.util.ReflectionUtils.invokeMethod(ReflectionUtils.java:281)
	at org.springframework.boot.actuate.endpoint.invoke.reflect.ReflectiveOperationInvoker.invoke(ReflectiveOperationInvoker.java:74)
	at org.springframework.boot.actuate.endpoint.annotation.AbstractDiscoveredOperation.invoke(AbstractDiscoveredOperation.java:60)
	at org.springframework.boot.actuate.endpoint.web.servlet.AbstractWebMvcEndpointHandlerMapping$ServletWebOperationAdapter.handle(AbstractWebMvcEndpointHandlerMapping.java:327)
	at org.springframework.boot.actuate.endpoint.web.servlet.AbstractWebMvcEndpointHandlerMapping$OperationHandler.handle(AbstractWebMvcEndpointHandlerMapping.java:434)
	at jdk.internal.reflect.GeneratedMethodAccessor10.invoke(Unknown Source)
	at java.base/jdk.internal.reflect.DelegatingMethodAccessorImpl.invoke(DelegatingMethodAccessorImpl.java:43)
	at java.base/java.lang.reflect.Method.invoke(Method.java:569)
	at org.springframework.web.method.support.InvocableHandlerMethod.doInvoke(InvocableHandlerMethod.java:255)
	at org.springframework.web.method.support.InvocableHandlerMethod.invokeForRequest(InvocableHandlerMethod.java:188)
	at org.springframework.web.servlet.mvc.method.annotation.ServletInvocableHandlerMethod.invokeAndHandle(ServletInvocableHandlerMethod.java:118)
	at org.springframework.web.servlet.mvc.method.annotation.RequestMappingHandlerAdapter.invokeHandlerMethod(RequestMappingHandlerAdapter.java:926)
	at org.springframework.web.servlet.mvc.method.annotation.RequestMappingHandlerAdapter.handleInternal(RequestMappingHandlerAdapter.java:831)
	at org.springframework.web.servlet.mvc.method.AbstractHandlerMethodAdapter.handle(AbstractHandlerMethodAdapter.java:87)
	at org.springframework.web.servlet.DispatcherServlet.doDispatch(DispatcherServlet.java:1089)
	at org.springframework.web.servlet.DispatcherServlet.doService(DispatcherServlet.java:979)
	at org.springframework.web.servlet.FrameworkServlet.processRequest(FrameworkServlet.java:1014)
	at org.springframework.web.servlet.FrameworkServlet.doGet(FrameworkServlet.java:903)
	at jakarta.servlet.http.HttpServlet.doHead(HttpServlet.java:211)
	at jakarta.servlet.http.HttpServlet.service(HttpServlet.java:587)
	at org.springframework.web.servlet.FrameworkServlet.service(FrameworkServlet.java:885)
	at jakarta.servlet.http.HttpServlet.service(HttpServlet.java:658)
	at org.apache.catalina.core.ApplicationFilterChain.internalDoFilter(ApplicationFilterChain.java:206)
	at org.apache.catalina.core.ApplicationFilterChain.doFilter(ApplicationFilterChain.java:150)
	at org.apache.tomcat.websocket.server.WsFilter.doFilter(WsFilter.java:51)
	at org.apache.catalina.core.ApplicationFilterChain.internalDoFilter(ApplicationFilterChain.java:175)
	at org.apache.catalina.core.ApplicationFilterChain.doFilter(ApplicationFilterChain.java:150)
	at org.springframework.web.filter.RequestContextFilter.doFilterInternal(RequestContextFilter.java:100)
	at org.springframework.web.filter.OncePerRequestFilter.doFilter(OncePerRequestFilter.java:116)
	at org.apache.catalina.core.ApplicationFilterChain.internalDoFilter(ApplicationFilterChain.java:175)
	at org.apache.catalina.core.ApplicationFilterChain.doFilter(ApplicationFilterChain.java:150)
	at org.springframework.web.filter.FormContentFilter.doFilterInternal(FormContentFilter.java:93)
	at org.springframework.web.filter.OncePerRequestFilter.doFilter(OncePerRequestFilter.java:116)
	at org.apache.catalina.core.ApplicationFilterChain.internalDoFilter(ApplicationFilterChain.java:175)
	at org.apache.catalina.core.ApplicationFilterChain.doFilter(ApplicationFilterChain.java:150)
	at org.springframework.web.filter.ServerHttpObservationFilter.doFilterInternal(ServerHttpObservationFilter.java:109)
	at org.springframework.web.filter.OncePerRequestFilter.doFilter(OncePerRequestFilter.java:116)
	at org.apache.catalina.core.ApplicationFilterChain.internalDoFilter(ApplicationFilterChain.java:175)
	at org.apache.catalina.core.ApplicationFilterChain.doFilter(ApplicationFilterChain.java:150)
	at org.springframework.web.filter.CharacterEncodingFilter.doFilterInternal(CharacterEncodingFilter.java:201)
	at org.springframework.web.filter.OncePerRequestFilter.doFilter(OncePerRequestFilter.java:116)
	at org.apache.catalina.core.ApplicationFilterChain.internalDoFilter(ApplicationFilterChain.java:175)
	at org.apache.catalina.core.ApplicationFilterChain.doFilter(ApplicationFilterChain.java:150)
	at org.apache.catalina.core.StandardWrapperValve.invoke(StandardWrapperValve.java:167)
	at org.apache.catalina.core.StandardContextValve.invoke(StandardContextValve.java:90)
	at org.apache.catalina.authenticator.AuthenticatorBase.invoke(AuthenticatorBase.java:482)
	at org.apache.catalina.core.StandardHostValve.invoke(StandardHostValve.java:115)
	at org.apache.catalina.valves.ErrorReportValve.invoke(ErrorReportValve.java:93)
	at org.apache.catalina.core.StandardEngineValve.invoke(StandardEngineValve.java:74)
	at org.apache.catalina.connector.CoyoteAdapter.service(CoyoteAdapter.java:344)
	at org.apache.coyote.http11.Http11Processor.service(Http11Processor.java:391)
	at org.apache.coyote.AbstractProcessorLight.process(AbstractProcessorLight.java:63)
	at org.apache.coyote.AbstractProtocol$ConnectionHandler.process(AbstractProtocol.java:896)
	at org.apache.tomcat.util.net.NioEndpoint$SocketProcessor.doRun(NioEndpoint.java:1736)
	at org.apache.tomcat.util.net.SocketProcessorBase.run(SocketProcessorBase.java:52)
	at org.apache.tomcat.util.threads.ThreadPoolExecutor.runWorker(ThreadPoolExecutor.java:1191)
	at org.apache.tomcat.util.threads.ThreadPoolExecutor$Worker.run(ThreadPoolExecutor.java:659)
	at org.apache.tomcat.util.threads.TaskThread$WrappingRunnable.run(TaskThread.java:63)
	at java.base/java.lang.Thread.run(Thread.java:840)
Caused by: org.postgresql.util.PSQLException: Connection to crs-crossword-db:5435 refused. Check that the hostname and port are correct and that the postmaster is accepting TCP/IP connections.
	at org.postgresql.core.v3.ConnectionFactoryImpl.openConnectionImpl(ConnectionFactoryImpl.java:352)
	at org.postgresql.core.ConnectionFactory.openConnection(ConnectionFactory.java:54)
	at org.postgresql.jdbc.PgConnection.<init>(PgConnection.java:273)
	at org.postgresql.Driver.makeConnection(Driver.java:446)
	at org.postgresql.Driver.connect(Driver.java:298)
	at java.sql/java.sql.DriverManager.getConnection(DriverManager.java:681)
	at java.sql/java.sql.DriverManager.getConnection(DriverManager.java:190)
	at org.springframework.jdbc.datasource.DriverManagerDataSource.getConnectionFromDriverManager(DriverManagerDataSource.java:155)
	at org.springframework.jdbc.datasource.DriverManagerDataSource.getConnectionFromDriver(DriverManagerDataSource.java:146)
	at org.springframework.jdbc.datasource.AbstractDriverBasedDataSource.getConnectionFromDriver(AbstractDriverBasedDataSource.java:205)
	at org.springframework.jdbc.datasource.AbstractDriverBasedDataSource.getConnection(AbstractDriverBasedDataSource.java:169)
	at org.springframework.jdbc.datasource.DataSourceUtils.fetchConnection(DataSourceUtils.java:160)
	at org.springframework.jdbc.datasource.DataSourceUtils.doGetConnection(DataSourceUtils.java:118)
	at org.springframework.jdbc.datasource.DataSourceUtils.getConnection(DataSourceUtils.java:81)
	... 79 common frames omitted
Caused by: java.net.ConnectException: Connection refused
	at java.base/sun.nio.ch.Net.pollConnect(Native Method)
	at java.base/sun.nio.ch.Net.pollConnectNow(Net.java:684)
	at java.base/sun.nio.ch.NioSocketImpl.timedFinishConnect(NioSocketImpl.java:547)
	at java.base/sun.nio.ch.NioSocketImpl.connect(NioSocketImpl.java:602)
	at java.base/java.net.SocksSocketImpl.connect(SocksSocketImpl.java:327)
	at java.base/java.net.Socket.connect(Socket.java:633)
	at org.postgresql.core.PGStream.createSocket(PGStream.java:260)
	at org.postgresql.core.PGStream.<init>(PGStream.java:121)
	at org.postgresql.core.v3.ConnectionFactoryImpl.tryConnect(ConnectionFactoryImpl.java:140)
	at org.postgresql.core.v3.ConnectionFactoryImpl.openConnectionImpl(ConnectionFactoryImpl.java:268)
	... 92 common frames omitted
{
                "correlationId": "",
                "timestamp": "2026-03-22T02:46:33.471",
                "level": "WARN",
                "thread": "http-nio-8085-exec-8",
                "logger": "org.springframework.boot.actuate.jdbc.DataSourceHealthIndicator",
                "message": "DataSource health check failed"
                }org.springframework.jdbc.CannotGetJdbcConnectionException: Failed to obtain JDBC Connection
	at org.springframework.jdbc.datasource.DataSourceUtils.getConnection(DataSourceUtils.java:84)
	at org.springframework.jdbc.core.JdbcTemplate.execute(JdbcTemplate.java:342)
	at org.springframework.boot.actuate.jdbc.DataSourceHealthIndicator.getProduct(DataSourceHealthIndicator.java:122)
	at org.springframework.boot.actuate.jdbc.DataSourceHealthIndicator.doDataSourceHealthCheck(DataSourceHealthIndicator.java:105)
	at org.springframework.boot.actuate.jdbc.DataSourceHealthIndicator.doHealthCheck(DataSourceHealthIndicator.java:100)
	at org.springframework.boot.actuate.health.AbstractHealthIndicator.health(AbstractHealthIndicator.java:82)
	at org.springframework.boot.actuate.health.HealthIndicator.getHealth(HealthIndicator.java:37)
	at org.springframework.boot.actuate.health.HealthEndpointWebExtension.getHealth(HealthEndpointWebExtension.java:94)
	at org.springframework.boot.actuate.health.HealthEndpointWebExtension.getHealth(HealthEndpointWebExtension.java:47)
	at org.springframework.boot.actuate.health.HealthEndpointSupport.getLoggedHealth(HealthEndpointSupport.java:172)
	at org.springframework.boot.actuate.health.HealthEndpointSupport.getContribution(HealthEndpointSupport.java:145)
	at org.springframework.boot.actuate.health.HealthEndpointSupport.getAggregateContribution(HealthEndpointSupport.java:156)
	at org.springframework.boot.actuate.health.HealthEndpointSupport.getContribution(HealthEndpointSupport.java:141)
	at org.springframework.boot.actuate.health.HealthEndpointSupport.getHealth(HealthEndpointSupport.java:110)
	at org.springframework.boot.actuate.health.HealthEndpointSupport.getHealth(HealthEndpointSupport.java:81)
	at org.springframework.boot.actuate.health.HealthEndpointWebExtension.health(HealthEndpointWebExtension.java:80)
	at org.springframework.boot.actuate.health.HealthEndpointWebExtension.health(HealthEndpointWebExtension.java:69)
	at java.base/jdk.internal.reflect.NativeMethodAccessorImpl.invoke0(Native Method)
	at java.base/jdk.internal.reflect.NativeMethodAccessorImpl.invoke(NativeMethodAccessorImpl.java:77)
	at java.base/jdk.internal.reflect.DelegatingMethodAccessorImpl.invoke(DelegatingMethodAccessorImpl.java:43)
	at java.base/java.lang.reflect.Method.invoke(Method.java:569)
	at org.springframework.util.ReflectionUtils.invokeMethod(ReflectionUtils.java:281)
	at org.springframework.boot.actuate.endpoint.invoke.reflect.ReflectiveOperationInvoker.invoke(ReflectiveOperationInvoker.java:74)
	at org.springframework.boot.actuate.endpoint.annotation.AbstractDiscoveredOperation.invoke(AbstractDiscoveredOperation.java:60)
	at org.springframework.boot.actuate.endpoint.web.servlet.AbstractWebMvcEndpointHandlerMapping$ServletWebOperationAdapter.handle(AbstractWebMvcEndpointHandlerMapping.java:327)
	at org.springframework.boot.actuate.endpoint.web.servlet.AbstractWebMvcEndpointHandlerMapping$OperationHandler.handle(AbstractWebMvcEndpointHandlerMapping.java:434)
	at jdk.internal.reflect.GeneratedMethodAccessor10.invoke(Unknown Source)
	at java.base/jdk.internal.reflect.DelegatingMethodAccessorImpl.invoke(DelegatingMethodAccessorImpl.java:43)
	at java.base/java.lang.reflect.Method.invoke(Method.java:569)
	at org.springframework.web.method.support.InvocableHandlerMethod.doInvoke(InvocableHandlerMethod.java:255)
	at org.springframework.web.method.support.InvocableHandlerMethod.invokeForRequest(InvocableHandlerMethod.java:188)
	at org.springframework.web.servlet.mvc.method.annotation.ServletInvocableHandlerMethod.invokeAndHandle(ServletInvocableHandlerMethod.java:118)
	at org.springframework.web.servlet.mvc.method.annotation.RequestMappingHandlerAdapter.invokeHandlerMethod(RequestMappingHandlerAdapter.java:926)
	at org.springframework.web.servlet.mvc.method.annotation.RequestMappingHandlerAdapter.handleInternal(RequestMappingHandlerAdapter.java:831)
	at org.springframework.web.servlet.mvc.method.AbstractHandlerMethodAdapter.handle(AbstractHandlerMethodAdapter.java:87)
	at org.springframework.web.servlet.DispatcherServlet.doDispatch(DispatcherServlet.java:1089)
	at org.springframework.web.servlet.DispatcherServlet.doService(DispatcherServlet.java:979)
	at org.springframework.web.servlet.FrameworkServlet.processRequest(FrameworkServlet.java:1014)
	at org.springframework.web.servlet.FrameworkServlet.doGet(FrameworkServlet.java:903)
	at jakarta.servlet.http.HttpServlet.doHead(HttpServlet.java:211)
	at jakarta.servlet.http.HttpServlet.service(HttpServlet.java:587)
	at org.springframework.web.servlet.FrameworkServlet.service(FrameworkServlet.java:885)
	at jakarta.servlet.http.HttpServlet.service(HttpServlet.java:658)
	at org.apache.catalina.core.ApplicationFilterChain.internalDoFilter(ApplicationFilterChain.java:206)
	at org.apache.catalina.core.ApplicationFilterChain.doFilter(ApplicationFilterChain.java:150)
	at org.apache.tomcat.websocket.server.WsFilter.doFilter(WsFilter.java:51)
	at org.apache.catalina.core.ApplicationFilterChain.internalDoFilter(ApplicationFilterChain.java:175)
	at org.apache.catalina.core.ApplicationFilterChain.doFilter(ApplicationFilterChain.java:150)
	at org.springframework.web.filter.RequestContextFilter.doFilterInternal(RequestContextFilter.java:100)
	at org.springframework.web.filter.OncePerRequestFilter.doFilter(OncePerRequestFilter.java:116)
	at org.apache.catalina.core.ApplicationFilterChain.internalDoFilter(ApplicationFilterChain.java:175)
	at org.apache.catalina.core.ApplicationFilterChain.doFilter(ApplicationFilterChain.java:150)
	at org.springframework.web.filter.FormContentFilter.doFilterInternal(FormContentFilter.java:93)
	at org.springframework.web.filter.OncePerRequestFilter.doFilter(OncePerRequestFilter.java:116)
	at org.apache.catalina.core.ApplicationFilterChain.internalDoFilter(ApplicationFilterChain.java:175)
	at org.apache.catalina.core.ApplicationFilterChain.doFilter(ApplicationFilterChain.java:150)
	at org.springframework.web.filter.ServerHttpObservationFilter.doFilterInternal(ServerHttpObservationFilter.java:109)
	at org.springframework.web.filter.OncePerRequestFilter.doFilter(OncePerRequestFilter.java:116)
	at org.apache.catalina.core.ApplicationFilterChain.internalDoFilter(ApplicationFilterChain.java:175)
	at org.apache.catalina.core.ApplicationFilterChain.doFilter(ApplicationFilterChain.java:150)
	at org.springframework.web.filter.CharacterEncodingFilter.doFilterInternal(CharacterEncodingFilter.java:201)
	at org.springframework.web.filter.OncePerRequestFilter.doFilter(OncePerRequestFilter.java:116)
	at org.apache.catalina.core.ApplicationFilterChain.internalDoFilter(ApplicationFilterChain.java:175)
	at org.apache.catalina.core.ApplicationFilterChain.doFilter(ApplicationFilterChain.java:150)
	at org.apache.catalina.core.StandardWrapperValve.invoke(StandardWrapperValve.java:167)
	at org.apache.catalina.core.StandardContextValve.invoke(StandardContextValve.java:90)
	at org.apache.catalina.authenticator.AuthenticatorBase.invoke(AuthenticatorBase.java:482)
	at org.apache.catalina.core.StandardHostValve.invoke(StandardHostValve.java:115)
	at org.apache.catalina.valves.ErrorReportValve.invoke(ErrorReportValve.java:93)
	at org.apache.catalina.core.StandardEngineValve.invoke(StandardEngineValve.java:74)
	at org.apache.catalina.connector.CoyoteAdapter.service(CoyoteAdapter.java:344)
	at org.apache.coyote.http11.Http11Processor.service(Http11Processor.java:391)
	at org.apache.coyote.AbstractProcessorLight.process(AbstractProcessorLight.java:63)
	at org.apache.coyote.AbstractProtocol$ConnectionHandler.process(AbstractProtocol.java:896)
	at org.apache.tomcat.util.net.NioEndpoint$SocketProcessor.doRun(NioEndpoint.java:1736)
	at org.apache.tomcat.util.net.SocketProcessorBase.run(SocketProcessorBase.java:52)
	at org.apache.tomcat.util.threads.ThreadPoolExecutor.runWorker(ThreadPoolExecutor.java:1191)
	at org.apache.tomcat.util.threads.ThreadPoolExecutor$Worker.run(ThreadPoolExecutor.java:659)
	at org.apache.tomcat.util.threads.TaskThread$WrappingRunnable.run(TaskThread.java:63)
	at java.base/java.lang.Thread.run(Thread.java:840)
Caused by: org.postgresql.util.PSQLException: Connection to crs-crossword-db:5435 refused. Check that the hostname and port are correct and that the postmaster is accepting TCP/IP connections.
	at org.postgresql.core.v3.ConnectionFactoryImpl.openConnectionImpl(ConnectionFactoryImpl.java:352)
	at org.postgresql.core.ConnectionFactory.openConnection(ConnectionFactory.java:54)
	at org.postgresql.jdbc.PgConnection.<init>(PgConnection.java:273)
	at org.postgresql.Driver.makeConnection(Driver.java:446)
	at org.postgresql.Driver.connect(Driver.java:298)
	at java.sql/java.sql.DriverManager.getConnection(DriverManager.java:681)
	at java.sql/java.sql.DriverManager.getConnection(DriverManager.java:190)
	at org.springframework.jdbc.datasource.DriverManagerDataSource.getConnectionFromDriverManager(DriverManagerDataSource.java:155)
	at org.springframework.jdbc.datasource.DriverManagerDataSource.getConnectionFromDriver(DriverManagerDataSource.java:146)
	at org.springframework.jdbc.datasource.AbstractDriverBasedDataSource.getConnectionFromDriver(AbstractDriverBasedDataSource.java:205)
	at org.springframework.jdbc.datasource.AbstractDriverBasedDataSource.getConnection(AbstractDriverBasedDataSource.java:169)
	at org.springframework.jdbc.datasource.DataSourceUtils.fetchConnection(DataSourceUtils.java:160)
	at org.springframework.jdbc.datasource.DataSourceUtils.doGetConnection(DataSourceUtils.java:118)
	at org.springframework.jdbc.datasource.DataSourceUtils.getConnection(DataSourceUtils.java:81)
	... 79 common frames omitted
Caused by: java.net.ConnectException: Connection refused
	at java.base/sun.nio.ch.Net.pollConnect(Native Method)
	at java.base/sun.nio.ch.Net.pollConnectNow(Net.java:684)
	at java.base/sun.nio.ch.NioSocketImpl.timedFinishConnect(NioSocketImpl.java:547)
	at java.base/sun.nio.ch.NioSocketImpl.connect(NioSocketImpl.java:602)
	at java.base/java.net.SocksSocketImpl.connect(SocksSocketImpl.java:327)
	at java.base/java.net.Socket.connect(Socket.java:633)
	at org.postgresql.core.PGStream.createSocket(PGStream.java:260)
	at org.postgresql.core.PGStream.<init>(PGStream.java:121)
	at org.postgresql.core.v3.ConnectionFactoryImpl.tryConnect(ConnectionFactoryImpl.java:140)
	at org.postgresql.core.v3.ConnectionFactoryImpl.openConnectionImpl(ConnectionFactoryImpl.java:268)
	... 92 common frames omitted
{
                "correlationId": "",
                "timestamp": "2026-03-22T02:47:03.530",
                "level": "WARN",
                "thread": "http-nio-8085-exec-9",
                "logger": "org.springframework.boot.actuate.jdbc.DataSourceHealthIndicator",
                "message": "DataSource health check failed"
                }org.springframework.jdbc.CannotGetJdbcConnectionException: Failed to obtain JDBC Connection
	at org.springframework.jdbc.datasource.DataSourceUtils.getConnection(DataSourceUtils.java:84)
	at org.springframework.jdbc.core.JdbcTemplate.execute(JdbcTemplate.java:342)
	at org.springframework.boot.actuate.jdbc.DataSourceHealthIndicator.getProduct(DataSourceHealthIndicator.java:122)
	at org.springframework.boot.actuate.jdbc.DataSourceHealthIndicator.doDataSourceHealthCheck(DataSourceHealthIndicator.java:105)
	at org.springframework.boot.actuate.jdbc.DataSourceHealthIndicator.doHealthCheck(DataSourceHealthIndicator.java:100)
	at org.springframework.boot.actuate.health.AbstractHealthIndicator.health(AbstractHealthIndicator.java:82)
	at org.springframework.boot.actuate.health.HealthIndicator.getHealth(HealthIndicator.java:37)
	at org.springframework.boot.actuate.health.HealthEndpointWebExtension.getHealth(HealthEndpointWebExtension.java:94)
	at org.springframework.boot.actuate.health.HealthEndpointWebExtension.getHealth(HealthEndpointWebExtension.java:47)
	at org.springframework.boot.actuate.health.HealthEndpointSupport.getLoggedHealth(HealthEndpointSupport.java:172)
	at org.springframework.boot.actuate.health.HealthEndpointSupport.getContribution(HealthEndpointSupport.java:145)
	at org.springframework.boot.actuate.health.HealthEndpointSupport.getAggregateContribution(HealthEndpointSupport.java:156)
	at org.springframework.boot.actuate.health.HealthEndpointSupport.getContribution(HealthEndpointSupport.java:141)
	at org.springframework.boot.actuate.health.HealthEndpointSupport.getHealth(HealthEndpointSupport.java:110)
	at org.springframework.boot.actuate.health.HealthEndpointSupport.getHealth(HealthEndpointSupport.java:81)
	at org.springframework.boot.actuate.health.HealthEndpointWebExtension.health(HealthEndpointWebExtension.java:80)
	at org.springframework.boot.actuate.health.HealthEndpointWebExtension.health(HealthEndpointWebExtension.java:69)
	at java.base/jdk.internal.reflect.NativeMethodAccessorImpl.invoke0(Native Method)
	at java.base/jdk.internal.reflect.NativeMethodAccessorImpl.invoke(NativeMethodAccessorImpl.java:77)
	at java.base/jdk.internal.reflect.DelegatingMethodAccessorImpl.invoke(DelegatingMethodAccessorImpl.java:43)
	at java.base/java.lang.reflect.Method.invoke(Method.java:569)
	at org.springframework.util.ReflectionUtils.invokeMethod(ReflectionUtils.java:281)
	at org.springframework.boot.actuate.endpoint.invoke.reflect.ReflectiveOperationInvoker.invoke(ReflectiveOperationInvoker.java:74)
	at org.springframework.boot.actuate.endpoint.annotation.AbstractDiscoveredOperation.invoke(AbstractDiscoveredOperation.java:60)
	at org.springframework.boot.actuate.endpoint.web.servlet.AbstractWebMvcEndpointHandlerMapping$ServletWebOperationAdapter.handle(AbstractWebMvcEndpointHandlerMapping.java:327)
	at org.springframework.boot.actuate.endpoint.web.servlet.AbstractWebMvcEndpointHandlerMapping$OperationHandler.handle(AbstractWebMvcEndpointHandlerMapping.java:434)
	at jdk.internal.reflect.GeneratedMethodAccessor10.invoke(Unknown Source)
	at java.base/jdk.internal.reflect.DelegatingMethodAccessorImpl.invoke(DelegatingMethodAccessorImpl.java:43)
	at java.base/java.lang.reflect.Method.invoke(Method.java:569)
	at org.springframework.web.method.support.InvocableHandlerMethod.doInvoke(InvocableHandlerMethod.java:255)
	at org.springframework.web.method.support.InvocableHandlerMethod.invokeForRequest(InvocableHandlerMethod.java:188)
	at org.springframework.web.servlet.mvc.method.annotation.ServletInvocableHandlerMethod.invokeAndHandle(ServletInvocableHandlerMethod.java:118)
	at org.springframework.web.servlet.mvc.method.annotation.RequestMappingHandlerAdapter.invokeHandlerMethod(RequestMappingHandlerAdapter.java:926)
	at org.springframework.web.servlet.mvc.method.annotation.RequestMappingHandlerAdapter.handleInternal(RequestMappingHandlerAdapter.java:831)
	at org.springframework.web.servlet.mvc.method.AbstractHandlerMethodAdapter.handle(AbstractHandlerMethodAdapter.java:87)
	at org.springframework.web.servlet.DispatcherServlet.doDispatch(DispatcherServlet.java:1089)
	at org.springframework.web.servlet.DispatcherServlet.doService(DispatcherServlet.java:979)
	at org.springframework.web.servlet.FrameworkServlet.processRequest(FrameworkServlet.java:1014)
	at org.springframework.web.servlet.FrameworkServlet.doGet(FrameworkServlet.java:903)
	at jakarta.servlet.http.HttpServlet.doHead(HttpServlet.java:211)
	at jakarta.servlet.http.HttpServlet.service(HttpServlet.java:587)
	at org.springframework.web.servlet.FrameworkServlet.service(FrameworkServlet.java:885)
	at jakarta.servlet.http.HttpServlet.service(HttpServlet.java:658)
	at org.apache.catalina.core.ApplicationFilterChain.internalDoFilter(ApplicationFilterChain.java:206)
	at org.apache.catalina.core.ApplicationFilterChain.doFilter(ApplicationFilterChain.java:150)
	at org.apache.tomcat.websocket.server.WsFilter.doFilter(WsFilter.java:51)
	at org.apache.catalina.core.ApplicationFilterChain.internalDoFilter(ApplicationFilterChain.java:175)
	at org.apache.catalina.core.ApplicationFilterChain.doFilter(ApplicationFilterChain.java:150)
	at org.springframework.web.filter.RequestContextFilter.doFilterInternal(RequestContextFilter.java:100)
	at org.springframework.web.filter.OncePerRequestFilter.doFilter(OncePerRequestFilter.java:116)
	at org.apache.catalina.core.ApplicationFilterChain.internalDoFilter(ApplicationFilterChain.java:175)
	at org.apache.catalina.core.ApplicationFilterChain.doFilter(ApplicationFilterChain.java:150)
	at org.springframework.web.filter.FormContentFilter.doFilterInternal(FormContentFilter.java:93)
	at org.springframework.web.filter.OncePerRequestFilter.doFilter(OncePerRequestFilter.java:116)
	at org.apache.catalina.core.ApplicationFilterChain.internalDoFilter(ApplicationFilterChain.java:175)
	at org.apache.catalina.core.ApplicationFilterChain.doFilter(ApplicationFilterChain.java:150)
	at org.springframework.web.filter.ServerHttpObservationFilter.doFilterInternal(ServerHttpObservationFilter.java:109)
	at org.springframework.web.filter.OncePerRequestFilter.doFilter(OncePerRequestFilter.java:116)
	at org.apache.catalina.core.ApplicationFilterChain.internalDoFilter(ApplicationFilterChain.java:175)
	at org.apache.catalina.core.ApplicationFilterChain.doFilter(ApplicationFilterChain.java:150)
	at org.springframework.web.filter.CharacterEncodingFilter.doFilterInternal(CharacterEncodingFilter.java:201)
	at org.springframework.web.filter.OncePerRequestFilter.doFilter(OncePerRequestFilter.java:116)
	at org.apache.catalina.core.ApplicationFilterChain.internalDoFilter(ApplicationFilterChain.java:175)
	at org.apache.catalina.core.ApplicationFilterChain.doFilter(ApplicationFilterChain.java:150)
	at org.apache.catalina.core.StandardWrapperValve.invoke(StandardWrapperValve.java:167)
	at org.apache.catalina.core.StandardContextValve.invoke(StandardContextValve.java:90)
	at org.apache.catalina.authenticator.AuthenticatorBase.invoke(AuthenticatorBase.java:482)
	at org.apache.catalina.core.StandardHostValve.invoke(StandardHostValve.java:115)
	at org.apache.catalina.valves.ErrorReportValve.invoke(ErrorReportValve.java:93)
	at org.apache.catalina.core.StandardEngineValve.invoke(StandardEngineValve.java:74)
	at org.apache.catalina.connector.CoyoteAdapter.service(CoyoteAdapter.java:344)
	at org.apache.coyote.http11.Http11Processor.service(Http11Processor.java:391)
	at org.apache.coyote.AbstractProcessorLight.process(AbstractProcessorLight.java:63)
	at org.apache.coyote.AbstractProtocol$ConnectionHandler.process(AbstractProtocol.java:896)
	at org.apache.tomcat.util.net.NioEndpoint$SocketProcessor.doRun(NioEndpoint.java:1736)
	at org.apache.tomcat.util.net.SocketProcessorBase.run(SocketProcessorBase.java:52)
	at org.apache.tomcat.util.threads.ThreadPoolExecutor.runWorker(ThreadPoolExecutor.java:1191)
	at org.apache.tomcat.util.threads.ThreadPoolExecutor$Worker.run(ThreadPoolExecutor.java:659)
	at org.apache.tomcat.util.threads.TaskThread$WrappingRunnable.run(TaskThread.java:63)
	at java.base/java.lang.Thread.run(Thread.java:840)
Caused by: org.postgresql.util.PSQLException: Connection to crs-crossword-db:5435 refused. Check that the hostname and port are correct and that the postmaster is accepting TCP/IP connections.
	at org.postgresql.core.v3.ConnectionFactoryImpl.openConnectionImpl(ConnectionFactoryImpl.java:352)
	at org.postgresql.core.ConnectionFactory.openConnection(ConnectionFactory.java:54)
	at org.postgresql.jdbc.PgConnection.<init>(PgConnection.java:273)
	at org.postgresql.Driver.makeConnection(Driver.java:446)
	at org.postgresql.Driver.connect(Driver.java:298)
	at java.sql/java.sql.DriverManager.getConnection(DriverManager.java:681)
	at java.sql/java.sql.DriverManager.getConnection(DriverManager.java:190)
	at org.springframework.jdbc.datasource.DriverManagerDataSource.getConnectionFromDriverManager(DriverManagerDataSource.java:155)
	at org.springframework.jdbc.datasource.DriverManagerDataSource.getConnectionFromDriver(DriverManagerDataSource.java:146)
	at org.springframework.jdbc.datasource.AbstractDriverBasedDataSource.getConnectionFromDriver(AbstractDriverBasedDataSource.java:205)
	at org.springframework.jdbc.datasource.AbstractDriverBasedDataSource.getConnection(AbstractDriverBasedDataSource.java:169)
	at org.springframework.jdbc.datasource.DataSourceUtils.fetchConnection(DataSourceUtils.java:160)
	at org.springframework.jdbc.datasource.DataSourceUtils.doGetConnection(DataSourceUtils.java:118)
	at org.springframework.jdbc.datasource.DataSourceUtils.getConnection(DataSourceUtils.java:81)
	... 79 common frames omitted
Caused by: java.net.ConnectException: Connection refused
	at java.base/sun.nio.ch.Net.pollConnect(Native Method)
	at java.base/sun.nio.ch.Net.pollConnectNow(Net.java:684)
	at java.base/sun.nio.ch.NioSocketImpl.timedFinishConnect(NioSocketImpl.java:547)
	at java.base/sun.nio.ch.NioSocketImpl.connect(NioSocketImpl.java:602)
	at java.base/java.net.SocksSocketImpl.connect(SocksSocketImpl.java:327)
	at java.base/java.net.Socket.connect(Socket.java:633)
	at org.postgresql.core.PGStream.createSocket(PGStream.java:260)
	at org.postgresql.core.PGStream.<init>(PGStream.java:121)
	at org.postgresql.core.v3.ConnectionFactoryImpl.tryConnect(ConnectionFactoryImpl.java:140)
	at org.postgresql.core.v3.ConnectionFactoryImpl.openConnectionImpl(ConnectionFactoryImpl.java:268)
	... 92 common frames omitted
{
                "correlationId": "",
                "timestamp": "2026-03-22T02:47:33.609",
                "level": "WARN",
                "thread": "http-nio-8085-exec-10",
                "logger": "org.springframework.boot.actuate.jdbc.DataSourceHealthIndicator",
                "message": "DataSource health check failed"
                }org.springframework.jdbc.CannotGetJdbcConnectionException: Failed to obtain JDBC Connection
	at org.springframework.jdbc.datasource.DataSourceUtils.getConnection(DataSourceUtils.java:84)
	at org.springframework.jdbc.core.JdbcTemplate.execute(JdbcTemplate.java:342)
	at org.springframework.boot.actuate.jdbc.DataSourceHealthIndicator.getProduct(DataSourceHealthIndicator.java:122)
	at org.springframework.boot.actuate.jdbc.DataSourceHealthIndicator.doDataSourceHealthCheck(DataSourceHealthIndicator.java:105)
	at org.springframework.boot.actuate.jdbc.DataSourceHealthIndicator.doHealthCheck(DataSourceHealthIndicator.java:100)
	at org.springframework.boot.actuate.health.AbstractHealthIndicator.health(AbstractHealthIndicator.java:82)
	at org.springframework.boot.actuate.health.HealthIndicator.getHealth(HealthIndicator.java:37)
	at org.springframework.boot.actuate.health.HealthEndpointWebExtension.getHealth(HealthEndpointWebExtension.java:94)
	at org.springframework.boot.actuate.health.HealthEndpointWebExtension.getHealth(HealthEndpointWebExtension.java:47)
	at org.springframework.boot.actuate.health.HealthEndpointSupport.getLoggedHealth(HealthEndpointSupport.java:172)
	at org.springframework.boot.actuate.health.HealthEndpointSupport.getContribution(HealthEndpointSupport.java:145)
	at org.springframework.boot.actuate.health.HealthEndpointSupport.getAggregateContribution(HealthEndpointSupport.java:156)
	at org.springframework.boot.actuate.health.HealthEndpointSupport.getContribution(HealthEndpointSupport.java:141)
	at org.springframework.boot.actuate.health.HealthEndpointSupport.getHealth(HealthEndpointSupport.java:110)
	at org.springframework.boot.actuate.health.HealthEndpointSupport.getHealth(HealthEndpointSupport.java:81)
	at org.springframework.boot.actuate.health.HealthEndpointWebExtension.health(HealthEndpointWebExtension.java:80)
	at org.springframework.boot.actuate.health.HealthEndpointWebExtension.health(HealthEndpointWebExtension.java:69)
	at java.base/jdk.internal.reflect.NativeMethodAccessorImpl.invoke0(Native Method)
	at java.base/jdk.internal.reflect.NativeMethodAccessorImpl.invoke(NativeMethodAccessorImpl.java:77)
	at java.base/jdk.internal.reflect.DelegatingMethodAccessorImpl.invoke(DelegatingMethodAccessorImpl.java:43)
	at java.base/java.lang.reflect.Method.invoke(Method.java:569)
	at org.springframework.util.ReflectionUtils.invokeMethod(ReflectionUtils.java:281)
	at org.springframework.boot.actuate.endpoint.invoke.reflect.ReflectiveOperationInvoker.invoke(ReflectiveOperationInvoker.java:74)
	at org.springframework.boot.actuate.endpoint.annotation.AbstractDiscoveredOperation.invoke(AbstractDiscoveredOperation.java:60)
	at org.springframework.boot.actuate.endpoint.web.servlet.AbstractWebMvcEndpointHandlerMapping$ServletWebOperationAdapter.handle(AbstractWebMvcEndpointHandlerMapping.java:327)
	at org.springframework.boot.actuate.endpoint.web.servlet.AbstractWebMvcEndpointHandlerMapping$OperationHandler.handle(AbstractWebMvcEndpointHandlerMapping.java:434)
	at jdk.internal.reflect.GeneratedMethodAccessor10.invoke(Unknown Source)
	at java.base/jdk.internal.reflect.DelegatingMethodAccessorImpl.invoke(DelegatingMethodAccessorImpl.java:43)
	at java.base/java.lang.reflect.Method.invoke(Method.java:569)
	at org.springframework.web.method.support.InvocableHandlerMethod.doInvoke(InvocableHandlerMethod.java:255)
	at org.springframework.web.method.support.InvocableHandlerMethod.invokeForRequest(InvocableHandlerMethod.java:188)
	at org.springframework.web.servlet.mvc.method.annotation.ServletInvocableHandlerMethod.invokeAndHandle(ServletInvocableHandlerMethod.java:118)
	at org.springframework.web.servlet.mvc.method.annotation.RequestMappingHandlerAdapter.invokeHandlerMethod(RequestMappingHandlerAdapter.java:926)
	at org.springframework.web.servlet.mvc.method.annotation.RequestMappingHandlerAdapter.handleInternal(RequestMappingHandlerAdapter.java:831)
	at org.springframework.web.servlet.mvc.method.AbstractHandlerMethodAdapter.handle(AbstractHandlerMethodAdapter.java:87)
	at org.springframework.web.servlet.DispatcherServlet.doDispatch(DispatcherServlet.java:1089)
	at org.springframework.web.servlet.DispatcherServlet.doService(DispatcherServlet.java:979)
	at org.springframework.web.servlet.FrameworkServlet.processRequest(FrameworkServlet.java:1014)
	at org.springframework.web.servlet.FrameworkServlet.doGet(FrameworkServlet.java:903)
	at jakarta.servlet.http.HttpServlet.doHead(HttpServlet.java:211)
	at jakarta.servlet.http.HttpServlet.service(HttpServlet.java:587)
	at org.springframework.web.servlet.FrameworkServlet.service(FrameworkServlet.java:885)
	at jakarta.servlet.http.HttpServlet.service(HttpServlet.java:658)
	at org.apache.catalina.core.ApplicationFilterChain.internalDoFilter(ApplicationFilterChain.java:206)
	at org.apache.catalina.core.ApplicationFilterChain.doFilter(ApplicationFilterChain.java:150)
	at org.apache.tomcat.websocket.server.WsFilter.doFilter(WsFilter.java:51)
	at org.apache.catalina.core.ApplicationFilterChain.internalDoFilter(ApplicationFilterChain.java:175)
	at org.apache.catalina.core.ApplicationFilterChain.doFilter(ApplicationFilterChain.java:150)
	at org.springframework.web.filter.RequestContextFilter.doFilterInternal(RequestContextFilter.java:100)
	at org.springframework.web.filter.OncePerRequestFilter.doFilter(OncePerRequestFilter.java:116)
	at org.apache.catalina.core.ApplicationFilterChain.internalDoFilter(ApplicationFilterChain.java:175)
	at org.apache.catalina.core.ApplicationFilterChain.doFilter(ApplicationFilterChain.java:150)
	at org.springframework.web.filter.FormContentFilter.doFilterInternal(FormContentFilter.java:93)
	at org.springframework.web.filter.OncePerRequestFilter.doFilter(OncePerRequestFilter.java:116)
	at org.apache.catalina.core.ApplicationFilterChain.internalDoFilter(ApplicationFilterChain.java:175)
	at org.apache.catalina.core.ApplicationFilterChain.doFilter(ApplicationFilterChain.java:150)
	at org.springframework.web.filter.ServerHttpObservationFilter.doFilterInternal(ServerHttpObservationFilter.java:109)
	at org.springframework.web.filter.OncePerRequestFilter.doFilter(OncePerRequestFilter.java:116)
	at org.apache.catalina.core.ApplicationFilterChain.internalDoFilter(ApplicationFilterChain.java:175)
	at org.apache.catalina.core.ApplicationFilterChain.doFilter(ApplicationFilterChain.java:150)
	at org.springframework.web.filter.CharacterEncodingFilter.doFilterInternal(CharacterEncodingFilter.java:201)
	at org.springframework.web.filter.OncePerRequestFilter.doFilter(OncePerRequestFilter.java:116)
	at org.apache.catalina.core.ApplicationFilterChain.internalDoFilter(ApplicationFilterChain.java:175)
	at org.apache.catalina.core.ApplicationFilterChain.doFilter(ApplicationFilterChain.java:150)
	at org.apache.catalina.core.StandardWrapperValve.invoke(StandardWrapperValve.java:167)
	at org.apache.catalina.core.StandardContextValve.invoke(StandardContextValve.java:90)
	at org.apache.catalina.authenticator.AuthenticatorBase.invoke(AuthenticatorBase.java:482)
	at org.apache.catalina.core.StandardHostValve.invoke(StandardHostValve.java:115)
	at org.apache.catalina.valves.ErrorReportValve.invoke(ErrorReportValve.java:93)
	at org.apache.catalina.core.StandardEngineValve.invoke(StandardEngineValve.java:74)
	at org.apache.catalina.connector.CoyoteAdapter.service(CoyoteAdapter.java:344)
	at org.apache.coyote.http11.Http11Processor.service(Http11Processor.java:391)
	at org.apache.coyote.AbstractProcessorLight.process(AbstractProcessorLight.java:63)
	at org.apache.coyote.AbstractProtocol$ConnectionHandler.process(AbstractProtocol.java:896)
	at org.apache.tomcat.util.net.NioEndpoint$SocketProcessor.doRun(NioEndpoint.java:1736)
	at org.apache.tomcat.util.net.SocketProcessorBase.run(SocketProcessorBase.java:52)
	at org.apache.tomcat.util.threads.ThreadPoolExecutor.runWorker(ThreadPoolExecutor.java:1191)
	at org.apache.tomcat.util.threads.ThreadPoolExecutor$Worker.run(ThreadPoolExecutor.java:659)
	at org.apache.tomcat.util.threads.TaskThread$WrappingRunnable.run(TaskThread.java:63)
	at java.base/java.lang.Thread.run(Thread.java:840)
Caused by: org.postgresql.util.PSQLException: Connection to crs-crossword-db:5435 refused. Check that the hostname and port are correct and that the postmaster is accepting TCP/IP connections.
	at org.postgresql.core.v3.ConnectionFactoryImpl.openConnectionImpl(ConnectionFactoryImpl.java:352)
	at org.postgresql.core.ConnectionFactory.openConnection(ConnectionFactory.java:54)
	at org.postgresql.jdbc.PgConnection.<init>(PgConnection.java:273)
	at org.postgresql.Driver.makeConnection(Driver.java:446)
	at org.postgresql.Driver.connect(Driver.java:298)
	at java.sql/java.sql.DriverManager.getConnection(DriverManager.java:681)
	at java.sql/java.sql.DriverManager.getConnection(DriverManager.java:190)
	at org.springframework.jdbc.datasource.DriverManagerDataSource.getConnectionFromDriverManager(DriverManagerDataSource.java:155)
	at org.springframework.jdbc.datasource.DriverManagerDataSource.getConnectionFromDriver(DriverManagerDataSource.java:146)
	at org.springframework.jdbc.datasource.AbstractDriverBasedDataSource.getConnectionFromDriver(AbstractDriverBasedDataSource.java:205)
	at org.springframework.jdbc.datasource.AbstractDriverBasedDataSource.getConnection(AbstractDriverBasedDataSource.java:169)
	at org.springframework.jdbc.datasource.DataSourceUtils.fetchConnection(DataSourceUtils.java:160)
	at org.springframework.jdbc.datasource.DataSourceUtils.doGetConnection(DataSourceUtils.java:118)
	at org.springframework.jdbc.datasource.DataSourceUtils.getConnection(DataSourceUtils.java:81)
	... 79 common frames omitted
Caused by: java.net.ConnectException: Connection refused
	at java.base/sun.nio.ch.Net.pollConnect(Native Method)
	at java.base/sun.nio.ch.Net.pollConnectNow(Net.java:684)
	at java.base/sun.nio.ch.NioSocketImpl.timedFinishConnect(NioSocketImpl.java:547)
	at java.base/sun.nio.ch.NioSocketImpl.connect(NioSocketImpl.java:602)
	at java.base/java.net.SocksSocketImpl.connect(SocksSocketImpl.java:327)
	at java.base/java.net.Socket.connect(Socket.java:633)
	at org.postgresql.core.PGStream.createSocket(PGStream.java:260)
	at org.postgresql.core.PGStream.<init>(PGStream.java:121)
	at org.postgresql.core.v3.ConnectionFactoryImpl.tryConnect(ConnectionFactoryImpl.java:140)
	at org.postgresql.core.v3.ConnectionFactoryImpl.openConnectionImpl(ConnectionFactoryImpl.java:268)
	... 92 common frames omitted
{
                "correlationId": "",
                "timestamp": "2026-03-22T02:48:03.669",
                "level": "WARN",
                "thread": "http-nio-8085-exec-1",
                "logger": "org.springframework.boot.actuate.jdbc.DataSourceHealthIndicator",
                "message": "DataSource health check failed"
                }org.springframework.jdbc.CannotGetJdbcConnectionException: Failed to obtain JDBC Connection
	at org.springframework.jdbc.datasource.DataSourceUtils.getConnection(DataSourceUtils.java:84)
	at org.springframework.jdbc.core.JdbcTemplate.execute(JdbcTemplate.java:342)
	at org.springframework.boot.actuate.jdbc.DataSourceHealthIndicator.getProduct(DataSourceHealthIndicator.java:122)
	at org.springframework.boot.actuate.jdbc.DataSourceHealthIndicator.doDataSourceHealthCheck(DataSourceHealthIndicator.java:105)
	at org.springframework.boot.actuate.jdbc.DataSourceHealthIndicator.doHealthCheck(DataSourceHealthIndicator.java:100)
	at org.springframework.boot.actuate.health.AbstractHealthIndicator.health(AbstractHealthIndicator.java:82)
	at org.springframework.boot.actuate.health.HealthIndicator.getHealth(HealthIndicator.java:37)
	at org.springframework.boot.actuate.health.HealthEndpointWebExtension.getHealth(HealthEndpointWebExtension.java:94)
	at org.springframework.boot.actuate.health.HealthEndpointWebExtension.getHealth(HealthEndpointWebExtension.java:47)
	at org.springframework.boot.actuate.health.HealthEndpointSupport.getLoggedHealth(HealthEndpointSupport.java:172)
	at org.springframework.boot.actuate.health.HealthEndpointSupport.getContribution(HealthEndpointSupport.java:145)
	at org.springframework.boot.actuate.health.HealthEndpointSupport.getAggregateContribution(HealthEndpointSupport.java:156)
	at org.springframework.boot.actuate.health.HealthEndpointSupport.getContribution(HealthEndpointSupport.java:141)
	at org.springframework.boot.actuate.health.HealthEndpointSupport.getHealth(HealthEndpointSupport.java:110)
	at org.springframework.boot.actuate.health.HealthEndpointSupport.getHealth(HealthEndpointSupport.java:81)
	at org.springframework.boot.actuate.health.HealthEndpointWebExtension.health(HealthEndpointWebExtension.java:80)
	at org.springframework.boot.actuate.health.HealthEndpointWebExtension.health(HealthEndpointWebExtension.java:69)
	at java.base/jdk.internal.reflect.NativeMethodAccessorImpl.invoke0(Native Method)
	at java.base/jdk.internal.reflect.NativeMethodAccessorImpl.invoke(NativeMethodAccessorImpl.java:77)
	at java.base/jdk.internal.reflect.DelegatingMethodAccessorImpl.invoke(DelegatingMethodAccessorImpl.java:43)
	at java.base/java.lang.reflect.Method.invoke(Method.java:569)
	at org.springframework.util.ReflectionUtils.invokeMethod(ReflectionUtils.java:281)
	at org.springframework.boot.actuate.endpoint.invoke.reflect.ReflectiveOperationInvoker.invoke(ReflectiveOperationInvoker.java:74)
	at org.springframework.boot.actuate.endpoint.annotation.AbstractDiscoveredOperation.invoke(AbstractDiscoveredOperation.java:60)
	at org.springframework.boot.actuate.endpoint.web.servlet.AbstractWebMvcEndpointHandlerMapping$ServletWebOperationAdapter.handle(AbstractWebMvcEndpointHandlerMapping.java:327)
	at org.springframework.boot.actuate.endpoint.web.servlet.AbstractWebMvcEndpointHandlerMapping$OperationHandler.handle(AbstractWebMvcEndpointHandlerMapping.java:434)
	at jdk.internal.reflect.GeneratedMethodAccessor10.invoke(Unknown Source)
	at java.base/jdk.internal.reflect.DelegatingMethodAccessorImpl.invoke(DelegatingMethodAccessorImpl.java:43)
	at java.base/java.lang.reflect.Method.invoke(Method.java:569)
	at org.springframework.web.method.support.InvocableHandlerMethod.doInvoke(InvocableHandlerMethod.java:255)
	at org.springframework.web.method.support.InvocableHandlerMethod.invokeForRequest(InvocableHandlerMethod.java:188)
	at org.springframework.web.servlet.mvc.method.annotation.ServletInvocableHandlerMethod.invokeAndHandle(ServletInvocableHandlerMethod.java:118)
	at org.springframework.web.servlet.mvc.method.annotation.RequestMappingHandlerAdapter.invokeHandlerMethod(RequestMappingHandlerAdapter.java:926)
	at org.springframework.web.servlet.mvc.method.annotation.RequestMappingHandlerAdapter.handleInternal(RequestMappingHandlerAdapter.java:831)
	at org.springframework.web.servlet.mvc.method.AbstractHandlerMethodAdapter.handle(AbstractHandlerMethodAdapter.java:87)
	at org.springframework.web.servlet.DispatcherServlet.doDispatch(DispatcherServlet.java:1089)
	at org.springframework.web.servlet.DispatcherServlet.doService(DispatcherServlet.java:979)
	at org.springframework.web.servlet.FrameworkServlet.processRequest(FrameworkServlet.java:1014)
	at org.springframework.web.servlet.FrameworkServlet.doGet(FrameworkServlet.java:903)
	at jakarta.servlet.http.HttpServlet.doHead(HttpServlet.java:211)
	at jakarta.servlet.http.HttpServlet.service(HttpServlet.java:587)
	at org.springframework.web.servlet.FrameworkServlet.service(FrameworkServlet.java:885)
	at jakarta.servlet.http.HttpServlet.service(HttpServlet.java:658)
	at org.apache.catalina.core.ApplicationFilterChain.internalDoFilter(ApplicationFilterChain.java:206)
	at org.apache.catalina.core.ApplicationFilterChain.doFilter(ApplicationFilterChain.java:150)
	at org.apache.tomcat.websocket.server.WsFilter.doFilter(WsFilter.java:51)
	at org.apache.catalina.core.ApplicationFilterChain.internalDoFilter(ApplicationFilterChain.java:175)
	at org.apache.catalina.core.ApplicationFilterChain.doFilter(ApplicationFilterChain.java:150)
	at org.springframework.web.filter.RequestContextFilter.doFilterInternal(RequestContextFilter.java:100)
	at org.springframework.web.filter.OncePerRequestFilter.doFilter(OncePerRequestFilter.java:116)
	at org.apache.catalina.core.ApplicationFilterChain.internalDoFilter(ApplicationFilterChain.java:175)
	at org.apache.catalina.core.ApplicationFilterChain.doFilter(ApplicationFilterChain.java:150)
	at org.springframework.web.filter.FormContentFilter.doFilterInternal(FormContentFilter.java:93)
	at org.springframework.web.filter.OncePerRequestFilter.doFilter(OncePerRequestFilter.java:116)
	at org.apache.catalina.core.ApplicationFilterChain.internalDoFilter(ApplicationFilterChain.java:175)
	at org.apache.catalina.core.ApplicationFilterChain.doFilter(ApplicationFilterChain.java:150)
	at org.springframework.web.filter.ServerHttpObservationFilter.doFilterInternal(ServerHttpObservationFilter.java:109)
	at org.springframework.web.filter.OncePerRequestFilter.doFilter(OncePerRequestFilter.java:116)
	at org.apache.catalina.core.ApplicationFilterChain.internalDoFilter(ApplicationFilterChain.java:175)
	at org.apache.catalina.core.ApplicationFilterChain.doFilter(ApplicationFilterChain.java:150)
	at org.springframework.web.filter.CharacterEncodingFilter.doFilterInternal(CharacterEncodingFilter.java:201)
	at org.springframework.web.filter.OncePerRequestFilter.doFilter(OncePerRequestFilter.java:116)
	at org.apache.catalina.core.ApplicationFilterChain.internalDoFilter(ApplicationFilterChain.java:175)
	at org.apache.catalina.core.ApplicationFilterChain.doFilter(ApplicationFilterChain.java:150)
	at org.apache.catalina.core.StandardWrapperValve.invoke(StandardWrapperValve.java:167)
	at org.apache.catalina.core.StandardContextValve.invoke(StandardContextValve.java:90)
	at org.apache.catalina.authenticator.AuthenticatorBase.invoke(AuthenticatorBase.java:482)
	at org.apache.catalina.core.StandardHostValve.invoke(StandardHostValve.java:115)
	at org.apache.catalina.valves.ErrorReportValve.invoke(ErrorReportValve.java:93)
	at org.apache.catalina.core.StandardEngineValve.invoke(StandardEngineValve.java:74)
	at org.apache.catalina.connector.CoyoteAdapter.service(CoyoteAdapter.java:344)
	at org.apache.coyote.http11.Http11Processor.service(Http11Processor.java:391)
	at org.apache.coyote.AbstractProcessorLight.process(AbstractProcessorLight.java:63)
	at org.apache.coyote.AbstractProtocol$ConnectionHandler.process(AbstractProtocol.java:896)
	at org.apache.tomcat.util.net.NioEndpoint$SocketProcessor.doRun(NioEndpoint.java:1736)
	at org.apache.tomcat.util.net.SocketProcessorBase.run(SocketProcessorBase.java:52)
	at org.apache.tomcat.util.threads.ThreadPoolExecutor.runWorker(ThreadPoolExecutor.java:1191)
	at org.apache.tomcat.util.threads.ThreadPoolExecutor$Worker.run(ThreadPoolExecutor.java:659)
	at org.apache.tomcat.util.threads.TaskThread$WrappingRunnable.run(TaskThread.java:63)
	at java.base/java.lang.Thread.run(Thread.java:840)
Caused by: org.postgresql.util.PSQLException: Connection to crs-crossword-db:5435 refused. Check that the hostname and port are correct and that the postmaster is accepting TCP/IP connections.
	at org.postgresql.core.v3.ConnectionFactoryImpl.openConnectionImpl(ConnectionFactoryImpl.java:352)
	at org.postgresql.core.ConnectionFactory.openConnection(ConnectionFactory.java:54)
	at org.postgresql.jdbc.PgConnection.<init>(PgConnection.java:273)
	at org.postgresql.Driver.makeConnection(Driver.java:446)
	at org.postgresql.Driver.connect(Driver.java:298)
	at java.sql/java.sql.DriverManager.getConnection(DriverManager.java:681)
	at java.sql/java.sql.DriverManager.getConnection(DriverManager.java:190)
	at org.springframework.jdbc.datasource.DriverManagerDataSource.getConnectionFromDriverManager(DriverManagerDataSource.java:155)
	at org.springframework.jdbc.datasource.DriverManagerDataSource.getConnectionFromDriver(DriverManagerDataSource.java:146)
	at org.springframework.jdbc.datasource.AbstractDriverBasedDataSource.getConnectionFromDriver(AbstractDriverBasedDataSource.java:205)
	at org.springframework.jdbc.datasource.AbstractDriverBasedDataSource.getConnection(AbstractDriverBasedDataSource.java:169)
	at org.springframework.jdbc.datasource.DataSourceUtils.fetchConnection(DataSourceUtils.java:160)
	at org.springframework.jdbc.datasource.DataSourceUtils.doGetConnection(DataSourceUtils.java:118)
	at org.springframework.jdbc.datasource.DataSourceUtils.getConnection(DataSourceUtils.java:81)
	... 79 common frames omitted
Caused by: java.net.ConnectException: Connection refused
	at java.base/sun.nio.ch.Net.pollConnect(Native Method)
	at java.base/sun.nio.ch.Net.pollConnectNow(Net.java:684)
	at java.base/sun.nio.ch.NioSocketImpl.timedFinishConnect(NioSocketImpl.java:547)
	at java.base/sun.nio.ch.NioSocketImpl.connect(NioSocketImpl.java:602)
	at java.base/java.net.SocksSocketImpl.connect(SocksSocketImpl.java:327)
	at java.base/java.net.Socket.connect(Socket.java:633)
	at org.postgresql.core.PGStream.createSocket(PGStream.java:260)
	at org.postgresql.core.PGStream.<init>(PGStream.java:121)
	at org.postgresql.core.v3.ConnectionFactoryImpl.tryConnect(ConnectionFactoryImpl.java:140)
	at org.postgresql.core.v3.ConnectionFactoryImpl.openConnectionImpl(ConnectionFactoryImpl.java:268)
	... 92 common frames omitted
{
                "correlationId": "",
                "timestamp": "2026-03-22T02:48:33.716",
                "level": "WARN",
                "thread": "http-nio-8085-exec-2",
                "logger": "org.springframework.boot.actuate.jdbc.DataSourceHealthIndicator",
                "message": "DataSource health check failed"
                }org.springframework.jdbc.CannotGetJdbcConnectionException: Failed to obtain JDBC Connection
	at org.springframework.jdbc.datasource.DataSourceUtils.getConnection(DataSourceUtils.java:84)
	at org.springframework.jdbc.core.JdbcTemplate.execute(JdbcTemplate.java:342)
	at org.springframework.boot.actuate.jdbc.DataSourceHealthIndicator.getProduct(DataSourceHealthIndicator.java:122)
	at org.springframework.boot.actuate.jdbc.DataSourceHealthIndicator.doDataSourceHealthCheck(DataSourceHealthIndicator.java:105)
	at org.springframework.boot.actuate.jdbc.DataSourceHealthIndicator.doHealthCheck(DataSourceHealthIndicator.java:100)
	at org.springframework.boot.actuate.health.AbstractHealthIndicator.health(AbstractHealthIndicator.java:82)
	at org.springframework.boot.actuate.health.HealthIndicator.getHealth(HealthIndicator.java:37)
	at org.springframework.boot.actuate.health.HealthEndpointWebExtension.getHealth(HealthEndpointWebExtension.java:94)
	at org.springframework.boot.actuate.health.HealthEndpointWebExtension.getHealth(HealthEndpointWebExtension.java:47)
	at org.springframework.boot.actuate.health.HealthEndpointSupport.getLoggedHealth(HealthEndpointSupport.java:172)
	at org.springframework.boot.actuate.health.HealthEndpointSupport.getContribution(HealthEndpointSupport.java:145)
	at org.springframework.boot.actuate.health.HealthEndpointSupport.getAggregateContribution(HealthEndpointSupport.java:156)
	at org.springframework.boot.actuate.health.HealthEndpointSupport.getContribution(HealthEndpointSupport.java:141)
	at org.springframework.boot.actuate.health.HealthEndpointSupport.getHealth(HealthEndpointSupport.java:110)
	at org.springframework.boot.actuate.health.HealthEndpointSupport.getHealth(HealthEndpointSupport.java:81)
	at org.springframework.boot.actuate.health.HealthEndpointWebExtension.health(HealthEndpointWebExtension.java:80)
	at org.springframework.boot.actuate.health.HealthEndpointWebExtension.health(HealthEndpointWebExtension.java:69)
	at jdk.internal.reflect.GeneratedMethodAccessor16.invoke(Unknown Source)
	at java.base/jdk.internal.reflect.DelegatingMethodAccessorImpl.invoke(DelegatingMethodAccessorImpl.java:43)
	at java.base/java.lang.reflect.Method.invoke(Method.java:569)
	at org.springframework.util.ReflectionUtils.invokeMethod(ReflectionUtils.java:281)
	at org.springframework.boot.actuate.endpoint.invoke.reflect.ReflectiveOperationInvoker.invoke(ReflectiveOperationInvoker.java:74)
	at org.springframework.boot.actuate.endpoint.annotation.AbstractDiscoveredOperation.invoke(AbstractDiscoveredOperation.java:60)
	at org.springframework.boot.actuate.endpoint.web.servlet.AbstractWebMvcEndpointHandlerMapping$ServletWebOperationAdapter.handle(AbstractWebMvcEndpointHandlerMapping.java:327)
	at org.springframework.boot.actuate.endpoint.web.servlet.AbstractWebMvcEndpointHandlerMapping$OperationHandler.handle(AbstractWebMvcEndpointHandlerMapping.java:434)
	at jdk.internal.reflect.GeneratedMethodAccessor10.invoke(Unknown Source)
	at java.base/jdk.internal.reflect.DelegatingMethodAccessorImpl.invoke(DelegatingMethodAccessorImpl.java:43)
	at java.base/java.lang.reflect.Method.invoke(Method.java:569)
	at org.springframework.web.method.support.InvocableHandlerMethod.doInvoke(InvocableHandlerMethod.java:255)
	at org.springframework.web.method.support.InvocableHandlerMethod.invokeForRequest(InvocableHandlerMethod.java:188)
	at org.springframework.web.servlet.mvc.method.annotation.ServletInvocableHandlerMethod.invokeAndHandle(ServletInvocableHandlerMethod.java:118)
	at org.springframework.web.servlet.mvc.method.annotation.RequestMappingHandlerAdapter.invokeHandlerMethod(RequestMappingHandlerAdapter.java:926)
	at org.springframework.web.servlet.mvc.method.annotation.RequestMappingHandlerAdapter.handleInternal(RequestMappingHandlerAdapter.java:831)
	at org.springframework.web.servlet.mvc.method.AbstractHandlerMethodAdapter.handle(AbstractHandlerMethodAdapter.java:87)
	at org.springframework.web.servlet.DispatcherServlet.doDispatch(DispatcherServlet.java:1089)
	at org.springframework.web.servlet.DispatcherServlet.doService(DispatcherServlet.java:979)
	at org.springframework.web.servlet.FrameworkServlet.processRequest(FrameworkServlet.java:1014)
	at org.springframework.web.servlet.FrameworkServlet.doGet(FrameworkServlet.java:903)
	at jakarta.servlet.http.HttpServlet.doHead(HttpServlet.java:211)
	at jakarta.servlet.http.HttpServlet.service(HttpServlet.java:587)
	at org.springframework.web.servlet.FrameworkServlet.service(FrameworkServlet.java:885)
	at jakarta.servlet.http.HttpServlet.service(HttpServlet.java:658)
	at org.apache.catalina.core.ApplicationFilterChain.internalDoFilter(ApplicationFilterChain.java:206)
	at org.apache.catalina.core.ApplicationFilterChain.doFilter(ApplicationFilterChain.java:150)
	at org.apache.tomcat.websocket.server.WsFilter.doFilter(WsFilter.java:51)
	at org.apache.catalina.core.ApplicationFilterChain.internalDoFilter(ApplicationFilterChain.java:175)
	at org.apache.catalina.core.ApplicationFilterChain.doFilter(ApplicationFilterChain.java:150)
	at org.springframework.web.filter.RequestContextFilter.doFilterInternal(RequestContextFilter.java:100)
	at org.springframework.web.filter.OncePerRequestFilter.doFilter(OncePerRequestFilter.java:116)
	at org.apache.catalina.core.ApplicationFilterChain.internalDoFilter(ApplicationFilterChain.java:175)
	at org.apache.catalina.core.ApplicationFilterChain.doFilter(ApplicationFilterChain.java:150)
	at org.springframework.web.filter.FormContentFilter.doFilterInternal(FormContentFilter.java:93)
	at org.springframework.web.filter.OncePerRequestFilter.doFilter(OncePerRequestFilter.java:116)
	at org.apache.catalina.core.ApplicationFilterChain.internalDoFilter(ApplicationFilterChain.java:175)
	at org.apache.catalina.core.ApplicationFilterChain.doFilter(ApplicationFilterChain.java:150)
	at org.springframework.web.filter.ServerHttpObservationFilter.doFilterInternal(ServerHttpObservationFilter.java:109)
	at org.springframework.web.filter.OncePerRequestFilter.doFilter(OncePerRequestFilter.java:116)
	at org.apache.catalina.core.ApplicationFilterChain.internalDoFilter(ApplicationFilterChain.java:175)
	at org.apache.catalina.core.ApplicationFilterChain.doFilter(ApplicationFilterChain.java:150)
	at org.springframework.web.filter.CharacterEncodingFilter.doFilterInternal(CharacterEncodingFilter.java:201)
	at org.springframework.web.filter.OncePerRequestFilter.doFilter(OncePerRequestFilter.java:116)
	at org.apache.catalina.core.ApplicationFilterChain.internalDoFilter(ApplicationFilterChain.java:175)
	at org.apache.catalina.core.ApplicationFilterChain.doFilter(ApplicationFilterChain.java:150)
	at org.apache.catalina.core.StandardWrapperValve.invoke(StandardWrapperValve.java:167)
	at org.apache.catalina.core.StandardContextValve.invoke(StandardContextValve.java:90)
	at org.apache.catalina.authenticator.AuthenticatorBase.invoke(AuthenticatorBase.java:482)
	at org.apache.catalina.core.StandardHostValve.invoke(StandardHostValve.java:115)
	at org.apache.catalina.valves.ErrorReportValve.invoke(ErrorReportValve.java:93)
	at org.apache.catalina.core.StandardEngineValve.invoke(StandardEngineValve.java:74)
	at org.apache.catalina.connector.CoyoteAdapter.service(CoyoteAdapter.java:344)
	at org.apache.coyote.http11.Http11Processor.service(Http11Processor.java:391)
	at org.apache.coyote.AbstractProcessorLight.process(AbstractProcessorLight.java:63)
	at org.apache.coyote.AbstractProtocol$ConnectionHandler.process(AbstractProtocol.java:896)
	at org.apache.tomcat.util.net.NioEndpoint$SocketProcessor.doRun(NioEndpoint.java:1736)
	at org.apache.tomcat.util.net.SocketProcessorBase.run(SocketProcessorBase.java:52)
	at org.apache.tomcat.util.threads.ThreadPoolExecutor.runWorker(ThreadPoolExecutor.java:1191)
	at org.apache.tomcat.util.threads.ThreadPoolExecutor$Worker.run(ThreadPoolExecutor.java:659)
	at org.apache.tomcat.util.threads.TaskThread$WrappingRunnable.run(TaskThread.java:63)
	at java.base/java.lang.Thread.run(Thread.java:840)
Caused by: org.postgresql.util.PSQLException: Connection to crs-crossword-db:5435 refused. Check that the hostname and port are correct and that the postmaster is accepting TCP/IP connections.
	at org.postgresql.core.v3.ConnectionFactoryImpl.openConnectionImpl(ConnectionFactoryImpl.java:352)
	at org.postgresql.core.ConnectionFactory.openConnection(ConnectionFactory.java:54)
	at org.postgresql.jdbc.PgConnection.<init>(PgConnection.java:273)
	at org.postgresql.Driver.makeConnection(Driver.java:446)
	at org.postgresql.Driver.connect(Driver.java:298)
	at java.sql/java.sql.DriverManager.getConnection(DriverManager.java:681)
	at java.sql/java.sql.DriverManager.getConnection(DriverManager.java:190)
	at org.springframework.jdbc.datasource.DriverManagerDataSource.getConnectionFromDriverManager(DriverManagerDataSource.java:155)
	at org.springframework.jdbc.datasource.DriverManagerDataSource.getConnectionFromDriver(DriverManagerDataSource.java:146)
	at org.springframework.jdbc.datasource.AbstractDriverBasedDataSource.getConnectionFromDriver(AbstractDriverBasedDataSource.java:205)
	at org.springframework.jdbc.datasource.AbstractDriverBasedDataSource.getConnection(AbstractDriverBasedDataSource.java:169)
	at org.springframework.jdbc.datasource.DataSourceUtils.fetchConnection(DataSourceUtils.java:160)
	at org.springframework.jdbc.datasource.DataSourceUtils.doGetConnection(DataSourceUtils.java:118)
	at org.springframework.jdbc.datasource.DataSourceUtils.getConnection(DataSourceUtils.java:81)
	... 78 common frames omitted
Caused by: java.net.ConnectException: Connection refused
	at java.base/sun.nio.ch.Net.pollConnect(Native Method)
	at java.base/sun.nio.ch.Net.pollConnectNow(Net.java:684)
	at java.base/sun.nio.ch.NioSocketImpl.timedFinishConnect(NioSocketImpl.java:547)
	at java.base/sun.nio.ch.NioSocketImpl.connect(NioSocketImpl.java:602)
	at java.base/java.net.SocksSocketImpl.connect(SocksSocketImpl.java:327)
	at java.base/java.net.Socket.connect(Socket.java:633)
	at org.postgresql.core.PGStream.createSocket(PGStream.java:260)
	at org.postgresql.core.PGStream.<init>(PGStream.java:121)
	at org.postgresql.core.v3.ConnectionFactoryImpl.tryConnect(ConnectionFactoryImpl.java:140)
	at org.postgresql.core.v3.ConnectionFactoryImpl.openConnectionImpl(ConnectionFactoryImpl.java:268)
	... 91 common frames omitted
{
                "correlationId": "",
                "timestamp": "2026-03-22T02:49:03.766",
                "level": "WARN",
                "thread": "http-nio-8085-exec-3",
                "logger": "org.springframework.boot.actuate.jdbc.DataSourceHealthIndicator",
                "message": "DataSource health check failed"
                }org.springframework.jdbc.CannotGetJdbcConnectionException: Failed to obtain JDBC Connection
	at org.springframework.jdbc.datasource.DataSourceUtils.getConnection(DataSourceUtils.java:84)
	at org.springframework.jdbc.core.JdbcTemplate.execute(JdbcTemplate.java:342)
	at org.springframework.boot.actuate.jdbc.DataSourceHealthIndicator.getProduct(DataSourceHealthIndicator.java:122)
	at org.springframework.boot.actuate.jdbc.DataSourceHealthIndicator.doDataSourceHealthCheck(DataSourceHealthIndicator.java:105)
	at org.springframework.boot.actuate.jdbc.DataSourceHealthIndicator.doHealthCheck(DataSourceHealthIndicator.java:100)
	at org.springframework.boot.actuate.health.AbstractHealthIndicator.health(AbstractHealthIndicator.java:82)
	at org.springframework.boot.actuate.health.HealthIndicator.getHealth(HealthIndicator.java:37)
	at org.springframework.boot.actuate.health.HealthEndpointWebExtension.getHealth(HealthEndpointWebExtension.java:94)
	at org.springframework.boot.actuate.health.HealthEndpointWebExtension.getHealth(HealthEndpointWebExtension.java:47)
	at org.springframework.boot.actuate.health.HealthEndpointSupport.getLoggedHealth(HealthEndpointSupport.java:172)
	at org.springframework.boot.actuate.health.HealthEndpointSupport.getContribution(HealthEndpointSupport.java:145)
	at org.springframework.boot.actuate.health.HealthEndpointSupport.getAggregateContribution(HealthEndpointSupport.java:156)
	at org.springframework.boot.actuate.health.HealthEndpointSupport.getContribution(HealthEndpointSupport.java:141)
	at org.springframework.boot.actuate.health.HealthEndpointSupport.getHealth(HealthEndpointSupport.java:110)
	at org.springframework.boot.actuate.health.HealthEndpointSupport.getHealth(HealthEndpointSupport.java:81)
	at org.springframework.boot.actuate.health.HealthEndpointWebExtension.health(HealthEndpointWebExtension.java:80)
	at org.springframework.boot.actuate.health.HealthEndpointWebExtension.health(HealthEndpointWebExtension.java:69)
	at jdk.internal.reflect.GeneratedMethodAccessor16.invoke(Unknown Source)
	at java.base/jdk.internal.reflect.DelegatingMethodAccessorImpl.invoke(DelegatingMethodAccessorImpl.java:43)
	at java.base/java.lang.reflect.Method.invoke(Method.java:569)
	at org.springframework.util.ReflectionUtils.invokeMethod(ReflectionUtils.java:281)
	at org.springframework.boot.actuate.endpoint.invoke.reflect.ReflectiveOperationInvoker.invoke(ReflectiveOperationInvoker.java:74)
	at org.springframework.boot.actuate.endpoint.annotation.AbstractDiscoveredOperation.invoke(AbstractDiscoveredOperation.java:60)
	at org.springframework.boot.actuate.endpoint.web.servlet.AbstractWebMvcEndpointHandlerMapping$ServletWebOperationAdapter.handle(AbstractWebMvcEndpointHandlerMapping.java:327)
	at org.springframework.boot.actuate.endpoint.web.servlet.AbstractWebMvcEndpointHandlerMapping$OperationHandler.handle(AbstractWebMvcEndpointHandlerMapping.java:434)
	at jdk.internal.reflect.GeneratedMethodAccessor10.invoke(Unknown Source)
	at java.base/jdk.internal.reflect.DelegatingMethodAccessorImpl.invoke(DelegatingMethodAccessorImpl.java:43)
	at java.base/java.lang.reflect.Method.invoke(Method.java:569)
	at org.springframework.web.method.support.InvocableHandlerMethod.doInvoke(InvocableHandlerMethod.java:255)
	at org.springframework.web.method.support.InvocableHandlerMethod.invokeForRequest(InvocableHandlerMethod.java:188)
	at org.springframework.web.servlet.mvc.method.annotation.ServletInvocableHandlerMethod.invokeAndHandle(ServletInvocableHandlerMethod.java:118)
	at org.springframework.web.servlet.mvc.method.annotation.RequestMappingHandlerAdapter.invokeHandlerMethod(RequestMappingHandlerAdapter.java:926)
	at org.springframework.web.servlet.mvc.method.annotation.RequestMappingHandlerAdapter.handleInternal(RequestMappingHandlerAdapter.java:831)
	at org.springframework.web.servlet.mvc.method.AbstractHandlerMethodAdapter.handle(AbstractHandlerMethodAdapter.java:87)
	at org.springframework.web.servlet.DispatcherServlet.doDispatch(DispatcherServlet.java:1089)
	at org.springframework.web.servlet.DispatcherServlet.doService(DispatcherServlet.java:979)
	at org.springframework.web.servlet.FrameworkServlet.processRequest(FrameworkServlet.java:1014)
	at org.springframework.web.servlet.FrameworkServlet.doGet(FrameworkServlet.java:903)
	at jakarta.servlet.http.HttpServlet.doHead(HttpServlet.java:211)
	at jakarta.servlet.http.HttpServlet.service(HttpServlet.java:587)
	at org.springframework.web.servlet.FrameworkServlet.service(FrameworkServlet.java:885)
	at jakarta.servlet.http.HttpServlet.service(HttpServlet.java:658)
	at org.apache.catalina.core.ApplicationFilterChain.internalDoFilter(ApplicationFilterChain.java:206)
	at org.apache.catalina.core.ApplicationFilterChain.doFilter(ApplicationFilterChain.java:150)
	at org.apache.tomcat.websocket.server.WsFilter.doFilter(WsFilter.java:51)
	at org.apache.catalina.core.ApplicationFilterChain.internalDoFilter(ApplicationFilterChain.java:175)
	at org.apache.catalina.core.ApplicationFilterChain.doFilter(ApplicationFilterChain.java:150)
	at org.springframework.web.filter.RequestContextFilter.doFilterInternal(RequestContextFilter.java:100)
	at org.springframework.web.filter.OncePerRequestFilter.doFilter(OncePerRequestFilter.java:116)
	at org.apache.catalina.core.ApplicationFilterChain.internalDoFilter(ApplicationFilterChain.java:175)
	at org.apache.catalina.core.ApplicationFilterChain.doFilter(ApplicationFilterChain.java:150)
	at org.springframework.web.filter.FormContentFilter.doFilterInternal(FormContentFilter.java:93)
	at org.springframework.web.filter.OncePerRequestFilter.doFilter(OncePerRequestFilter.java:116)
	at org.apache.catalina.core.ApplicationFilterChain.internalDoFilter(ApplicationFilterChain.java:175)
	at org.apache.catalina.core.ApplicationFilterChain.doFilter(ApplicationFilterChain.java:150)
	at org.springframework.web.filter.ServerHttpObservationFilter.doFilterInternal(ServerHttpObservationFilter.java:109)
	at org.springframework.web.filter.OncePerRequestFilter.doFilter(OncePerRequestFilter.java:116)
	at org.apache.catalina.core.ApplicationFilterChain.internalDoFilter(ApplicationFilterChain.java:175)
	at org.apache.catalina.core.ApplicationFilterChain.doFilter(ApplicationFilterChain.java:150)
	at org.springframework.web.filter.CharacterEncodingFilter.doFilterInternal(CharacterEncodingFilter.java:201)
	at org.springframework.web.filter.OncePerRequestFilter.doFilter(OncePerRequestFilter.java:116)
	at org.apache.catalina.core.ApplicationFilterChain.internalDoFilter(ApplicationFilterChain.java:175)
	at org.apache.catalina.core.ApplicationFilterChain.doFilter(ApplicationFilterChain.java:150)
	at org.apache.catalina.core.StandardWrapperValve.invoke(StandardWrapperValve.java:167)
	at org.apache.catalina.core.StandardContextValve.invoke(StandardContextValve.java:90)
	at org.apache.catalina.authenticator.AuthenticatorBase.invoke(AuthenticatorBase.java:482)
	at org.apache.catalina.core.StandardHostValve.invoke(StandardHostValve.java:115)
	at org.apache.catalina.valves.ErrorReportValve.invoke(ErrorReportValve.java:93)
	at org.apache.catalina.core.StandardEngineValve.invoke(StandardEngineValve.java:74)
	at org.apache.catalina.connector.CoyoteAdapter.service(CoyoteAdapter.java:344)
	at org.apache.coyote.http11.Http11Processor.service(Http11Processor.java:391)
	at org.apache.coyote.AbstractProcessorLight.process(AbstractProcessorLight.java:63)
	at org.apache.coyote.AbstractProtocol$ConnectionHandler.process(AbstractProtocol.java:896)
	at org.apache.tomcat.util.net.NioEndpoint$SocketProcessor.doRun(NioEndpoint.java:1736)
	at org.apache.tomcat.util.net.SocketProcessorBase.run(SocketProcessorBase.java:52)
	at org.apache.tomcat.util.threads.ThreadPoolExecutor.runWorker(ThreadPoolExecutor.java:1191)
	at org.apache.tomcat.util.threads.ThreadPoolExecutor$Worker.run(ThreadPoolExecutor.java:659)
	at org.apache.tomcat.util.threads.TaskThread$WrappingRunnable.run(TaskThread.java:63)
	at java.base/java.lang.Thread.run(Thread.java:840)
Caused by: org.postgresql.util.PSQLException: Connection to crs-crossword-db:5435 refused. Check that the hostname and port are correct and that the postmaster is accepting TCP/IP connections.
	at org.postgresql.core.v3.ConnectionFactoryImpl.openConnectionImpl(ConnectionFactoryImpl.java:352)
	at org.postgresql.core.ConnectionFactory.openConnection(ConnectionFactory.java:54)
	at org.postgresql.jdbc.PgConnection.<init>(PgConnection.java:273)
	at org.postgresql.Driver.makeConnection(Driver.java:446)
	at org.postgresql.Driver.connect(Driver.java:298)
	at java.sql/java.sql.DriverManager.getConnection(DriverManager.java:681)
	at java.sql/java.sql.DriverManager.getConnection(DriverManager.java:190)
	at org.springframework.jdbc.datasource.DriverManagerDataSource.getConnectionFromDriverManager(DriverManagerDataSource.java:155)
	at org.springframework.jdbc.datasource.DriverManagerDataSource.getConnectionFromDriver(DriverManagerDataSource.java:146)
	at org.springframework.jdbc.datasource.AbstractDriverBasedDataSource.getConnectionFromDriver(AbstractDriverBasedDataSource.java:205)
	at org.springframework.jdbc.datasource.AbstractDriverBasedDataSource.getConnection(AbstractDriverBasedDataSource.java:169)
	at org.springframework.jdbc.datasource.DataSourceUtils.fetchConnection(DataSourceUtils.java:160)
	at org.springframework.jdbc.datasource.DataSourceUtils.doGetConnection(DataSourceUtils.java:118)
	at org.springframework.jdbc.datasource.DataSourceUtils.getConnection(DataSourceUtils.java:81)
	... 78 common frames omitted
Caused by: java.net.ConnectException: Connection refused
	at java.base/sun.nio.ch.Net.pollConnect(Native Method)
	at java.base/sun.nio.ch.Net.pollConnectNow(Net.java:684)
	at java.base/sun.nio.ch.NioSocketImpl.timedFinishConnect(NioSocketImpl.java:547)
	at java.base/sun.nio.ch.NioSocketImpl.connect(NioSocketImpl.java:602)
	at java.base/java.net.SocksSocketImpl.connect(SocksSocketImpl.java:327)
	at java.base/java.net.Socket.connect(Socket.java:633)
	at org.postgresql.core.PGStream.createSocket(PGStream.java:260)
	at org.postgresql.core.PGStream.<init>(PGStream.java:121)
	at org.postgresql.core.v3.ConnectionFactoryImpl.tryConnect(ConnectionFactoryImpl.java:140)
	at org.postgresql.core.v3.ConnectionFactoryImpl.openConnectionImpl(ConnectionFactoryImpl.java:268)
	... 91 common frames omitted
{
                "correlationId": "",
                "timestamp": "2026-03-22T02:49:33.819",
                "level": "WARN",
                "thread": "http-nio-8085-exec-4",
                "logger": "org.springframework.boot.actuate.jdbc.DataSourceHealthIndicator",
                "message": "DataSource health check failed"
                }org.springframework.jdbc.CannotGetJdbcConnectionException: Failed to obtain JDBC Connection
	at org.springframework.jdbc.datasource.DataSourceUtils.getConnection(DataSourceUtils.java:84)
	at org.springframework.jdbc.core.JdbcTemplate.execute(JdbcTemplate.java:342)
	at org.springframework.boot.actuate.jdbc.DataSourceHealthIndicator.getProduct(DataSourceHealthIndicator.java:122)
	at org.springframework.boot.actuate.jdbc.DataSourceHealthIndicator.doDataSourceHealthCheck(DataSourceHealthIndicator.java:105)
	at org.springframework.boot.actuate.jdbc.DataSourceHealthIndicator.doHealthCheck(DataSourceHealthIndicator.java:100)
	at org.springframework.boot.actuate.health.AbstractHealthIndicator.health(AbstractHealthIndicator.java:82)
	at org.springframework.boot.actuate.health.HealthIndicator.getHealth(HealthIndicator.java:37)
	at org.springframework.boot.actuate.health.HealthEndpointWebExtension.getHealth(HealthEndpointWebExtension.java:94)
	at org.springframework.boot.actuate.health.HealthEndpointWebExtension.getHealth(HealthEndpointWebExtension.java:47)
	at org.springframework.boot.actuate.health.HealthEndpointSupport.getLoggedHealth(HealthEndpointSupport.java:172)
	at org.springframework.boot.actuate.health.HealthEndpointSupport.getContribution(HealthEndpointSupport.java:145)
	at org.springframework.boot.actuate.health.HealthEndpointSupport.getAggregateContribution(HealthEndpointSupport.java:156)
	at org.springframework.boot.actuate.health.HealthEndpointSupport.getContribution(HealthEndpointSupport.java:141)
	at org.springframework.boot.actuate.health.HealthEndpointSupport.getHealth(HealthEndpointSupport.java:110)
	at org.springframework.boot.actuate.health.HealthEndpointSupport.getHealth(HealthEndpointSupport.java:81)
	at org.springframework.boot.actuate.health.HealthEndpointWebExtension.health(HealthEndpointWebExtension.java:80)
	at org.springframework.boot.actuate.health.HealthEndpointWebExtension.health(HealthEndpointWebExtension.java:69)
	at jdk.internal.reflect.GeneratedMethodAccessor16.invoke(Unknown Source)
	at java.base/jdk.internal.reflect.DelegatingMethodAccessorImpl.invoke(DelegatingMethodAccessorImpl.java:43)
	at java.base/java.lang.reflect.Method.invoke(Method.java:569)
	at org.springframework.util.ReflectionUtils.invokeMethod(ReflectionUtils.java:281)
	at org.springframework.boot.actuate.endpoint.invoke.reflect.ReflectiveOperationInvoker.invoke(ReflectiveOperationInvoker.java:74)
	at org.springframework.boot.actuate.endpoint.annotation.AbstractDiscoveredOperation.invoke(AbstractDiscoveredOperation.java:60)
	at org.springframework.boot.actuate.endpoint.web.servlet.AbstractWebMvcEndpointHandlerMapping$ServletWebOperationAdapter.handle(AbstractWebMvcEndpointHandlerMapping.java:327)
	at org.springframework.boot.actuate.endpoint.web.servlet.AbstractWebMvcEndpointHandlerMapping$OperationHandler.handle(AbstractWebMvcEndpointHandlerMapping.java:434)
	at jdk.internal.reflect.GeneratedMethodAccessor10.invoke(Unknown Source)
	at java.base/jdk.internal.reflect.DelegatingMethodAccessorImpl.invoke(DelegatingMethodAccessorImpl.java:43)
	at java.base/java.lang.reflect.Method.invoke(Method.java:569)
	at org.springframework.web.method.support.InvocableHandlerMethod.doInvoke(InvocableHandlerMethod.java:255)
	at org.springframework.web.method.support.InvocableHandlerMethod.invokeForRequest(InvocableHandlerMethod.java:188)
	at org.springframework.web.servlet.mvc.method.annotation.ServletInvocableHandlerMethod.invokeAndHandle(ServletInvocableHandlerMethod.java:118)
	at org.springframework.web.servlet.mvc.method.annotation.RequestMappingHandlerAdapter.invokeHandlerMethod(RequestMappingHandlerAdapter.java:926)
	at org.springframework.web.servlet.mvc.method.annotation.RequestMappingHandlerAdapter.handleInternal(RequestMappingHandlerAdapter.java:831)
	at org.springframework.web.servlet.mvc.method.AbstractHandlerMethodAdapter.handle(AbstractHandlerMethodAdapter.java:87)
	at org.springframework.web.servlet.DispatcherServlet.doDispatch(DispatcherServlet.java:1089)
	at org.springframework.web.servlet.DispatcherServlet.doService(DispatcherServlet.java:979)
	at org.springframework.web.servlet.FrameworkServlet.processRequest(FrameworkServlet.java:1014)
	at org.springframework.web.servlet.FrameworkServlet.doGet(FrameworkServlet.java:903)
	at jakarta.servlet.http.HttpServlet.doHead(HttpServlet.java:211)
	at jakarta.servlet.http.HttpServlet.service(HttpServlet.java:587)
	at org.springframework.web.servlet.FrameworkServlet.service(FrameworkServlet.java:885)
	at jakarta.servlet.http.HttpServlet.service(HttpServlet.java:658)
	at org.apache.catalina.core.ApplicationFilterChain.internalDoFilter(ApplicationFilterChain.java:206)
	at org.apache.catalina.core.ApplicationFilterChain.doFilter(ApplicationFilterChain.java:150)
	at org.apache.tomcat.websocket.server.WsFilter.doFilter(WsFilter.java:51)
	at org.apache.catalina.core.ApplicationFilterChain.internalDoFilter(ApplicationFilterChain.java:175)
	at org.apache.catalina.core.ApplicationFilterChain.doFilter(ApplicationFilterChain.java:150)
	at org.springframework.web.filter.RequestContextFilter.doFilterInternal(RequestContextFilter.java:100)
	at org.springframework.web.filter.OncePerRequestFilter.doFilter(OncePerRequestFilter.java:116)
	at org.apache.catalina.core.ApplicationFilterChain.internalDoFilter(ApplicationFilterChain.java:175)
	at org.apache.catalina.core.ApplicationFilterChain.doFilter(ApplicationFilterChain.java:150)
	at org.springframework.web.filter.FormContentFilter.doFilterInternal(FormContentFilter.java:93)
	at org.springframework.web.filter.OncePerRequestFilter.doFilter(OncePerRequestFilter.java:116)
	at org.apache.catalina.core.ApplicationFilterChain.internalDoFilter(ApplicationFilterChain.java:175)
	at org.apache.catalina.core.ApplicationFilterChain.doFilter(ApplicationFilterChain.java:150)
	at org.springframework.web.filter.ServerHttpObservationFilter.doFilterInternal(ServerHttpObservationFilter.java:109)
	at org.springframework.web.filter.OncePerRequestFilter.doFilter(OncePerRequestFilter.java:116)
	at org.apache.catalina.core.ApplicationFilterChain.internalDoFilter(ApplicationFilterChain.java:175)
	at org.apache.catalina.core.ApplicationFilterChain.doFilter(ApplicationFilterChain.java:150)
	at org.springframework.web.filter.CharacterEncodingFilter.doFilterInternal(CharacterEncodingFilter.java:201)
	at org.springframework.web.filter.OncePerRequestFilter.doFilter(OncePerRequestFilter.java:116)
	at org.apache.catalina.core.ApplicationFilterChain.internalDoFilter(ApplicationFilterChain.java:175)
	at org.apache.catalina.core.ApplicationFilterChain.doFilter(ApplicationFilterChain.java:150)
	at org.apache.catalina.core.StandardWrapperValve.invoke(StandardWrapperValve.java:167)
	at org.apache.catalina.core.StandardContextValve.invoke(StandardContextValve.java:90)
	at org.apache.catalina.authenticator.AuthenticatorBase.invoke(AuthenticatorBase.java:482)
	at org.apache.catalina.core.StandardHostValve.invoke(StandardHostValve.java:115)
	at org.apache.catalina.valves.ErrorReportValve.invoke(ErrorReportValve.java:93)
	at org.apache.catalina.core.StandardEngineValve.invoke(StandardEngineValve.java:74)
	at org.apache.catalina.connector.CoyoteAdapter.service(CoyoteAdapter.java:344)
	at org.apache.coyote.http11.Http11Processor.service(Http11Processor.java:391)
	at org.apache.coyote.AbstractProcessorLight.process(AbstractProcessorLight.java:63)
	at org.apache.coyote.AbstractProtocol$ConnectionHandler.process(AbstractProtocol.java:896)
	at org.apache.tomcat.util.net.NioEndpoint$SocketProcessor.doRun(NioEndpoint.java:1736)
	at org.apache.tomcat.util.net.SocketProcessorBase.run(SocketProcessorBase.java:52)
	at org.apache.tomcat.util.threads.ThreadPoolExecutor.runWorker(ThreadPoolExecutor.java:1191)
	at org.apache.tomcat.util.threads.ThreadPoolExecutor$Worker.run(ThreadPoolExecutor.java:659)
	at org.apache.tomcat.util.threads.TaskThread$WrappingRunnable.run(TaskThread.java:63)
	at java.base/java.lang.Thread.run(Thread.java:840)
Caused by: org.postgresql.util.PSQLException: Connection to crs-crossword-db:5435 refused. Check that the hostname and port are correct and that the postmaster is accepting TCP/IP connections.
	at org.postgresql.core.v3.ConnectionFactoryImpl.openConnectionImpl(ConnectionFactoryImpl.java:352)
	at org.postgresql.core.ConnectionFactory.openConnection(ConnectionFactory.java:54)
	at org.postgresql.jdbc.PgConnection.<init>(PgConnection.java:273)
	at org.postgresql.Driver.makeConnection(Driver.java:446)
	at org.postgresql.Driver.connect(Driver.java:298)
	at java.sql/java.sql.DriverManager.getConnection(DriverManager.java:681)
	at java.sql/java.sql.DriverManager.getConnection(DriverManager.java:190)
	at org.springframework.jdbc.datasource.DriverManagerDataSource.getConnectionFromDriverManager(DriverManagerDataSource.java:155)
	at org.springframework.jdbc.datasource.DriverManagerDataSource.getConnectionFromDriver(DriverManagerDataSource.java:146)
	at org.springframework.jdbc.datasource.AbstractDriverBasedDataSource.getConnectionFromDriver(AbstractDriverBasedDataSource.java:205)
	at org.springframework.jdbc.datasource.AbstractDriverBasedDataSource.getConnection(AbstractDriverBasedDataSource.java:169)
	at org.springframework.jdbc.datasource.DataSourceUtils.fetchConnection(DataSourceUtils.java:160)
	at org.springframework.jdbc.datasource.DataSourceUtils.doGetConnection(DataSourceUtils.java:118)
	at org.springframework.jdbc.datasource.DataSourceUtils.getConnection(DataSourceUtils.java:81)
	... 78 common frames omitted
Caused by: java.net.ConnectException: Connection refused
	at java.base/sun.nio.ch.Net.pollConnect(Native Method)
	at java.base/sun.nio.ch.Net.pollConnectNow(Net.java:684)
	at java.base/sun.nio.ch.NioSocketImpl.timedFinishConnect(NioSocketImpl.java:547)
	at java.base/sun.nio.ch.NioSocketImpl.connect(NioSocketImpl.java:602)
	at java.base/java.net.SocksSocketImpl.connect(SocksSocketImpl.java:327)
	at java.base/java.net.Socket.connect(Socket.java:633)
	at org.postgresql.core.PGStream.createSocket(PGStream.java:260)
	at org.postgresql.core.PGStream.<init>(PGStream.java:121)
	at org.postgresql.core.v3.ConnectionFactoryImpl.tryConnect(ConnectionFactoryImpl.java:140)
	at org.postgresql.core.v3.ConnectionFactoryImpl.openConnectionImpl(ConnectionFactoryImpl.java:268)
	... 91 common frames omitted
{
                "correlationId": "",
                "timestamp": "2026-03-22T02:50:03.877",
                "level": "WARN",
                "thread": "http-nio-8085-exec-5",
                "logger": "org.springframework.boot.actuate.jdbc.DataSourceHealthIndicator",
                "message": "DataSource health check failed"
                }org.springframework.jdbc.CannotGetJdbcConnectionException: Failed to obtain JDBC Connection
	at org.springframework.jdbc.datasource.DataSourceUtils.getConnection(DataSourceUtils.java:84)
	at org.springframework.jdbc.core.JdbcTemplate.execute(JdbcTemplate.java:342)
	at org.springframework.boot.actuate.jdbc.DataSourceHealthIndicator.getProduct(DataSourceHealthIndicator.java:122)
	at org.springframework.boot.actuate.jdbc.DataSourceHealthIndicator.doDataSourceHealthCheck(DataSourceHealthIndicator.java:105)
	at org.springframework.boot.actuate.jdbc.DataSourceHealthIndicator.doHealthCheck(DataSourceHealthIndicator.java:100)
	at org.springframework.boot.actuate.health.AbstractHealthIndicator.health(AbstractHealthIndicator.java:82)
	at org.springframework.boot.actuate.health.HealthIndicator.getHealth(HealthIndicator.java:37)
	at org.springframework.boot.actuate.health.HealthEndpointWebExtension.getHealth(HealthEndpointWebExtension.java:94)
	at org.springframework.boot.actuate.health.HealthEndpointWebExtension.getHealth(HealthEndpointWebExtension.java:47)
	at org.springframework.boot.actuate.health.HealthEndpointSupport.getLoggedHealth(HealthEndpointSupport.java:172)
	at org.springframework.boot.actuate.health.HealthEndpointSupport.getContribution(HealthEndpointSupport.java:145)
	at org.springframework.boot.actuate.health.HealthEndpointSupport.getAggregateContribution(HealthEndpointSupport.java:156)
	at org.springframework.boot.actuate.health.HealthEndpointSupport.getContribution(HealthEndpointSupport.java:141)
	at org.springframework.boot.actuate.health.HealthEndpointSupport.getHealth(HealthEndpointSupport.java:110)
	at org.springframework.boot.actuate.health.HealthEndpointSupport.getHealth(HealthEndpointSupport.java:81)
	at org.springframework.boot.actuate.health.HealthEndpointWebExtension.health(HealthEndpointWebExtension.java:80)
	at org.springframework.boot.actuate.health.HealthEndpointWebExtension.health(HealthEndpointWebExtension.java:69)
	at jdk.internal.reflect.GeneratedMethodAccessor16.invoke(Unknown Source)
	at java.base/jdk.internal.reflect.DelegatingMethodAccessorImpl.invoke(DelegatingMethodAccessorImpl.java:43)
	at java.base/java.lang.reflect.Method.invoke(Method.java:569)
	at org.springframework.util.ReflectionUtils.invokeMethod(ReflectionUtils.java:281)
	at org.springframework.boot.actuate.endpoint.invoke.reflect.ReflectiveOperationInvoker.invoke(ReflectiveOperationInvoker.java:74)
	at org.springframework.boot.actuate.endpoint.annotation.AbstractDiscoveredOperation.invoke(AbstractDiscoveredOperation.java:60)
	at org.springframework.boot.actuate.endpoint.web.servlet.AbstractWebMvcEndpointHandlerMapping$ServletWebOperationAdapter.handle(AbstractWebMvcEndpointHandlerMapping.java:327)
	at org.springframework.boot.actuate.endpoint.web.servlet.AbstractWebMvcEndpointHandlerMapping$OperationHandler.handle(AbstractWebMvcEndpointHandlerMapping.java:434)
	at jdk.internal.reflect.GeneratedMethodAccessor10.invoke(Unknown Source)
	at java.base/jdk.internal.reflect.DelegatingMethodAccessorImpl.invoke(DelegatingMethodAccessorImpl.java:43)
	at java.base/java.lang.reflect.Method.invoke(Method.java:569)
	at org.springframework.web.method.support.InvocableHandlerMethod.doInvoke(InvocableHandlerMethod.java:255)
	at org.springframework.web.method.support.InvocableHandlerMethod.invokeForRequest(InvocableHandlerMethod.java:188)
	at org.springframework.web.servlet.mvc.method.annotation.ServletInvocableHandlerMethod.invokeAndHandle(ServletInvocableHandlerMethod.java:118)
	at org.springframework.web.servlet.mvc.method.annotation.RequestMappingHandlerAdapter.invokeHandlerMethod(RequestMappingHandlerAdapter.java:926)
	at org.springframework.web.servlet.mvc.method.annotation.RequestMappingHandlerAdapter.handleInternal(RequestMappingHandlerAdapter.java:831)
	at org.springframework.web.servlet.mvc.method.AbstractHandlerMethodAdapter.handle(AbstractHandlerMethodAdapter.java:87)
	at org.springframework.web.servlet.DispatcherServlet.doDispatch(DispatcherServlet.java:1089)
	at org.springframework.web.servlet.DispatcherServlet.doService(DispatcherServlet.java:979)
	at org.springframework.web.servlet.FrameworkServlet.processRequest(FrameworkServlet.java:1014)
	at org.springframework.web.servlet.FrameworkServlet.doGet(FrameworkServlet.java:903)
	at jakarta.servlet.http.HttpServlet.doHead(HttpServlet.java:211)
	at jakarta.servlet.http.HttpServlet.service(HttpServlet.java:587)
	at org.springframework.web.servlet.FrameworkServlet.service(FrameworkServlet.java:885)
	at jakarta.servlet.http.HttpServlet.service(HttpServlet.java:658)
	at org.apache.catalina.core.ApplicationFilterChain.internalDoFilter(ApplicationFilterChain.java:206)
	at org.apache.catalina.core.ApplicationFilterChain.doFilter(ApplicationFilterChain.java:150)
	at org.apache.tomcat.websocket.server.WsFilter.doFilter(WsFilter.java:51)
	at org.apache.catalina.core.ApplicationFilterChain.internalDoFilter(ApplicationFilterChain.java:175)
	at org.apache.catalina.core.ApplicationFilterChain.doFilter(ApplicationFilterChain.java:150)
	at org.springframework.web.filter.RequestContextFilter.doFilterInternal(RequestContextFilter.java:100)
	at org.springframework.web.filter.OncePerRequestFilter.doFilter(OncePerRequestFilter.java:116)
	at org.apache.catalina.core.ApplicationFilterChain.internalDoFilter(ApplicationFilterChain.java:175)
	at org.apache.catalina.core.ApplicationFilterChain.doFilter(ApplicationFilterChain.java:150)
	at org.springframework.web.filter.FormContentFilter.doFilterInternal(FormContentFilter.java:93)
	at org.springframework.web.filter.OncePerRequestFilter.doFilter(OncePerRequestFilter.java:116)
	at org.apache.catalina.core.ApplicationFilterChain.internalDoFilter(ApplicationFilterChain.java:175)
	at org.apache.catalina.core.ApplicationFilterChain.doFilter(ApplicationFilterChain.java:150)
	at org.springframework.web.filter.ServerHttpObservationFilter.doFilterInternal(ServerHttpObservationFilter.java:109)
	at org.springframework.web.filter.OncePerRequestFilter.doFilter(OncePerRequestFilter.java:116)
	at org.apache.catalina.core.ApplicationFilterChain.internalDoFilter(ApplicationFilterChain.java:175)
	at org.apache.catalina.core.ApplicationFilterChain.doFilter(ApplicationFilterChain.java:150)
	at org.springframework.web.filter.CharacterEncodingFilter.doFilterInternal(CharacterEncodingFilter.java:201)
	at org.springframework.web.filter.OncePerRequestFilter.doFilter(OncePerRequestFilter.java:116)
	at org.apache.catalina.core.ApplicationFilterChain.internalDoFilter(ApplicationFilterChain.java:175)
	at org.apache.catalina.core.ApplicationFilterChain.doFilter(ApplicationFilterChain.java:150)
	at org.apache.catalina.core.StandardWrapperValve.invoke(StandardWrapperValve.java:167)
	at org.apache.catalina.core.StandardContextValve.invoke(StandardContextValve.java:90)
	at org.apache.catalina.authenticator.AuthenticatorBase.invoke(AuthenticatorBase.java:482)
	at org.apache.catalina.core.StandardHostValve.invoke(StandardHostValve.java:115)
	at org.apache.catalina.valves.ErrorReportValve.invoke(ErrorReportValve.java:93)
	at org.apache.catalina.core.StandardEngineValve.invoke(StandardEngineValve.java:74)
	at org.apache.catalina.connector.CoyoteAdapter.service(CoyoteAdapter.java:344)
	at org.apache.coyote.http11.Http11Processor.service(Http11Processor.java:391)
	at org.apache.coyote.AbstractProcessorLight.process(AbstractProcessorLight.java:63)
	at org.apache.coyote.AbstractProtocol$ConnectionHandler.process(AbstractProtocol.java:896)
	at org.apache.tomcat.util.net.NioEndpoint$SocketProcessor.doRun(NioEndpoint.java:1736)
	at org.apache.tomcat.util.net.SocketProcessorBase.run(SocketProcessorBase.java:52)
	at org.apache.tomcat.util.threads.ThreadPoolExecutor.runWorker(ThreadPoolExecutor.java:1191)
	at org.apache.tomcat.util.threads.ThreadPoolExecutor$Worker.run(ThreadPoolExecutor.java:659)
	at org.apache.tomcat.util.threads.TaskThread$WrappingRunnable.run(TaskThread.java:63)
	at java.base/java.lang.Thread.run(Thread.java:840)
Caused by: org.postgresql.util.PSQLException: Connection to crs-crossword-db:5435 refused. Check that the hostname and port are correct and that the postmaster is accepting TCP/IP connections.
	at org.postgresql.core.v3.ConnectionFactoryImpl.openConnectionImpl(ConnectionFactoryImpl.java:352)
	at org.postgresql.core.ConnectionFactory.openConnection(ConnectionFactory.java:54)
	at org.postgresql.jdbc.PgConnection.<init>(PgConnection.java:273)
	at org.postgresql.Driver.makeConnection(Driver.java:446)
	at org.postgresql.Driver.connect(Driver.java:298)
	at java.sql/java.sql.DriverManager.getConnection(DriverManager.java:681)
	at java.sql/java.sql.DriverManager.getConnection(DriverManager.java:190)
	at org.springframework.jdbc.datasource.DriverManagerDataSource.getConnectionFromDriverManager(DriverManagerDataSource.java:155)
	at org.springframework.jdbc.datasource.DriverManagerDataSource.getConnectionFromDriver(DriverManagerDataSource.java:146)
	at org.springframework.jdbc.datasource.AbstractDriverBasedDataSource.getConnectionFromDriver(AbstractDriverBasedDataSource.java:205)
	at org.springframework.jdbc.datasource.AbstractDriverBasedDataSource.getConnection(AbstractDriverBasedDataSource.java:169)
	at org.springframework.jdbc.datasource.DataSourceUtils.fetchConnection(DataSourceUtils.java:160)
	at org.springframework.jdbc.datasource.DataSourceUtils.doGetConnection(DataSourceUtils.java:118)
	at org.springframework.jdbc.datasource.DataSourceUtils.getConnection(DataSourceUtils.java:81)
	... 78 common frames omitted
Caused by: java.net.ConnectException: Connection refused
	at java.base/sun.nio.ch.Net.pollConnect(Native Method)
	at java.base/sun.nio.ch.Net.pollConnectNow(Net.java:684)
	at java.base/sun.nio.ch.NioSocketImpl.timedFinishConnect(NioSocketImpl.java:547)
	at java.base/sun.nio.ch.NioSocketImpl.connect(NioSocketImpl.java:602)
	at java.base/java.net.SocksSocketImpl.connect(SocksSocketImpl.java:327)
	at java.base/java.net.Socket.connect(Socket.java:633)
	at org.postgresql.core.PGStream.createSocket(PGStream.java:260)
	at org.postgresql.core.PGStream.<init>(PGStream.java:121)
	at org.postgresql.core.v3.ConnectionFactoryImpl.tryConnect(ConnectionFactoryImpl.java:140)
	at org.postgresql.core.v3.ConnectionFactoryImpl.openConnectionImpl(ConnectionFactoryImpl.java:268)
	... 91 common frames omitted
{
                "correlationId": "",
                "timestamp": "2026-03-22T02:50:33.914",
                "level": "WARN",
                "thread": "http-nio-8085-exec-6",
                "logger": "org.springframework.boot.actuate.jdbc.DataSourceHealthIndicator",
                "message": "DataSource health check failed"
                }org.springframework.jdbc.CannotGetJdbcConnectionException: Failed to obtain JDBC Connection
	at org.springframework.jdbc.datasource.DataSourceUtils.getConnection(DataSourceUtils.java:84)
	at org.springframework.jdbc.core.JdbcTemplate.execute(JdbcTemplate.java:342)
	at org.springframework.boot.actuate.jdbc.DataSourceHealthIndicator.getProduct(DataSourceHealthIndicator.java:122)
	at org.springframework.boot.actuate.jdbc.DataSourceHealthIndicator.doDataSourceHealthCheck(DataSourceHealthIndicator.java:105)
	at org.springframework.boot.actuate.jdbc.DataSourceHealthIndicator.doHealthCheck(DataSourceHealthIndicator.java:100)
	at org.springframework.boot.actuate.health.AbstractHealthIndicator.health(AbstractHealthIndicator.java:82)
	at org.springframework.boot.actuate.health.HealthIndicator.getHealth(HealthIndicator.java:37)
	at org.springframework.boot.actuate.health.HealthEndpointWebExtension.getHealth(HealthEndpointWebExtension.java:94)
	at org.springframework.boot.actuate.health.HealthEndpointWebExtension.getHealth(HealthEndpointWebExtension.java:47)
	at org.springframework.boot.actuate.health.HealthEndpointSupport.getLoggedHealth(HealthEndpointSupport.java:172)
	at org.springframework.boot.actuate.health.HealthEndpointSupport.getContribution(HealthEndpointSupport.java:145)
	at org.springframework.boot.actuate.health.HealthEndpointSupport.getAggregateContribution(HealthEndpointSupport.java:156)
	at org.springframework.boot.actuate.health.HealthEndpointSupport.getContribution(HealthEndpointSupport.java:141)
	at org.springframework.boot.actuate.health.HealthEndpointSupport.getHealth(HealthEndpointSupport.java:110)
	at org.springframework.boot.actuate.health.HealthEndpointSupport.getHealth(HealthEndpointSupport.java:81)
	at org.springframework.boot.actuate.health.HealthEndpointWebExtension.health(HealthEndpointWebExtension.java:80)
	at org.springframework.boot.actuate.health.HealthEndpointWebExtension.health(HealthEndpointWebExtension.java:69)
	at jdk.internal.reflect.GeneratedMethodAccessor16.invoke(Unknown Source)
	at java.base/jdk.internal.reflect.DelegatingMethodAccessorImpl.invoke(DelegatingMethodAccessorImpl.java:43)
	at java.base/java.lang.reflect.Method.invoke(Method.java:569)
	at org.springframework.util.ReflectionUtils.invokeMethod(ReflectionUtils.java:281)
	at org.springframework.boot.actuate.endpoint.invoke.reflect.ReflectiveOperationInvoker.invoke(ReflectiveOperationInvoker.java:74)
	at org.springframework.boot.actuate.endpoint.annotation.AbstractDiscoveredOperation.invoke(AbstractDiscoveredOperation.java:60)
	at org.springframework.boot.actuate.endpoint.web.servlet.AbstractWebMvcEndpointHandlerMapping$ServletWebOperationAdapter.handle(AbstractWebMvcEndpointHandlerMapping.java:327)
	at org.springframework.boot.actuate.endpoint.web.servlet.AbstractWebMvcEndpointHandlerMapping$OperationHandler.handle(AbstractWebMvcEndpointHandlerMapping.java:434)
	at jdk.internal.reflect.GeneratedMethodAccessor10.invoke(Unknown Source)
	at java.base/jdk.internal.reflect.DelegatingMethodAccessorImpl.invoke(DelegatingMethodAccessorImpl.java:43)
	at java.base/java.lang.reflect.Method.invoke(Method.java:569)
	at org.springframework.web.method.support.InvocableHandlerMethod.doInvoke(InvocableHandlerMethod.java:255)
	at org.springframework.web.method.support.InvocableHandlerMethod.invokeForRequest(InvocableHandlerMethod.java:188)
	at org.springframework.web.servlet.mvc.method.annotation.ServletInvocableHandlerMethod.invokeAndHandle(ServletInvocableHandlerMethod.java:118)
	at org.springframework.web.servlet.mvc.method.annotation.RequestMappingHandlerAdapter.invokeHandlerMethod(RequestMappingHandlerAdapter.java:926)
	at org.springframework.web.servlet.mvc.method.annotation.RequestMappingHandlerAdapter.handleInternal(RequestMappingHandlerAdapter.java:831)
	at org.springframework.web.servlet.mvc.method.AbstractHandlerMethodAdapter.handle(AbstractHandlerMethodAdapter.java:87)
	at org.springframework.web.servlet.DispatcherServlet.doDispatch(DispatcherServlet.java:1089)
	at org.springframework.web.servlet.DispatcherServlet.doService(DispatcherServlet.java:979)
	at org.springframework.web.servlet.FrameworkServlet.processRequest(FrameworkServlet.java:1014)
	at org.springframework.web.servlet.FrameworkServlet.doGet(FrameworkServlet.java:903)
	at jakarta.servlet.http.HttpServlet.doHead(HttpServlet.java:211)
	at jakarta.servlet.http.HttpServlet.service(HttpServlet.java:587)
	at org.springframework.web.servlet.FrameworkServlet.service(FrameworkServlet.java:885)
	at jakarta.servlet.http.HttpServlet.service(HttpServlet.java:658)
	at org.apache.catalina.core.ApplicationFilterChain.internalDoFilter(ApplicationFilterChain.java:206)
	at org.apache.catalina.core.ApplicationFilterChain.doFilter(ApplicationFilterChain.java:150)
	at org.apache.tomcat.websocket.server.WsFilter.doFilter(WsFilter.java:51)
	at org.apache.catalina.core.ApplicationFilterChain.internalDoFilter(ApplicationFilterChain.java:175)
	at org.apache.catalina.core.ApplicationFilterChain.doFilter(ApplicationFilterChain.java:150)
	at org.springframework.web.filter.RequestContextFilter.doFilterInternal(RequestContextFilter.java:100)
	at org.springframework.web.filter.OncePerRequestFilter.doFilter(OncePerRequestFilter.java:116)
	at org.apache.catalina.core.ApplicationFilterChain.internalDoFilter(ApplicationFilterChain.java:175)
	at org.apache.catalina.core.ApplicationFilterChain.doFilter(ApplicationFilterChain.java:150)
	at org.springframework.web.filter.FormContentFilter.doFilterInternal(FormContentFilter.java:93)
	at org.springframework.web.filter.OncePerRequestFilter.doFilter(OncePerRequestFilter.java:116)
	at org.apache.catalina.core.ApplicationFilterChain.internalDoFilter(ApplicationFilterChain.java:175)
	at org.apache.catalina.core.ApplicationFilterChain.doFilter(ApplicationFilterChain.java:150)
	at org.springframework.web.filter.ServerHttpObservationFilter.doFilterInternal(ServerHttpObservationFilter.java:109)
	at org.springframework.web.filter.OncePerRequestFilter.doFilter(OncePerRequestFilter.java:116)
	at org.apache.catalina.core.ApplicationFilterChain.internalDoFilter(ApplicationFilterChain.java:175)
	at org.apache.catalina.core.ApplicationFilterChain.doFilter(ApplicationFilterChain.java:150)
	at org.springframework.web.filter.CharacterEncodingFilter.doFilterInternal(CharacterEncodingFilter.java:201)
	at org.springframework.web.filter.OncePerRequestFilter.doFilter(OncePerRequestFilter.java:116)
	at org.apache.catalina.core.ApplicationFilterChain.internalDoFilter(ApplicationFilterChain.java:175)
	at org.apache.catalina.core.ApplicationFilterChain.doFilter(ApplicationFilterChain.java:150)
	at org.apache.catalina.core.StandardWrapperValve.invoke(StandardWrapperValve.java:167)
	at org.apache.catalina.core.StandardContextValve.invoke(StandardContextValve.java:90)
	at org.apache.catalina.authenticator.AuthenticatorBase.invoke(AuthenticatorBase.java:482)
	at org.apache.catalina.core.StandardHostValve.invoke(StandardHostValve.java:115)
	at org.apache.catalina.valves.ErrorReportValve.invoke(ErrorReportValve.java:93)
	at org.apache.catalina.core.StandardEngineValve.invoke(StandardEngineValve.java:74)
	at org.apache.catalina.connector.CoyoteAdapter.service(CoyoteAdapter.java:344)
	at org.apache.coyote.http11.Http11Processor.service(Http11Processor.java:391)
	at org.apache.coyote.AbstractProcessorLight.process(AbstractProcessorLight.java:63)
	at org.apache.coyote.AbstractProtocol$ConnectionHandler.process(AbstractProtocol.java:896)
	at org.apache.tomcat.util.net.NioEndpoint$SocketProcessor.doRun(NioEndpoint.java:1736)
	at org.apache.tomcat.util.net.SocketProcessorBase.run(SocketProcessorBase.java:52)
	at org.apache.tomcat.util.threads.ThreadPoolExecutor.runWorker(ThreadPoolExecutor.java:1191)
	at org.apache.tomcat.util.threads.ThreadPoolExecutor$Worker.run(ThreadPoolExecutor.java:659)
	at org.apache.tomcat.util.threads.TaskThread$WrappingRunnable.run(TaskThread.java:63)
	at java.base/java.lang.Thread.run(Thread.java:840)
Caused by: org.postgresql.util.PSQLException: Connection to crs-crossword-db:5435 refused. Check that the hostname and port are correct and that the postmaster is accepting TCP/IP connections.
	at org.postgresql.core.v3.ConnectionFactoryImpl.openConnectionImpl(ConnectionFactoryImpl.java:352)
	at org.postgresql.core.ConnectionFactory.openConnection(ConnectionFactory.java:54)
	at org.postgresql.jdbc.PgConnection.<init>(PgConnection.java:273)
	at org.postgresql.Driver.makeConnection(Driver.java:446)
	at org.postgresql.Driver.connect(Driver.java:298)
	at java.sql/java.sql.DriverManager.getConnection(DriverManager.java:681)
	at java.sql/java.sql.DriverManager.getConnection(DriverManager.java:190)
	at org.springframework.jdbc.datasource.DriverManagerDataSource.getConnectionFromDriverManager(DriverManagerDataSource.java:155)
	at org.springframework.jdbc.datasource.DriverManagerDataSource.getConnectionFromDriver(DriverManagerDataSource.java:146)
	at org.springframework.jdbc.datasource.AbstractDriverBasedDataSource.getConnectionFromDriver(AbstractDriverBasedDataSource.java:205)
	at org.springframework.jdbc.datasource.AbstractDriverBasedDataSource.getConnection(AbstractDriverBasedDataSource.java:169)
	at org.springframework.jdbc.datasource.DataSourceUtils.fetchConnection(DataSourceUtils.java:160)
	at org.springframework.jdbc.datasource.DataSourceUtils.doGetConnection(DataSourceUtils.java:118)
	at org.springframework.jdbc.datasource.DataSourceUtils.getConnection(DataSourceUtils.java:81)
	... 78 common frames omitted
Caused by: java.net.ConnectException: Connection refused
	at java.base/sun.nio.ch.Net.pollConnect(Native Method)
	at java.base/sun.nio.ch.Net.pollConnectNow(Net.java:684)
	at java.base/sun.nio.ch.NioSocketImpl.timedFinishConnect(NioSocketImpl.java:547)
	at java.base/sun.nio.ch.NioSocketImpl.connect(NioSocketImpl.java:602)
	at java.base/java.net.SocksSocketImpl.connect(SocksSocketImpl.java:327)
	at java.base/java.net.Socket.connect(Socket.java:633)
	at org.postgresql.core.PGStream.createSocket(PGStream.java:260)
	at org.postgresql.core.PGStream.<init>(PGStream.java:121)
	at org.postgresql.core.v3.ConnectionFactoryImpl.tryConnect(ConnectionFactoryImpl.java:140)
	at org.postgresql.core.v3.ConnectionFactoryImpl.openConnectionImpl(ConnectionFactoryImpl.java:268)
	... 91 common frames omitted
{
                "correlationId": "",
                "timestamp": "2026-03-22T02:51:03.951",
                "level": "WARN",
                "thread": "http-nio-8085-exec-7",
                "logger": "org.springframework.boot.actuate.jdbc.DataSourceHealthIndicator",
                "message": "DataSource health check failed"
                }org.springframework.jdbc.CannotGetJdbcConnectionException: Failed to obtain JDBC Connection
	at org.springframework.jdbc.datasource.DataSourceUtils.getConnection(DataSourceUtils.java:84)
	at org.springframework.jdbc.core.JdbcTemplate.execute(JdbcTemplate.java:342)
	at org.springframework.boot.actuate.jdbc.DataSourceHealthIndicator.getProduct(DataSourceHealthIndicator.java:122)
	at org.springframework.boot.actuate.jdbc.DataSourceHealthIndicator.doDataSourceHealthCheck(DataSourceHealthIndicator.java:105)
	at org.springframework.boot.actuate.jdbc.DataSourceHealthIndicator.doHealthCheck(DataSourceHealthIndicator.java:100)
	at org.springframework.boot.actuate.health.AbstractHealthIndicator.health(AbstractHealthIndicator.java:82)
	at org.springframework.boot.actuate.health.HealthIndicator.getHealth(HealthIndicator.java:37)
	at org.springframework.boot.actuate.health.HealthEndpointWebExtension.getHealth(HealthEndpointWebExtension.java:94)
	at org.springframework.boot.actuate.health.HealthEndpointWebExtension.getHealth(HealthEndpointWebExtension.java:47)
	at org.springframework.boot.actuate.health.HealthEndpointSupport.getLoggedHealth(HealthEndpointSupport.java:172)
	at org.springframework.boot.actuate.health.HealthEndpointSupport.getContribution(HealthEndpointSupport.java:145)
	at org.springframework.boot.actuate.health.HealthEndpointSupport.getAggregateContribution(HealthEndpointSupport.java:156)
	at org.springframework.boot.actuate.health.HealthEndpointSupport.getContribution(HealthEndpointSupport.java:141)
	at org.springframework.boot.actuate.health.HealthEndpointSupport.getHealth(HealthEndpointSupport.java:110)
	at org.springframework.boot.actuate.health.HealthEndpointSupport.getHealth(HealthEndpointSupport.java:81)
	at org.springframework.boot.actuate.health.HealthEndpointWebExtension.health(HealthEndpointWebExtension.java:80)
	at org.springframework.boot.actuate.health.HealthEndpointWebExtension.health(HealthEndpointWebExtension.java:69)
	at jdk.internal.reflect.GeneratedMethodAccessor16.invoke(Unknown Source)
	at java.base/jdk.internal.reflect.DelegatingMethodAccessorImpl.invoke(DelegatingMethodAccessorImpl.java:43)
	at java.base/java.lang.reflect.Method.invoke(Method.java:569)
	at org.springframework.util.ReflectionUtils.invokeMethod(ReflectionUtils.java:281)
	at org.springframework.boot.actuate.endpoint.invoke.reflect.ReflectiveOperationInvoker.invoke(ReflectiveOperationInvoker.java:74)
	at org.springframework.boot.actuate.endpoint.annotation.AbstractDiscoveredOperation.invoke(AbstractDiscoveredOperation.java:60)
	at org.springframework.boot.actuate.endpoint.web.servlet.AbstractWebMvcEndpointHandlerMapping$ServletWebOperationAdapter.handle(AbstractWebMvcEndpointHandlerMapping.java:327)
	at org.springframework.boot.actuate.endpoint.web.servlet.AbstractWebMvcEndpointHandlerMapping$OperationHandler.handle(AbstractWebMvcEndpointHandlerMapping.java:434)
	at jdk.internal.reflect.GeneratedMethodAccessor10.invoke(Unknown Source)
	at java.base/jdk.internal.reflect.DelegatingMethodAccessorImpl.invoke(DelegatingMethodAccessorImpl.java:43)
	at java.base/java.lang.reflect.Method.invoke(Method.java:569)
	at org.springframework.web.method.support.InvocableHandlerMethod.doInvoke(InvocableHandlerMethod.java:255)
	at org.springframework.web.method.support.InvocableHandlerMethod.invokeForRequest(InvocableHandlerMethod.java:188)
	at org.springframework.web.servlet.mvc.method.annotation.ServletInvocableHandlerMethod.invokeAndHandle(ServletInvocableHandlerMethod.java:118)
	at org.springframework.web.servlet.mvc.method.annotation.RequestMappingHandlerAdapter.invokeHandlerMethod(RequestMappingHandlerAdapter.java:926)
	at org.springframework.web.servlet.mvc.method.annotation.RequestMappingHandlerAdapter.handleInternal(RequestMappingHandlerAdapter.java:831)
	at org.springframework.web.servlet.mvc.method.AbstractHandlerMethodAdapter.handle(AbstractHandlerMethodAdapter.java:87)
	at org.springframework.web.servlet.DispatcherServlet.doDispatch(DispatcherServlet.java:1089)
	at org.springframework.web.servlet.DispatcherServlet.doService(DispatcherServlet.java:979)
	at org.springframework.web.servlet.FrameworkServlet.processRequest(FrameworkServlet.java:1014)
	at org.springframework.web.servlet.FrameworkServlet.doGet(FrameworkServlet.java:903)
	at jakarta.servlet.http.HttpServlet.doHead(HttpServlet.java:211)
	at jakarta.servlet.http.HttpServlet.service(HttpServlet.java:587)
	at org.springframework.web.servlet.FrameworkServlet.service(FrameworkServlet.java:885)
	at jakarta.servlet.http.HttpServlet.service(HttpServlet.java:658)
	at org.apache.catalina.core.ApplicationFilterChain.internalDoFilter(ApplicationFilterChain.java:206)
	at org.apache.catalina.core.ApplicationFilterChain.doFilter(ApplicationFilterChain.java:150)
	at org.apache.tomcat.websocket.server.WsFilter.doFilter(WsFilter.java:51)
	at org.apache.catalina.core.ApplicationFilterChain.internalDoFilter(ApplicationFilterChain.java:175)
	at org.apache.catalina.core.ApplicationFilterChain.doFilter(ApplicationFilterChain.java:150)
	at org.springframework.web.filter.RequestContextFilter.doFilterInternal(RequestContextFilter.java:100)
	at org.springframework.web.filter.OncePerRequestFilter.doFilter(OncePerRequestFilter.java:116)
	at org.apache.catalina.core.ApplicationFilterChain.internalDoFilter(ApplicationFilterChain.java:175)
	at org.apache.catalina.core.ApplicationFilterChain.doFilter(ApplicationFilterChain.java:150)
	at org.springframework.web.filter.FormContentFilter.doFilterInternal(FormContentFilter.java:93)
	at org.springframework.web.filter.OncePerRequestFilter.doFilter(OncePerRequestFilter.java:116)
	at org.apache.catalina.core.ApplicationFilterChain.internalDoFilter(ApplicationFilterChain.java:175)
	at org.apache.catalina.core.ApplicationFilterChain.doFilter(ApplicationFilterChain.java:150)
	at org.springframework.web.filter.ServerHttpObservationFilter.doFilterInternal(ServerHttpObservationFilter.java:109)
	at org.springframework.web.filter.OncePerRequestFilter.doFilter(OncePerRequestFilter.java:116)
	at org.apache.catalina.core.ApplicationFilterChain.internalDoFilter(ApplicationFilterChain.java:175)
	at org.apache.catalina.core.ApplicationFilterChain.doFilter(ApplicationFilterChain.java:150)
	at org.springframework.web.filter.CharacterEncodingFilter.doFilterInternal(CharacterEncodingFilter.java:201)
	at org.springframework.web.filter.OncePerRequestFilter.doFilter(OncePerRequestFilter.java:116)
	at org.apache.catalina.core.ApplicationFilterChain.internalDoFilter(ApplicationFilterChain.java:175)
	at org.apache.catalina.core.ApplicationFilterChain.doFilter(ApplicationFilterChain.java:150)
	at org.apache.catalina.core.StandardWrapperValve.invoke(StandardWrapperValve.java:167)
	at org.apache.catalina.core.StandardContextValve.invoke(StandardContextValve.java:90)
	at org.apache.catalina.authenticator.AuthenticatorBase.invoke(AuthenticatorBase.java:482)
	at org.apache.catalina.core.StandardHostValve.invoke(StandardHostValve.java:115)
	at org.apache.catalina.valves.ErrorReportValve.invoke(ErrorReportValve.java:93)
	at org.apache.catalina.core.StandardEngineValve.invoke(StandardEngineValve.java:74)
	at org.apache.catalina.connector.CoyoteAdapter.service(CoyoteAdapter.java:344)
	at org.apache.coyote.http11.Http11Processor.service(Http11Processor.java:391)
	at org.apache.coyote.AbstractProcessorLight.process(AbstractProcessorLight.java:63)
	at org.apache.coyote.AbstractProtocol$ConnectionHandler.process(AbstractProtocol.java:896)
	at org.apache.tomcat.util.net.NioEndpoint$SocketProcessor.doRun(NioEndpoint.java:1736)
	at org.apache.tomcat.util.net.SocketProcessorBase.run(SocketProcessorBase.java:52)
	at org.apache.tomcat.util.threads.ThreadPoolExecutor.runWorker(ThreadPoolExecutor.java:1191)
	at org.apache.tomcat.util.threads.ThreadPoolExecutor$Worker.run(ThreadPoolExecutor.java:659)
	at org.apache.tomcat.util.threads.TaskThread$WrappingRunnable.run(TaskThread.java:63)
	at java.base/java.lang.Thread.run(Thread.java:840)
Caused by: org.postgresql.util.PSQLException: Connection to crs-crossword-db:5435 refused. Check that the hostname and port are correct and that the postmaster is accepting TCP/IP connections.
	at org.postgresql.core.v3.ConnectionFactoryImpl.openConnectionImpl(ConnectionFactoryImpl.java:352)
	at org.postgresql.core.ConnectionFactory.openConnection(ConnectionFactory.java:54)
	at org.postgresql.jdbc.PgConnection.<init>(PgConnection.java:273)
	at org.postgresql.Driver.makeConnection(Driver.java:446)
	at org.postgresql.Driver.connect(Driver.java:298)
	at java.sql/java.sql.DriverManager.getConnection(DriverManager.java:681)
	at java.sql/java.sql.DriverManager.getConnection(DriverManager.java:190)
	at org.springframework.jdbc.datasource.DriverManagerDataSource.getConnectionFromDriverManager(DriverManagerDataSource.java:155)
	at org.springframework.jdbc.datasource.DriverManagerDataSource.getConnectionFromDriver(DriverManagerDataSource.java:146)
	at org.springframework.jdbc.datasource.AbstractDriverBasedDataSource.getConnectionFromDriver(AbstractDriverBasedDataSource.java:205)
	at org.springframework.jdbc.datasource.AbstractDriverBasedDataSource.getConnection(AbstractDriverBasedDataSource.java:169)
	at org.springframework.jdbc.datasource.DataSourceUtils.fetchConnection(DataSourceUtils.java:160)
	at org.springframework.jdbc.datasource.DataSourceUtils.doGetConnection(DataSourceUtils.java:118)
	at org.springframework.jdbc.datasource.DataSourceUtils.getConnection(DataSourceUtils.java:81)
	... 78 common frames omitted
Caused by: java.net.ConnectException: Connection refused
	at java.base/sun.nio.ch.Net.pollConnect(Native Method)
	at java.base/sun.nio.ch.Net.pollConnectNow(Net.java:684)
	at java.base/sun.nio.ch.NioSocketImpl.timedFinishConnect(NioSocketImpl.java:547)
	at java.base/sun.nio.ch.NioSocketImpl.connect(NioSocketImpl.java:602)
	at java.base/java.net.SocksSocketImpl.connect(SocksSocketImpl.java:327)
	at java.base/java.net.Socket.connect(Socket.java:633)
	at org.postgresql.core.PGStream.createSocket(PGStream.java:260)
	at org.postgresql.core.PGStream.<init>(PGStream.java:121)
	at org.postgresql.core.v3.ConnectionFactoryImpl.tryConnect(ConnectionFactoryImpl.java:140)
	at org.postgresql.core.v3.ConnectionFactoryImpl.openConnectionImpl(ConnectionFactoryImpl.java:268)
	... 91 common frames omitted
{
                "correlationId": "",
                "timestamp": "2026-03-22T02:51:33.991",
                "level": "WARN",
                "thread": "http-nio-8085-exec-8",
                "logger": "org.springframework.boot.actuate.jdbc.DataSourceHealthIndicator",
                "message": "DataSource health check failed"
                }org.springframework.jdbc.CannotGetJdbcConnectionException: Failed to obtain JDBC Connection
	at org.springframework.jdbc.datasource.DataSourceUtils.getConnection(DataSourceUtils.java:84)
	at org.springframework.jdbc.core.JdbcTemplate.execute(JdbcTemplate.java:342)
	at org.springframework.boot.actuate.jdbc.DataSourceHealthIndicator.getProduct(DataSourceHealthIndicator.java:122)
	at org.springframework.boot.actuate.jdbc.DataSourceHealthIndicator.doDataSourceHealthCheck(DataSourceHealthIndicator.java:105)
	at org.springframework.boot.actuate.jdbc.DataSourceHealthIndicator.doHealthCheck(DataSourceHealthIndicator.java:100)
	at org.springframework.boot.actuate.health.AbstractHealthIndicator.health(AbstractHealthIndicator.java:82)
	at org.springframework.boot.actuate.health.HealthIndicator.getHealth(HealthIndicator.java:37)
	at org.springframework.boot.actuate.health.HealthEndpointWebExtension.getHealth(HealthEndpointWebExtension.java:94)
	at org.springframework.boot.actuate.health.HealthEndpointWebExtension.getHealth(HealthEndpointWebExtension.java:47)
	at org.springframework.boot.actuate.health.HealthEndpointSupport.getLoggedHealth(HealthEndpointSupport.java:172)
	at org.springframework.boot.actuate.health.HealthEndpointSupport.getContribution(HealthEndpointSupport.java:145)
	at org.springframework.boot.actuate.health.HealthEndpointSupport.getAggregateContribution(HealthEndpointSupport.java:156)
	at org.springframework.boot.actuate.health.HealthEndpointSupport.getContribution(HealthEndpointSupport.java:141)
	at org.springframework.boot.actuate.health.HealthEndpointSupport.getHealth(HealthEndpointSupport.java:110)
	at org.springframework.boot.actuate.health.HealthEndpointSupport.getHealth(HealthEndpointSupport.java:81)
	at org.springframework.boot.actuate.health.HealthEndpointWebExtension.health(HealthEndpointWebExtension.java:80)
	at org.springframework.boot.actuate.health.HealthEndpointWebExtension.health(HealthEndpointWebExtension.java:69)
	at jdk.internal.reflect.GeneratedMethodAccessor16.invoke(Unknown Source)
	at java.base/jdk.internal.reflect.DelegatingMethodAccessorImpl.invoke(DelegatingMethodAccessorImpl.java:43)
	at java.base/java.lang.reflect.Method.invoke(Method.java:569)
	at org.springframework.util.ReflectionUtils.invokeMethod(ReflectionUtils.java:281)
	at org.springframework.boot.actuate.endpoint.invoke.reflect.ReflectiveOperationInvoker.invoke(ReflectiveOperationInvoker.java:74)
	at org.springframework.boot.actuate.endpoint.annotation.AbstractDiscoveredOperation.invoke(AbstractDiscoveredOperation.java:60)
	at org.springframework.boot.actuate.endpoint.web.servlet.AbstractWebMvcEndpointHandlerMapping$ServletWebOperationAdapter.handle(AbstractWebMvcEndpointHandlerMapping.java:327)
	at org.springframework.boot.actuate.endpoint.web.servlet.AbstractWebMvcEndpointHandlerMapping$OperationHandler.handle(AbstractWebMvcEndpointHandlerMapping.java:434)
	at jdk.internal.reflect.GeneratedMethodAccessor10.invoke(Unknown Source)
	at java.base/jdk.internal.reflect.DelegatingMethodAccessorImpl.invoke(DelegatingMethodAccessorImpl.java:43)
	at java.base/java.lang.reflect.Method.invoke(Method.java:569)
	at org.springframework.web.method.support.InvocableHandlerMethod.doInvoke(InvocableHandlerMethod.java:255)
	at org.springframework.web.method.support.InvocableHandlerMethod.invokeForRequest(InvocableHandlerMethod.java:188)
	at org.springframework.web.servlet.mvc.method.annotation.ServletInvocableHandlerMethod.invokeAndHandle(ServletInvocableHandlerMethod.java:118)
	at org.springframework.web.servlet.mvc.method.annotation.RequestMappingHandlerAdapter.invokeHandlerMethod(RequestMappingHandlerAdapter.java:926)
	at org.springframework.web.servlet.mvc.method.annotation.RequestMappingHandlerAdapter.handleInternal(RequestMappingHandlerAdapter.java:831)
	at org.springframework.web.servlet.mvc.method.AbstractHandlerMethodAdapter.handle(AbstractHandlerMethodAdapter.java:87)
	at org.springframework.web.servlet.DispatcherServlet.doDispatch(DispatcherServlet.java:1089)
	at org.springframework.web.servlet.DispatcherServlet.doService(DispatcherServlet.java:979)
	at org.springframework.web.servlet.FrameworkServlet.processRequest(FrameworkServlet.java:1014)
	at org.springframework.web.servlet.FrameworkServlet.doGet(FrameworkServlet.java:903)
	at jakarta.servlet.http.HttpServlet.doHead(HttpServlet.java:211)
	at jakarta.servlet.http.HttpServlet.service(HttpServlet.java:587)
	at org.springframework.web.servlet.FrameworkServlet.service(FrameworkServlet.java:885)
	at jakarta.servlet.http.HttpServlet.service(HttpServlet.java:658)
	at org.apache.catalina.core.ApplicationFilterChain.internalDoFilter(ApplicationFilterChain.java:206)
	at org.apache.catalina.core.ApplicationFilterChain.doFilter(ApplicationFilterChain.java:150)
	at org.apache.tomcat.websocket.server.WsFilter.doFilter(WsFilter.java:51)
	at org.apache.catalina.core.ApplicationFilterChain.internalDoFilter(ApplicationFilterChain.java:175)
	at org.apache.catalina.core.ApplicationFilterChain.doFilter(ApplicationFilterChain.java:150)
	at org.springframework.web.filter.RequestContextFilter.doFilterInternal(RequestContextFilter.java:100)
	at org.springframework.web.filter.OncePerRequestFilter.doFilter(OncePerRequestFilter.java:116)
	at org.apache.catalina.core.ApplicationFilterChain.internalDoFilter(ApplicationFilterChain.java:175)
	at org.apache.catalina.core.ApplicationFilterChain.doFilter(ApplicationFilterChain.java:150)
	at org.springframework.web.filter.FormContentFilter.doFilterInternal(FormContentFilter.java:93)
	at org.springframework.web.filter.OncePerRequestFilter.doFilter(OncePerRequestFilter.java:116)
	at org.apache.catalina.core.ApplicationFilterChain.internalDoFilter(ApplicationFilterChain.java:175)
	at org.apache.catalina.core.ApplicationFilterChain.doFilter(ApplicationFilterChain.java:150)
	at org.springframework.web.filter.ServerHttpObservationFilter.doFilterInternal(ServerHttpObservationFilter.java:109)
	at org.springframework.web.filter.OncePerRequestFilter.doFilter(OncePerRequestFilter.java:116)
	at org.apache.catalina.core.ApplicationFilterChain.internalDoFilter(ApplicationFilterChain.java:175)
	at org.apache.catalina.core.ApplicationFilterChain.doFilter(ApplicationFilterChain.java:150)
	at org.springframework.web.filter.CharacterEncodingFilter.doFilterInternal(CharacterEncodingFilter.java:201)
	at org.springframework.web.filter.OncePerRequestFilter.doFilter(OncePerRequestFilter.java:116)
	at org.apache.catalina.core.ApplicationFilterChain.internalDoFilter(ApplicationFilterChain.java:175)
	at org.apache.catalina.core.ApplicationFilterChain.doFilter(ApplicationFilterChain.java:150)
	at org.apache.catalina.core.StandardWrapperValve.invoke(StandardWrapperValve.java:167)
	at org.apache.catalina.core.StandardContextValve.invoke(StandardContextValve.java:90)
	at org.apache.catalina.authenticator.AuthenticatorBase.invoke(AuthenticatorBase.java:482)
	at org.apache.catalina.core.StandardHostValve.invoke(StandardHostValve.java:115)
	at org.apache.catalina.valves.ErrorReportValve.invoke(ErrorReportValve.java:93)
	at org.apache.catalina.core.StandardEngineValve.invoke(StandardEngineValve.java:74)
	at org.apache.catalina.connector.CoyoteAdapter.service(CoyoteAdapter.java:344)
	at org.apache.coyote.http11.Http11Processor.service(Http11Processor.java:391)
	at org.apache.coyote.AbstractProcessorLight.process(AbstractProcessorLight.java:63)
	at org.apache.coyote.AbstractProtocol$ConnectionHandler.process(AbstractProtocol.java:896)
	at org.apache.tomcat.util.net.NioEndpoint$SocketProcessor.doRun(NioEndpoint.java:1736)
	at org.apache.tomcat.util.net.SocketProcessorBase.run(SocketProcessorBase.java:52)
	at org.apache.tomcat.util.threads.ThreadPoolExecutor.runWorker(ThreadPoolExecutor.java:1191)
	at org.apache.tomcat.util.threads.ThreadPoolExecutor$Worker.run(ThreadPoolExecutor.java:659)
	at org.apache.tomcat.util.threads.TaskThread$WrappingRunnable.run(TaskThread.java:63)
	at java.base/java.lang.Thread.run(Thread.java:840)
Caused by: org.postgresql.util.PSQLException: Connection to crs-crossword-db:5435 refused. Check that the hostname and port are correct and that the postmaster is accepting TCP/IP connections.
	at org.postgresql.core.v3.ConnectionFactoryImpl.openConnectionImpl(ConnectionFactoryImpl.java:352)
	at org.postgresql.core.ConnectionFactory.openConnection(ConnectionFactory.java:54)
	at org.postgresql.jdbc.PgConnection.<init>(PgConnection.java:273)
	at org.postgresql.Driver.makeConnection(Driver.java:446)
	at org.postgresql.Driver.connect(Driver.java:298)
	at java.sql/java.sql.DriverManager.getConnection(DriverManager.java:681)
	at java.sql/java.sql.DriverManager.getConnection(DriverManager.java:190)
	at org.springframework.jdbc.datasource.DriverManagerDataSource.getConnectionFromDriverManager(DriverManagerDataSource.java:155)
	at org.springframework.jdbc.datasource.DriverManagerDataSource.getConnectionFromDriver(DriverManagerDataSource.java:146)
	at org.springframework.jdbc.datasource.AbstractDriverBasedDataSource.getConnectionFromDriver(AbstractDriverBasedDataSource.java:205)
	at org.springframework.jdbc.datasource.AbstractDriverBasedDataSource.getConnection(AbstractDriverBasedDataSource.java:169)
	at org.springframework.jdbc.datasource.DataSourceUtils.fetchConnection(DataSourceUtils.java:160)
	at org.springframework.jdbc.datasource.DataSourceUtils.doGetConnection(DataSourceUtils.java:118)
	at org.springframework.jdbc.datasource.DataSourceUtils.getConnection(DataSourceUtils.java:81)
	... 78 common frames omitted
Caused by: java.net.ConnectException: Connection refused
	at java.base/sun.nio.ch.Net.pollConnect(Native Method)
	at java.base/sun.nio.ch.Net.pollConnectNow(Net.java:684)
	at java.base/sun.nio.ch.NioSocketImpl.timedFinishConnect(NioSocketImpl.java:547)
	at java.base/sun.nio.ch.NioSocketImpl.connect(NioSocketImpl.java:602)
	at java.base/java.net.SocksSocketImpl.connect(SocksSocketImpl.java:327)
	at java.base/java.net.Socket.connect(Socket.java:633)
	at org.postgresql.core.PGStream.createSocket(PGStream.java:260)
	at org.postgresql.core.PGStream.<init>(PGStream.java:121)
	at org.postgresql.core.v3.ConnectionFactoryImpl.tryConnect(ConnectionFactoryImpl.java:140)
	at org.postgresql.core.v3.ConnectionFactoryImpl.openConnectionImpl(ConnectionFactoryImpl.java:268)
	... 91 common frames omitted
{
                "correlationId": "",
                "timestamp": "2026-03-22T02:52:04.031",
                "level": "WARN",
                "thread": "http-nio-8085-exec-9",
                "logger": "org.springframework.boot.actuate.jdbc.DataSourceHealthIndicator",
                "message": "DataSource health check failed"
                }org.springframework.jdbc.CannotGetJdbcConnectionException: Failed to obtain JDBC Connection
	at org.springframework.jdbc.datasource.DataSourceUtils.getConnection(DataSourceUtils.java:84)
	at org.springframework.jdbc.core.JdbcTemplate.execute(JdbcTemplate.java:342)
	at org.springframework.boot.actuate.jdbc.DataSourceHealthIndicator.getProduct(DataSourceHealthIndicator.java:122)
	at org.springframework.boot.actuate.jdbc.DataSourceHealthIndicator.doDataSourceHealthCheck(DataSourceHealthIndicator.java:105)
	at org.springframework.boot.actuate.jdbc.DataSourceHealthIndicator.doHealthCheck(DataSourceHealthIndicator.java:100)
	at org.springframework.boot.actuate.health.AbstractHealthIndicator.health(AbstractHealthIndicator.java:82)
	at org.springframework.boot.actuate.health.HealthIndicator.getHealth(HealthIndicator.java:37)
	at org.springframework.boot.actuate.health.HealthEndpointWebExtension.getHealth(HealthEndpointWebExtension.java:94)
	at org.springframework.boot.actuate.health.HealthEndpointWebExtension.getHealth(HealthEndpointWebExtension.java:47)
	at org.springframework.boot.actuate.health.HealthEndpointSupport.getLoggedHealth(HealthEndpointSupport.java:172)
	at org.springframework.boot.actuate.health.HealthEndpointSupport.getContribution(HealthEndpointSupport.java:145)
	at org.springframework.boot.actuate.health.HealthEndpointSupport.getAggregateContribution(HealthEndpointSupport.java:156)
	at org.springframework.boot.actuate.health.HealthEndpointSupport.getContribution(HealthEndpointSupport.java:141)
	at org.springframework.boot.actuate.health.HealthEndpointSupport.getHealth(HealthEndpointSupport.java:110)
	at org.springframework.boot.actuate.health.HealthEndpointSupport.getHealth(HealthEndpointSupport.java:81)
	at org.springframework.boot.actuate.health.HealthEndpointWebExtension.health(HealthEndpointWebExtension.java:80)
	at org.springframework.boot.actuate.health.HealthEndpointWebExtension.health(HealthEndpointWebExtension.java:69)
	at jdk.internal.reflect.GeneratedMethodAccessor16.invoke(Unknown Source)
	at java.base/jdk.internal.reflect.DelegatingMethodAccessorImpl.invoke(DelegatingMethodAccessorImpl.java:43)
	at java.base/java.lang.reflect.Method.invoke(Method.java:569)
	at org.springframework.util.ReflectionUtils.invokeMethod(ReflectionUtils.java:281)
	at org.springframework.boot.actuate.endpoint.invoke.reflect.ReflectiveOperationInvoker.invoke(ReflectiveOperationInvoker.java:74)
	at org.springframework.boot.actuate.endpoint.annotation.AbstractDiscoveredOperation.invoke(AbstractDiscoveredOperation.java:60)
	at org.springframework.boot.actuate.endpoint.web.servlet.AbstractWebMvcEndpointHandlerMapping$ServletWebOperationAdapter.handle(AbstractWebMvcEndpointHandlerMapping.java:327)
	at org.springframework.boot.actuate.endpoint.web.servlet.AbstractWebMvcEndpointHandlerMapping$OperationHandler.handle(AbstractWebMvcEndpointHandlerMapping.java:434)
	at jdk.internal.reflect.GeneratedMethodAccessor10.invoke(Unknown Source)
	at java.base/jdk.internal.reflect.DelegatingMethodAccessorImpl.invoke(DelegatingMethodAccessorImpl.java:43)
	at java.base/java.lang.reflect.Method.invoke(Method.java:569)
	at org.springframework.web.method.support.InvocableHandlerMethod.doInvoke(InvocableHandlerMethod.java:255)
	at org.springframework.web.method.support.InvocableHandlerMethod.invokeForRequest(InvocableHandlerMethod.java:188)
	at org.springframework.web.servlet.mvc.method.annotation.ServletInvocableHandlerMethod.invokeAndHandle(ServletInvocableHandlerMethod.java:118)
	at org.springframework.web.servlet.mvc.method.annotation.RequestMappingHandlerAdapter.invokeHandlerMethod(RequestMappingHandlerAdapter.java:926)
	at org.springframework.web.servlet.mvc.method.annotation.RequestMappingHandlerAdapter.handleInternal(RequestMappingHandlerAdapter.java:831)
	at org.springframework.web.servlet.mvc.method.AbstractHandlerMethodAdapter.handle(AbstractHandlerMethodAdapter.java:87)
	at org.springframework.web.servlet.DispatcherServlet.doDispatch(DispatcherServlet.java:1089)
	at org.springframework.web.servlet.DispatcherServlet.doService(DispatcherServlet.java:979)
	at org.springframework.web.servlet.FrameworkServlet.processRequest(FrameworkServlet.java:1014)
	at org.springframework.web.servlet.FrameworkServlet.doGet(FrameworkServlet.java:903)
	at jakarta.servlet.http.HttpServlet.doHead(HttpServlet.java:211)
	at jakarta.servlet.http.HttpServlet.service(HttpServlet.java:587)
	at org.springframework.web.servlet.FrameworkServlet.service(FrameworkServlet.java:885)
	at jakarta.servlet.http.HttpServlet.service(HttpServlet.java:658)
	at org.apache.catalina.core.ApplicationFilterChain.internalDoFilter(ApplicationFilterChain.java:206)
	at org.apache.catalina.core.ApplicationFilterChain.doFilter(ApplicationFilterChain.java:150)
	at org.apache.tomcat.websocket.server.WsFilter.doFilter(WsFilter.java:51)
	at org.apache.catalina.core.ApplicationFilterChain.internalDoFilter(ApplicationFilterChain.java:175)
	at org.apache.catalina.core.ApplicationFilterChain.doFilter(ApplicationFilterChain.java:150)
	at org.springframework.web.filter.RequestContextFilter.doFilterInternal(RequestContextFilter.java:100)
	at org.springframework.web.filter.OncePerRequestFilter.doFilter(OncePerRequestFilter.java:116)
	at org.apache.catalina.core.ApplicationFilterChain.internalDoFilter(ApplicationFilterChain.java:175)
	at org.apache.catalina.core.ApplicationFilterChain.doFilter(ApplicationFilterChain.java:150)
	at org.springframework.web.filter.FormContentFilter.doFilterInternal(FormContentFilter.java:93)
	at org.springframework.web.filter.OncePerRequestFilter.doFilter(OncePerRequestFilter.java:116)
	at org.apache.catalina.core.ApplicationFilterChain.internalDoFilter(ApplicationFilterChain.java:175)
	at org.apache.catalina.core.ApplicationFilterChain.doFilter(ApplicationFilterChain.java:150)
	at org.springframework.web.filter.ServerHttpObservationFilter.doFilterInternal(ServerHttpObservationFilter.java:109)
	at org.springframework.web.filter.OncePerRequestFilter.doFilter(OncePerRequestFilter.java:116)
	at org.apache.catalina.core.ApplicationFilterChain.internalDoFilter(ApplicationFilterChain.java:175)
	at org.apache.catalina.core.ApplicationFilterChain.doFilter(ApplicationFilterChain.java:150)
	at org.springframework.web.filter.CharacterEncodingFilter.doFilterInternal(CharacterEncodingFilter.java:201)
	at org.springframework.web.filter.OncePerRequestFilter.doFilter(OncePerRequestFilter.java:116)
	at org.apache.catalina.core.ApplicationFilterChain.internalDoFilter(ApplicationFilterChain.java:175)
	at org.apache.catalina.core.ApplicationFilterChain.doFilter(ApplicationFilterChain.java:150)
	at org.apache.catalina.core.StandardWrapperValve.invoke(StandardWrapperValve.java:167)
	at org.apache.catalina.core.StandardContextValve.invoke(StandardContextValve.java:90)
	at org.apache.catalina.authenticator.AuthenticatorBase.invoke(AuthenticatorBase.java:482)
	at org.apache.catalina.core.StandardHostValve.invoke(StandardHostValve.java:115)
	at org.apache.catalina.valves.ErrorReportValve.invoke(ErrorReportValve.java:93)
	at org.apache.catalina.core.StandardEngineValve.invoke(StandardEngineValve.java:74)
	at org.apache.catalina.connector.CoyoteAdapter.service(CoyoteAdapter.java:344)
	at org.apache.coyote.http11.Http11Processor.service(Http11Processor.java:391)
	at org.apache.coyote.AbstractProcessorLight.process(AbstractProcessorLight.java:63)
	at org.apache.coyote.AbstractProtocol$ConnectionHandler.process(AbstractProtocol.java:896)
	at org.apache.tomcat.util.net.NioEndpoint$SocketProcessor.doRun(NioEndpoint.java:1736)
	at org.apache.tomcat.util.net.SocketProcessorBase.run(SocketProcessorBase.java:52)
	at org.apache.tomcat.util.threads.ThreadPoolExecutor.runWorker(ThreadPoolExecutor.java:1191)
	at org.apache.tomcat.util.threads.ThreadPoolExecutor$Worker.run(ThreadPoolExecutor.java:659)
	at org.apache.tomcat.util.threads.TaskThread$WrappingRunnable.run(TaskThread.java:63)
	at java.base/java.lang.Thread.run(Thread.java:840)
Caused by: org.postgresql.util.PSQLException: Connection to crs-crossword-db:5435 refused. Check that the hostname and port are correct and that the postmaster is accepting TCP/IP connections.
	at org.postgresql.core.v3.ConnectionFactoryImpl.openConnectionImpl(ConnectionFactoryImpl.java:352)
	at org.postgresql.core.ConnectionFactory.openConnection(ConnectionFactory.java:54)
	at org.postgresql.jdbc.PgConnection.<init>(PgConnection.java:273)
	at org.postgresql.Driver.makeConnection(Driver.java:446)
	at org.postgresql.Driver.connect(Driver.java:298)
	at java.sql/java.sql.DriverManager.getConnection(DriverManager.java:681)
	at java.sql/java.sql.DriverManager.getConnection(DriverManager.java:190)
	at org.springframework.jdbc.datasource.DriverManagerDataSource.getConnectionFromDriverManager(DriverManagerDataSource.java:155)
	at org.springframework.jdbc.datasource.DriverManagerDataSource.getConnectionFromDriver(DriverManagerDataSource.java:146)
	at org.springframework.jdbc.datasource.AbstractDriverBasedDataSource.getConnectionFromDriver(AbstractDriverBasedDataSource.java:205)
	at org.springframework.jdbc.datasource.AbstractDriverBasedDataSource.getConnection(AbstractDriverBasedDataSource.java:169)
	at org.springframework.jdbc.datasource.DataSourceUtils.fetchConnection(DataSourceUtils.java:160)
	at org.springframework.jdbc.datasource.DataSourceUtils.doGetConnection(DataSourceUtils.java:118)
	at org.springframework.jdbc.datasource.DataSourceUtils.getConnection(DataSourceUtils.java:81)
	... 78 common frames omitted
Caused by: java.net.ConnectException: Connection refused
	at java.base/sun.nio.ch.Net.pollConnect(Native Method)
	at java.base/sun.nio.ch.Net.pollConnectNow(Net.java:684)
	at java.base/sun.nio.ch.NioSocketImpl.timedFinishConnect(NioSocketImpl.java:547)
	at java.base/sun.nio.ch.NioSocketImpl.connect(NioSocketImpl.java:602)
	at java.base/java.net.SocksSocketImpl.connect(SocksSocketImpl.java:327)
	at java.base/java.net.Socket.connect(Socket.java:633)
	at org.postgresql.core.PGStream.createSocket(PGStream.java:260)
	at org.postgresql.core.PGStream.<init>(PGStream.java:121)
	at org.postgresql.core.v3.ConnectionFactoryImpl.tryConnect(ConnectionFactoryImpl.java:140)
	at org.postgresql.core.v3.ConnectionFactoryImpl.openConnectionImpl(ConnectionFactoryImpl.java:268)
	... 91 common frames omitted
{
                "correlationId": "",
                "timestamp": "2026-03-22T02:52:34.093",
                "level": "WARN",
                "thread": "http-nio-8085-exec-10",
                "logger": "org.springframework.boot.actuate.jdbc.DataSourceHealthIndicator",
                "message": "DataSource health check failed"
                }org.springframework.jdbc.CannotGetJdbcConnectionException: Failed to obtain JDBC Connection
	at org.springframework.jdbc.datasource.DataSourceUtils.getConnection(DataSourceUtils.java:84)
	at org.springframework.jdbc.core.JdbcTemplate.execute(JdbcTemplate.java:342)
	at org.springframework.boot.actuate.jdbc.DataSourceHealthIndicator.getProduct(DataSourceHealthIndicator.java:122)
	at org.springframework.boot.actuate.jdbc.DataSourceHealthIndicator.doDataSourceHealthCheck(DataSourceHealthIndicator.java:105)
	at org.springframework.boot.actuate.jdbc.DataSourceHealthIndicator.doHealthCheck(DataSourceHealthIndicator.java:100)
	at org.springframework.boot.actuate.health.AbstractHealthIndicator.health(AbstractHealthIndicator.java:82)
	at org.springframework.boot.actuate.health.HealthIndicator.getHealth(HealthIndicator.java:37)
	at org.springframework.boot.actuate.health.HealthEndpointWebExtension.getHealth(HealthEndpointWebExtension.java:94)
	at org.springframework.boot.actuate.health.HealthEndpointWebExtension.getHealth(HealthEndpointWebExtension.java:47)
	at org.springframework.boot.actuate.health.HealthEndpointSupport.getLoggedHealth(HealthEndpointSupport.java:172)
	at org.springframework.boot.actuate.health.HealthEndpointSupport.getContribution(HealthEndpointSupport.java:145)
	at org.springframework.boot.actuate.health.HealthEndpointSupport.getAggregateContribution(HealthEndpointSupport.java:156)
	at org.springframework.boot.actuate.health.HealthEndpointSupport.getContribution(HealthEndpointSupport.java:141)
	at org.springframework.boot.actuate.health.HealthEndpointSupport.getHealth(HealthEndpointSupport.java:110)
	at org.springframework.boot.actuate.health.HealthEndpointSupport.getHealth(HealthEndpointSupport.java:81)
	at org.springframework.boot.actuate.health.HealthEndpointWebExtension.health(HealthEndpointWebExtension.java:80)
	at org.springframework.boot.actuate.health.HealthEndpointWebExtension.health(HealthEndpointWebExtension.java:69)
	at jdk.internal.reflect.GeneratedMethodAccessor16.invoke(Unknown Source)
	at java.base/jdk.internal.reflect.DelegatingMethodAccessorImpl.invoke(DelegatingMethodAccessorImpl.java:43)
	at java.base/java.lang.reflect.Method.invoke(Method.java:569)
	at org.springframework.util.ReflectionUtils.invokeMethod(ReflectionUtils.java:281)
	at org.springframework.boot.actuate.endpoint.invoke.reflect.ReflectiveOperationInvoker.invoke(ReflectiveOperationInvoker.java:74)
	at org.springframework.boot.actuate.endpoint.annotation.AbstractDiscoveredOperation.invoke(AbstractDiscoveredOperation.java:60)
	at org.springframework.boot.actuate.endpoint.web.servlet.AbstractWebMvcEndpointHandlerMapping$ServletWebOperationAdapter.handle(AbstractWebMvcEndpointHandlerMapping.java:327)
	at org.springframework.boot.actuate.endpoint.web.servlet.AbstractWebMvcEndpointHandlerMapping$OperationHandler.handle(AbstractWebMvcEndpointHandlerMapping.java:434)
	at jdk.internal.reflect.GeneratedMethodAccessor10.invoke(Unknown Source)
	at java.base/jdk.internal.reflect.DelegatingMethodAccessorImpl.invoke(DelegatingMethodAccessorImpl.java:43)
	at java.base/java.lang.reflect.Method.invoke(Method.java:569)
	at org.springframework.web.method.support.InvocableHandlerMethod.doInvoke(InvocableHandlerMethod.java:255)
	at org.springframework.web.method.support.InvocableHandlerMethod.invokeForRequest(InvocableHandlerMethod.java:188)
	at org.springframework.web.servlet.mvc.method.annotation.ServletInvocableHandlerMethod.invokeAndHandle(ServletInvocableHandlerMethod.java:118)
	at org.springframework.web.servlet.mvc.method.annotation.RequestMappingHandlerAdapter.invokeHandlerMethod(RequestMappingHandlerAdapter.java:926)
	at org.springframework.web.servlet.mvc.method.annotation.RequestMappingHandlerAdapter.handleInternal(RequestMappingHandlerAdapter.java:831)
	at org.springframework.web.servlet.mvc.method.AbstractHandlerMethodAdapter.handle(AbstractHandlerMethodAdapter.java:87)
	at org.springframework.web.servlet.DispatcherServlet.doDispatch(DispatcherServlet.java:1089)
	at org.springframework.web.servlet.DispatcherServlet.doService(DispatcherServlet.java:979)
	at org.springframework.web.servlet.FrameworkServlet.processRequest(FrameworkServlet.java:1014)
	at org.springframework.web.servlet.FrameworkServlet.doGet(FrameworkServlet.java:903)
	at jakarta.servlet.http.HttpServlet.doHead(HttpServlet.java:211)
	at jakarta.servlet.http.HttpServlet.service(HttpServlet.java:587)
	at org.springframework.web.servlet.FrameworkServlet.service(FrameworkServlet.java:885)
	at jakarta.servlet.http.HttpServlet.service(HttpServlet.java:658)
	at org.apache.catalina.core.ApplicationFilterChain.internalDoFilter(ApplicationFilterChain.java:206)
	at org.apache.catalina.core.ApplicationFilterChain.doFilter(ApplicationFilterChain.java:150)
	at org.apache.tomcat.websocket.server.WsFilter.doFilter(WsFilter.java:51)
	at org.apache.catalina.core.ApplicationFilterChain.internalDoFilter(ApplicationFilterChain.java:175)
	at org.apache.catalina.core.ApplicationFilterChain.doFilter(ApplicationFilterChain.java:150)
	at org.springframework.web.filter.RequestContextFilter.doFilterInternal(RequestContextFilter.java:100)
	at org.springframework.web.filter.OncePerRequestFilter.doFilter(OncePerRequestFilter.java:116)
	at org.apache.catalina.core.ApplicationFilterChain.internalDoFilter(ApplicationFilterChain.java:175)
	at org.apache.catalina.core.ApplicationFilterChain.doFilter(ApplicationFilterChain.java:150)
	at org.springframework.web.filter.FormContentFilter.doFilterInternal(FormContentFilter.java:93)
	at org.springframework.web.filter.OncePerRequestFilter.doFilter(OncePerRequestFilter.java:116)
	at org.apache.catalina.core.ApplicationFilterChain.internalDoFilter(ApplicationFilterChain.java:175)
	at org.apache.catalina.core.ApplicationFilterChain.doFilter(ApplicationFilterChain.java:150)
	at org.springframework.web.filter.ServerHttpObservationFilter.doFilterInternal(ServerHttpObservationFilter.java:109)
	at org.springframework.web.filter.OncePerRequestFilter.doFilter(OncePerRequestFilter.java:116)
	at org.apache.catalina.core.ApplicationFilterChain.internalDoFilter(ApplicationFilterChain.java:175)
	at org.apache.catalina.core.ApplicationFilterChain.doFilter(ApplicationFilterChain.java:150)
	at org.springframework.web.filter.CharacterEncodingFilter.doFilterInternal(CharacterEncodingFilter.java:201)
	at org.springframework.web.filter.OncePerRequestFilter.doFilter(OncePerRequestFilter.java:116)
	at org.apache.catalina.core.ApplicationFilterChain.internalDoFilter(ApplicationFilterChain.java:175)
	at org.apache.catalina.core.ApplicationFilterChain.doFilter(ApplicationFilterChain.java:150)
	at org.apache.catalina.core.StandardWrapperValve.invoke(StandardWrapperValve.java:167)
	at org.apache.catalina.core.StandardContextValve.invoke(StandardContextValve.java:90)
	at org.apache.catalina.authenticator.AuthenticatorBase.invoke(AuthenticatorBase.java:482)
	at org.apache.catalina.core.StandardHostValve.invoke(StandardHostValve.java:115)
	at org.apache.catalina.valves.ErrorReportValve.invoke(ErrorReportValve.java:93)
	at org.apache.catalina.core.StandardEngineValve.invoke(StandardEngineValve.java:74)
	at org.apache.catalina.connector.CoyoteAdapter.service(CoyoteAdapter.java:344)
	at org.apache.coyote.http11.Http11Processor.service(Http11Processor.java:391)
	at org.apache.coyote.AbstractProcessorLight.process(AbstractProcessorLight.java:63)
	at org.apache.coyote.AbstractProtocol$ConnectionHandler.process(AbstractProtocol.java:896)
	at org.apache.tomcat.util.net.NioEndpoint$SocketProcessor.doRun(NioEndpoint.java:1736)
	at org.apache.tomcat.util.net.SocketProcessorBase.run(SocketProcessorBase.java:52)
	at org.apache.tomcat.util.threads.ThreadPoolExecutor.runWorker(ThreadPoolExecutor.java:1191)
	at org.apache.tomcat.util.threads.ThreadPoolExecutor$Worker.run(ThreadPoolExecutor.java:659)
	at org.apache.tomcat.util.threads.TaskThread$WrappingRunnable.run(TaskThread.java:63)
	at java.base/java.lang.Thread.run(Thread.java:840)
Caused by: org.postgresql.util.PSQLException: Connection to crs-crossword-db:5435 refused. Check that the hostname and port are correct and that the postmaster is accepting TCP/IP connections.
	at org.postgresql.core.v3.ConnectionFactoryImpl.openConnectionImpl(ConnectionFactoryImpl.java:352)
	at org.postgresql.core.ConnectionFactory.openConnection(ConnectionFactory.java:54)
	at org.postgresql.jdbc.PgConnection.<init>(PgConnection.java:273)
	at org.postgresql.Driver.makeConnection(Driver.java:446)
	at org.postgresql.Driver.connect(Driver.java:298)
	at java.sql/java.sql.DriverManager.getConnection(DriverManager.java:681)
	at java.sql/java.sql.DriverManager.getConnection(DriverManager.java:190)
	at org.springframework.jdbc.datasource.DriverManagerDataSource.getConnectionFromDriverManager(DriverManagerDataSource.java:155)
	at org.springframework.jdbc.datasource.DriverManagerDataSource.getConnectionFromDriver(DriverManagerDataSource.java:146)
	at org.springframework.jdbc.datasource.AbstractDriverBasedDataSource.getConnectionFromDriver(AbstractDriverBasedDataSource.java:205)
	at org.springframework.jdbc.datasource.AbstractDriverBasedDataSource.getConnection(AbstractDriverBasedDataSource.java:169)
	at org.springframework.jdbc.datasource.DataSourceUtils.fetchConnection(DataSourceUtils.java:160)
	at org.springframework.jdbc.datasource.DataSourceUtils.doGetConnection(DataSourceUtils.java:118)
	at org.springframework.jdbc.datasource.DataSourceUtils.getConnection(DataSourceUtils.java:81)
	... 78 common frames omitted
Caused by: java.net.ConnectException: Connection refused
	at java.base/sun.nio.ch.Net.pollConnect(Native Method)
	at java.base/sun.nio.ch.Net.pollConnectNow(Net.java:684)
	at java.base/sun.nio.ch.NioSocketImpl.timedFinishConnect(NioSocketImpl.java:547)
	at java.base/sun.nio.ch.NioSocketImpl.connect(NioSocketImpl.java:602)
	at java.base/java.net.SocksSocketImpl.connect(SocksSocketImpl.java:327)
	at java.base/java.net.Socket.connect(Socket.java:633)
	at org.postgresql.core.PGStream.createSocket(PGStream.java:260)
	at org.postgresql.core.PGStream.<init>(PGStream.java:121)
	at org.postgresql.core.v3.ConnectionFactoryImpl.tryConnect(ConnectionFactoryImpl.java:140)
	at org.postgresql.core.v3.ConnectionFactoryImpl.openConnectionImpl(ConnectionFactoryImpl.java:268)
	... 91 common frames omitted
{
                "correlationId": "",
                "timestamp": "2026-03-22T02:53:01.876",
                "level": "INFO",
                "thread": "main",
                "logger": "co.edu.uco.infrastructure.init.CrossWordApplication",
                "message": "Starting CrossWordApplication v0.0.1-SNAPSHOT using Java 17.0.18 with PID 7 (/app/app.jar started by root in /app)"
                }{
                "correlationId": "",
                "timestamp": "2026-03-22T02:53:01.883",
                "level": "INFO",
                "thread": "main",
                "logger": "co.edu.uco.infrastructure.init.CrossWordApplication",
                "message": "No active profile set, falling back to 1 default profile: "default""
                }{
                "correlationId": "",
                "timestamp": "2026-03-22T02:53:02.754",
                "level": "INFO",
                "thread": "main",
                "logger": "org.springframework.data.repository.config.RepositoryConfigurationDelegate",
                "message": "Multiple Spring Data modules found, entering strict repository configuration mode"
                }{
                "correlationId": "",
                "timestamp": "2026-03-22T02:53:02.755",
                "level": "INFO",
                "thread": "main",
                "logger": "org.springframework.data.repository.config.RepositoryConfigurationDelegate",
                "message": "Bootstrapping Spring Data Redis repositories in DEFAULT mode."
                }{
                "correlationId": "",
                "timestamp": "2026-03-22T02:53:02.799",
                "level": "INFO",
                "thread": "main",
                "logger": "org.springframework.data.repository.config.RepositoryConfigurationExtensionSupport",
                "message": "Spring Data Redis - Could not safely identify store assignment for repository candidate interface co.edu.uco.infrastructure.adapter.secondary.repository.mongo.EnvironmentRepositoryAdapter; If you want this repository to be a Redis repository, consider annotating your entities with one of these annotations: org.springframework.data.redis.core.RedisHash (preferred), or consider extending one of the following types with your repository: org.springframework.data.keyvalue.repository.KeyValueRepository"
                }{
                "correlationId": "",
                "timestamp": "2026-03-22T02:53:02.801",
                "level": "INFO",
                "thread": "main",
                "logger": "org.springframework.data.repository.config.RepositoryConfigurationExtensionSupport",
                "message": "Spring Data Redis - Could not safely identify store assignment for repository candidate interface co.edu.uco.infrastructure.adapter.secondary.repository.mongo.TokenStateMongoRepositoryAdapter; If you want this repository to be a Redis repository, consider annotating your entities with one of these annotations: org.springframework.data.redis.core.RedisHash (preferred), or consider extending one of the following types with your repository: org.springframework.data.keyvalue.repository.KeyValueRepository"
                }{
                "correlationId": "",
                "timestamp": "2026-03-22T02:53:02.806",
                "level": "INFO",
                "thread": "main",
                "logger": "org.springframework.data.repository.config.RepositoryConfigurationExtensionSupport",
                "message": "Spring Data Redis - Could not safely identify store assignment for repository candidate interface co.edu.uco.infrastructure.adapter.secondary.repository.mongo.TokenMongoRepositoryAdapter; If you want this repository to be a Redis repository, consider annotating your entities with one of these annotations: org.springframework.data.redis.core.RedisHash (preferred), or consider extending one of the following types with your repository: org.springframework.data.keyvalue.repository.KeyValueRepository"
                }{
                "correlationId": "",
                "timestamp": "2026-03-22T02:53:02.808",
                "level": "INFO",
                "thread": "main",
                "logger": "org.springframework.data.repository.config.RepositoryConfigurationExtensionSupport",
                "message": "Spring Data Redis - Could not safely identify store assignment for repository candidate interface co.edu.uco.infrastructure.adapter.secondary.repository.mongo.EnvironmentMongoRepositoryAdapter; If you want this repository to be a Redis repository, consider annotating your entities with one of these annotations: org.springframework.data.redis.core.RedisHash (preferred), or consider extending one of the following types with your repository: org.springframework.data.keyvalue.repository.KeyValueRepository"
                }{
                "correlationId": "",
                "timestamp": "2026-03-22T02:53:02.817",
                "level": "INFO",
                "thread": "main",
                "logger": "org.springframework.data.repository.config.RepositoryConfigurationExtensionSupport",
                "message": "Spring Data Redis - Could not safely identify store assignment for repository candidate interface co.edu.uco.infrastructure.adapter.secondary.repository.postgresql.TokenPostgresSQLRepositoryAdapter; If you want this repository to be a Redis repository, consider annotating your entities with one of these annotations: org.springframework.data.redis.core.RedisHash (preferred), or consider extending one of the following types with your repository: org.springframework.data.keyvalue.repository.KeyValueRepository"
                }{
                "correlationId": "",
                "timestamp": "2026-03-22T02:53:02.864",
                "level": "INFO",
                "thread": "main",
                "logger": "org.springframework.data.repository.config.RepositoryConfigurationDelegate",
                "message": "Finished Spring Data repository scanning in 91 ms. Found 1 Redis repository interface."
                }{
                "correlationId": "",
                "timestamp": "2026-03-22T02:53:02.868",
                "level": "INFO",
                "thread": "main",
                "logger": "org.springframework.data.repository.config.RepositoryConfigurationDelegate",
                "message": "Multiple Spring Data modules found, entering strict repository configuration mode"
                }{
                "correlationId": "",
                "timestamp": "2026-03-22T02:53:02.869",
                "level": "INFO",
                "thread": "main",
                "logger": "org.springframework.data.repository.config.RepositoryConfigurationDelegate",
                "message": "Bootstrapping Spring Data JPA repositories in DEFAULT mode."
                }{
                "correlationId": "",
                "timestamp": "2026-03-22T02:53:02.887",
                "level": "INFO",
                "thread": "main",
                "logger": "org.springframework.data.repository.config.RepositoryConfigurationDelegate",
                "message": "Finished Spring Data repository scanning in 8 ms. Found 1 JPA repository interface."
                }{
                "correlationId": "",
                "timestamp": "2026-03-22T02:53:02.890",
                "level": "INFO",
                "thread": "main",
                "logger": "org.springframework.data.repository.config.RepositoryConfigurationDelegate",
                "message": "Multiple Spring Data modules found, entering strict repository configuration mode"
                }{
                "correlationId": "",
                "timestamp": "2026-03-22T02:53:02.893",
                "level": "INFO",
                "thread": "main",
                "logger": "org.springframework.data.repository.config.RepositoryConfigurationDelegate",
                "message": "Bootstrapping Spring Data MongoDB repositories in DEFAULT mode."
                }{
                "correlationId": "",
                "timestamp": "2026-03-22T02:53:02.900",
                "level": "INFO",
                "thread": "main",
                "logger": "org.springframework.data.repository.config.RepositoryConfigurationExtensionSupport",
                "message": "Spring Data MongoDB - Could not safely identify store assignment for repository candidate interface co.edu.uco.infrastructure.adapter.secondary.repository.postgresql.TokenPostgresSQLRepositoryAdapter; If you want this repository to be a MongoDB repository, consider annotating your entities with one of these annotations: org.springframework.data.mongodb.core.mapping.Document (preferred), or consider extending one of the following types with your repository: org.springframework.data.mongodb.repository.MongoRepository"
                }{
                "correlationId": "",
                "timestamp": "2026-03-22T02:53:02.901",
                "level": "INFO",
                "thread": "main",
                "logger": "org.springframework.data.repository.config.RepositoryConfigurationExtensionSupport",
                "message": "Spring Data MongoDB - Could not safely identify store assignment for repository candidate interface co.edu.uco.infrastructure.adapter.secondary.repository.redis.RedisRepositoryAdapter; If you want this repository to be a MongoDB repository, consider annotating your entities with one of these annotations: org.springframework.data.mongodb.core.mapping.Document (preferred), or consider extending one of the following types with your repository: org.springframework.data.mongodb.repository.MongoRepository"
                }{
                "correlationId": "",
                "timestamp": "2026-03-22T02:53:02.910",
                "level": "INFO",
                "thread": "main",
                "logger": "org.springframework.data.repository.config.RepositoryConfigurationDelegate",
                "message": "Finished Spring Data repository scanning in 15 ms. Found 4 MongoDB repository interfaces."
                }{
                "correlationId": "",
                "timestamp": "2026-03-22T02:53:04.210",
                "level": "INFO",
                "thread": "main",
                "logger": "org.springframework.boot.web.embedded.tomcat.TomcatWebServer",
                "message": "Tomcat initialized with port 8085 (http)"
                }{
                "correlationId": "",
                "timestamp": "2026-03-22T02:53:04.223",
                "level": "INFO",
                "thread": "main",
                "logger": "org.apache.coyote.http11.Http11NioProtocol",
                "message": "Initializing ProtocolHandler ["http-nio-8085"]"
                }{
                "correlationId": "",
                "timestamp": "2026-03-22T02:53:04.226",
                "level": "INFO",
                "thread": "main",
                "logger": "org.apache.catalina.core.StandardService",
                "message": "Starting service [Tomcat]"
                }{
                "correlationId": "",
                "timestamp": "2026-03-22T02:53:04.230",
                "level": "INFO",
                "thread": "main",
                "logger": "org.apache.catalina.core.StandardEngine",
                "message": "Starting Servlet engine: [Apache Tomcat/10.1.20]"
                }{
                "correlationId": "",
                "timestamp": "2026-03-22T02:53:04.275",
                "level": "INFO",
                "thread": "main",
                "logger": "org.apache.catalina.core.ContainerBase.[Tomcat].[localhost].[/]",
                "message": "Initializing Spring embedded WebApplicationContext"
                }{
                "correlationId": "",
                "timestamp": "2026-03-22T02:53:04.279",
                "level": "INFO",
                "thread": "main",
                "logger": "org.springframework.boot.web.servlet.context.ServletWebServerApplicationContext",
                "message": "Root WebApplicationContext: initialization completed in 2353 ms"
                }{
                "correlationId": "",
                "timestamp": "2026-03-22T02:53:04.606",
                "level": "INFO",
                "thread": "main",
                "logger": "org.hibernate.jpa.internal.util.LogHelper",
                "message": "HHH000204: Processing PersistenceUnitInfo [name: default]"
                }{
                "correlationId": "",
                "timestamp": "2026-03-22T02:53:04.672",
                "level": "INFO",
                "thread": "main",
                "logger": "org.hibernate.Version",
                "message": "HHH000412: Hibernate ORM core version 6.4.4.Final"
                }{
                "correlationId": "",
                "timestamp": "2026-03-22T02:53:04.713",
                "level": "INFO",
                "thread": "main",
                "logger": "org.hibernate.cache.internal.RegionFactoryInitiator",
                "message": "HHH000026: Second-level cache disabled"
                }{
                "correlationId": "",
                "timestamp": "2026-03-22T02:53:04.977",
                "level": "INFO",
                "thread": "main",
                "logger": "org.springframework.orm.jpa.persistenceunit.SpringPersistenceUnitInfo",
                "message": "No LoadTimeWeaver setup: ignoring JPA class transformer"
                }{
                "correlationId": "",
                "timestamp": "2026-03-22T02:53:05.174",
                "level": "WARN",
                "thread": "main",
                "logger": "org.hibernate.orm.deprecation",
                "message": "HHH90000025: PostgreSQLDialect does not need to be specified explicitly using 'hibernate.dialect' (remove the property setting and it will be selected by default)"
                }{
                "correlationId": "",
                "timestamp": "2026-03-22T02:53:05.799",
                "level": "INFO",
                "thread": "main",
                "logger": "org.hibernate.engine.transaction.jta.platform.internal.JtaPlatformInitiator",
                "message": "HHH000489: No JTA platform available (set 'hibernate.transaction.jta.platform' to enable JTA platform integration)"
                }{
                "correlationId": "",
                "timestamp": "2026-03-22T02:53:05.804",
                "level": "INFO",
                "thread": "main",
                "logger": "org.springframework.orm.jpa.LocalContainerEntityManagerFactoryBean",
                "message": "Initialized JPA EntityManagerFactory for persistence unit 'default'"
                }{
                "correlationId": "",
                "timestamp": "2026-03-22T02:53:07.401",
                "level": "WARN",
                "thread": "main",
                "logger": "org.springframework.boot.autoconfigure.orm.jpa.JpaBaseConfiguration$JpaWebConfiguration",
                "message": "spring.jpa.open-in-view is enabled by default. Therefore, database queries may be performed during view rendering. Explicitly configure spring.jpa.open-in-view to disable this warning"
                }{
                "correlationId": "",
                "timestamp": "2026-03-22T02:53:08.212",
                "level": "INFO",
                "thread": "main",
                "logger": "org.springframework.boot.actuate.endpoint.web.EndpointLinksResolver",
                "message": "Exposing 3 endpoint(s) beneath base path '/actuator'"
                }{
                "correlationId": "",
                "timestamp": "2026-03-22T02:53:08.273",
                "level": "INFO",
                "thread": "main",
                "logger": "org.apache.coyote.http11.Http11NioProtocol",
                "message": "Starting ProtocolHandler ["http-nio-8085"]"
                }{
                "correlationId": "",
                "timestamp": "2026-03-22T02:53:08.289",
                "level": "INFO",
                "thread": "main",
                "logger": "org.springframework.boot.web.embedded.tomcat.TomcatWebServer",
                "message": "Tomcat started on port 8085 (http) with context path ''"
                }{
                "correlationId": "",
                "timestamp": "2026-03-22T02:53:08.317",
                "level": "INFO",
                "thread": "main",
                "logger": "co.edu.uco.infrastructure.init.CrossWordApplication",
                "message": "Started CrossWordApplication in 13.308 seconds (process running for 13.945)"
                }{
                "correlationId": "",
                "timestamp": "2026-03-22T02:53:08.521",
                "level": "INFO",
                "thread": "http-nio-8085-exec-1",
                "logger": "org.apache.catalina.core.ContainerBase.[Tomcat].[localhost].[/]",
                "message": "Initializing Spring DispatcherServlet 'dispatcherServlet'"
                }{
                "correlationId": "",
                "timestamp": "2026-03-22T02:53:08.522",
                "level": "INFO",
                "thread": "http-nio-8085-exec-1",
                "logger": "org.springframework.web.servlet.DispatcherServlet",
                "message": "Initializing Servlet 'dispatcherServlet'"
                }{
                "correlationId": "",
                "timestamp": "2026-03-22T02:53:08.525",
                "level": "INFO",
                "thread": "http-nio-8085-exec-1",
                "logger": "org.springframework.web.servlet.DispatcherServlet",
                "message": "Completed initialization in 2 ms"
                }{
                "correlationId": "d479bc59-cb35-480e-9efa-ba11683d2f3c",
                "timestamp": "2026-03-22T02:54:24.149",
                "level": "ERROR",
                "thread": "http-nio-8085-exec-1",
                "logger": "co.edu.uco.infrastructure.adapter.primary.interceptors.AcceptHeaderInterceptor",
                "message": "Media type is not supported {"data":[],"errors":["The media type image/avif,image/webp,image/apng,image/svg+xml,image/*,*/*;q=0.8 is not supported by the system"]}"
                }{
                "correlationId": "d0302c9b-004f-4875-a9d9-d9f269cdaa68",
                "timestamp": "2026-03-22T02:54:46.304",
                "level": "ERROR",
                "thread": "http-nio-8085-exec-2",
                "logger": "co.edu.uco.infrastructure.adapter.primary.interceptors.AcceptHeaderInterceptor",
                "message": "Media type is not supported {"data":[],"errors":["The media type image/avif,image/webp,image/apng,image/svg+xml,image/*,*/*;q=0.8 is not supported by the system"]}"
                }{
                "correlationId": "2ce5fe47-1a7c-4a2a-ba59-b781ba7667c4",
                "timestamp": "2026-03-22T02:58:15.648",
                "level": "INFO",
                "thread": "http-nio-8085-exec-3",
                "logger": "org.springdoc.api.AbstractOpenApiResource",
                "message": "Init duration for springdoc-openapi is: 253 ms"
                }{
                "correlationId": "56b3d121-a5ed-4b72-a0b7-1b2c339b216b",
                "timestamp": "2026-03-22T03:01:33.178",
                "level": "ERROR",
                "thread": "http-nio-8085-exec-5",
                "logger": "co.edu.uco.infrastructure.adapter.primary.interceptors.AcceptHeaderInterceptor",
                "message": "Media type is not supported {"data":[],"errors":["The media type image/avif,image/webp,image/apng,image/svg+xml,image/*,*/*;q=0.8 is not supported by the system"]}"
                }{
                "correlationId": "96f3f632-24b5-42bf-8483-b30bfa5068c5",
                "timestamp": "2026-03-22T03:11:57.154",
                "level": "ERROR",
                "thread": "http-nio-8085-exec-7",
                "logger": "co.edu.uco.infrastructure.adapter.primary.interceptors.AcceptHeaderInterceptor",
                "message": "Media type is not supported {"data":[],"errors":["The media type text/html,application/xhtml+xml,application/xml;q=0.9,image/avif,image/webp,image/apng,*/*;q=0.8,application/signed-exchange;v=b3;q=0.7 is not supported by the system"]}"
                }{
                "correlationId": "cae08ecd-5abf-466d-8863-33b804f7b392",
                "timestamp": "2026-03-22T03:16:22.132",
                "level": "ERROR",
                "thread": "http-nio-8085-exec-8",
                "logger": "co.edu.uco.infrastructure.adapter.secondary.presenter.rest.HttpPresenterAdapter",
                "message": "The error response is: {"data":[],"errors":["No static resource messageucolab/v1/application/environment%20."]}"
                }{
                "correlationId": "5da52b7e-3bfa-414c-9641-d5e607c0f16f",
                "timestamp": "2026-03-22T03:17:21.949",
                "level": "ERROR",
                "thread": "http-nio-8085-exec-2",
                "logger": "co.edu.uco.infrastructure.adapter.secondary.presenter.rest.HttpPresenterAdapter",
                "message": "The error response is: {"data":[],"errors":["No static resource messageucolab/v1/application/environment%20."]}"
                }{
                "correlationId": "2fbb522b-eba2-4739-ab25-2f56e03a41fc",
                "timestamp": "2026-03-22T03:17:30.397",
                "level": "ERROR",
                "thread": "http-nio-8085-exec-5",
                "logger": "co.edu.uco.infrastructure.adapter.secondary.presenter.rest.HttpPresenterAdapter",
                "message": "The error response is: {"data":[],"errors":["No static resource messageucolab/v1/application/environment%20."]}"
                }{
                "correlationId": "bd3d523d-98c4-4108-adae-7132fea602a0",
                "timestamp": "2026-03-22T03:18:38.599",
                "level": "ERROR",
                "thread": "http-nio-8085-exec-3",
                "logger": "co.edu.uco.infrastructure.adapter.secondary.presenter.rest.HttpPresenterAdapter",
                "message": "The error response is: {"data":[],"errors":["The token is not found"]}"
                }{
                "correlationId": "a33f1782-e97c-40ec-b452-7286a8f4b44b",
                "timestamp": "2026-03-22T03:22:54.731",
                "level": "ERROR",
                "thread": "http-nio-8085-exec-7",
                "logger": "co.edu.uco.infrastructure.adapter.secondary.presenter.rest.HttpPresenterAdapter",
                "message": "The error response is: {"data":[],"errors":["The UUID to be converted has no valid format."]}"
                }{
                "correlationId": "6c1d1d89-1e33-473d-bb5a-76d8ef22f292",
                "timestamp": "2026-03-22T03:23:33.488",
                "level": "ERROR",
                "thread": "http-nio-8085-exec-6",
                "logger": "co.edu.uco.infrastructure.adapter.secondary.presenter.rest.HttpPresenterAdapter",
                "message": "The error response is: {"data":[],"errors":["The UUID to be converted has no valid format."]}"
                }{
                "correlationId": "4aeca1aa-1b86-4c8a-8a33-39e9be269c76",
                "timestamp": "2026-03-22T03:41:22.247",
                "level": "ERROR",
                "thread": "http-nio-8085-exec-3",
                "logger": "co.edu.uco.infrastructure.adapter.secondary.presenter.rest.HttpPresenterAdapter",
                "message": "The error response is: {"data":[],"errors":["The UUID to be converted has no valid format."]}"
                }{
                "correlationId": "22aa537b-5255-4dde-9e23-a1d7a87e0ff9",
                "timestamp": "2026-03-22T03:41:25.579",
                "level": "ERROR",
                "thread": "http-nio-8085-exec-5",
                "logger": "co.edu.uco.infrastructure.adapter.secondary.presenter.rest.HttpPresenterAdapter",
                "message": "The error response is: {"data":[],"errors":["The UUID to be converted has no valid format."]}"
                }{
                "correlationId": "16e5e5f9-e42f-4382-8158-99414a9cae4a",
                "timestamp": "2026-03-22T03:41:39.012",
                "level": "ERROR",
                "thread": "http-nio-8085-exec-2",
                "logger": "co.edu.uco.infrastructure.adapter.secondary.presenter.rest.HttpPresenterAdapter",
                "message": "The error response is: {"data":[],"errors":["The UUID to be converted has no valid format."]}"
                }{
                "correlationId": "c5225a1f-f3dd-41bd-97e5-259f33250c7d",
                "timestamp": "2026-03-22T03:45:19.829",
                "level": "ERROR",
                "thread": "http-nio-8085-exec-3",
                "logger": "co.edu.uco.infrastructure.adapter.secondary.presenter.rest.HttpPresenterAdapter",
                "message": "The error response is: {"data":[],"errors":["No static resource messageucolab/v1/application/environment%20."]}"
                }{
                "correlationId": "38fb15c0-fc9e-4607-b9df-6d62c21bfdb4",
                "timestamp": "2026-03-22T04:11:29.005",
                "level": "ERROR",
                "thread": "http-nio-8085-exec-3",
                "logger": "co.edu.uco.infrastructure.adapter.secondary.presenter.rest.HttpPresenterAdapter",
                "message": "The error response is: {"data":[],"errors":["The UUID to be converted has no valid format."]}"
                }{
                "correlationId": "e5e8d154-3538-4e3e-b42d-fe87d78ad147",
                "timestamp": "2026-03-22T04:12:59.503",
                "level": "ERROR",
                "thread": "http-nio-8085-exec-4",
                "logger": "co.edu.uco.infrastructure.adapter.secondary.presenter.rest.HttpPresenterAdapter",
                "message": "The error response is: {"data":[],"errors":["The UUID to be converted has no valid format."]}"
                }{
                "correlationId": "3257a8c1-0c5d-4f35-9569-249b483ebfb9",
                "timestamp": "2026-03-22T04:13:06.733",
                "level": "ERROR",
                "thread": "http-nio-8085-exec-5",
                "logger": "co.edu.uco.infrastructure.adapter.secondary.presenter.rest.HttpPresenterAdapter",
                "message": "The error response is: {"data":[],"errors":["The UUID to be converted has no valid format."]}"
                }{
                "correlationId": "0c4f25b9-49f9-4659-b383-b8f8bfd33f59",
                "timestamp": "2026-03-22T04:17:02.523",
                "level": "ERROR",
                "thread": "http-nio-8085-exec-2",
                "logger": "co.edu.uco.infrastructure.adapter.secondary.presenter.rest.HttpPresenterAdapter",
                "message": "The error response is: {"data":[],"errors":["The UUID to be converted has no valid format."]}"
                }{
                "correlationId": "169cab3e-1454-4128-b196-517db0348b95",
                "timestamp": "2026-03-22T04:17:14.042",
                "level": "ERROR",
                "thread": "http-nio-8085-exec-5",
                "logger": "co.edu.uco.infrastructure.adapter.secondary.presenter.rest.HttpPresenterAdapter",
                "message": "The error response is: {"data":[],"errors":["The date to be converted has no valid format."]}"
                }{
                "correlationId": "da0ac818-ca78-4b14-be1d-8b932b5d53af",
                "timestamp": "2026-03-22T04:17:19.022",
                "level": "ERROR",
                "thread": "http-nio-8085-exec-7",
                "logger": "co.edu.uco.infrastructure.adapter.secondary.presenter.rest.HttpPresenterAdapter",
                "message": "The error response is: {"data":[],"errors":["The UUID to be converted has no valid format."]}"
                }{
                "correlationId": "900ad69a-bdd0-42b1-b765-66d90e6d3b16",
                "timestamp": "2026-03-22T04:17:34.691",
                "level": "ERROR",
                "thread": "http-nio-8085-exec-8",
                "logger": "co.edu.uco.infrastructure.adapter.secondary.presenter.rest.HttpPresenterAdapter",
                "message": "The error response is: {"data":[],"errors":["The environment does not exist."]}"
                }{
                "correlationId": "cda79f1f-9741-4b2a-92d3-26e446ad71e5",
                "timestamp": "2026-03-22T04:18:18.739",
                "level": "ERROR",
                "thread": "http-nio-8085-exec-6",
                "logger": "co.edu.uco.infrastructure.adapter.secondary.presenter.rest.HttpPresenterAdapter",
                "message": "The error response is: {"data":[],"errors":["The environment does not exist."]}"
                }{
                "correlationId": "8b611e0c-5e50-4d49-b7b1-dbd16dfde0e4",
                "timestamp": "2026-03-22T04:19:33.937",
                "level": "ERROR",
                "thread": "http-nio-8085-exec-9",
                "logger": "co.edu.uco.infrastructure.adapter.secondary.presenter.rest.HttpPresenterAdapter",
                "message": "The error response is: {"data":[],"errors":["The UUID to be converted has no valid format."]}"
                }{
                "correlationId": "89fcdd74-54ab-4214-8d9e-994b30a97b89",
                "timestamp": "2026-03-22T04:19:43.388",
                "level": "ERROR",
                "thread": "http-nio-8085-exec-2",
                "logger": "co.edu.uco.infrastructure.adapter.secondary.presenter.rest.HttpPresenterAdapter",
                "message": "The error response is: {"data":[],"errors":["The environment does not exist."]}"
                }{
                "correlationId": "6876418f-c184-4e16-b4fe-c5296ff2729a",
                "timestamp": "2026-03-22T04:22:12.020",
                "level": "ERROR",
                "thread": "http-nio-8085-exec-3",
                "logger": "co.edu.uco.infrastructure.adapter.secondary.presenter.rest.HttpPresenterAdapter",
                "message": "The error response is: {"data":[],"errors":["The UUID to be converted has no valid format."]}"
                }{
                "correlationId": "82636471-cfb5-4da2-822b-146fbc2c0e23",
                "timestamp": "2026-03-22T04:24:50.308",
                "level": "ERROR",
                "thread": "http-nio-8085-exec-7",
                "logger": "co.edu.uco.infrastructure.adapter.secondary.presenter.rest.HttpPresenterAdapter",
                "message": "The error response is: {"data":[],"errors":["The UUID to be converted has no valid format."]}"
                }{
                "correlationId": "",
                "timestamp": "2026-03-22T04:27:25.843",
                "level": "INFO",
                "thread": "main",
                "logger": "co.edu.uco.infrastructure.init.CrossWordApplication",
                "message": "Starting CrossWordApplication v0.0.1-SNAPSHOT using Java 17.0.18 with PID 7 (/app/app.jar started by root in /app)"
                }{
                "correlationId": "",
                "timestamp": "2026-03-22T04:27:25.852",
                "level": "INFO",
                "thread": "main",
                "logger": "co.edu.uco.infrastructure.init.CrossWordApplication",
                "message": "No active profile set, falling back to 1 default profile: "default""
                }{
                "correlationId": "",
                "timestamp": "2026-03-22T04:27:26.952",
                "level": "INFO",
                "thread": "main",
                "logger": "org.springframework.data.repository.config.RepositoryConfigurationDelegate",
                "message": "Multiple Spring Data modules found, entering strict repository configuration mode"
                }{
                "correlationId": "",
                "timestamp": "2026-03-22T04:27:26.953",
                "level": "INFO",
                "thread": "main",
                "logger": "org.springframework.data.repository.config.RepositoryConfigurationDelegate",
                "message": "Bootstrapping Spring Data Redis repositories in DEFAULT mode."
                }{
                "correlationId": "",
                "timestamp": "2026-03-22T04:27:27.013",
                "level": "INFO",
                "thread": "main",
                "logger": "org.springframework.data.repository.config.RepositoryConfigurationExtensionSupport",
                "message": "Spring Data Redis - Could not safely identify store assignment for repository candidate interface co.edu.uco.infrastructure.adapter.secondary.repository.mongo.EnvironmentRepositoryAdapter; If you want this repository to be a Redis repository, consider annotating your entities with one of these annotations: org.springframework.data.redis.core.RedisHash (preferred), or consider extending one of the following types with your repository: org.springframework.data.keyvalue.repository.KeyValueRepository"
                }{
                "correlationId": "",
                "timestamp": "2026-03-22T04:27:27.017",
                "level": "INFO",
                "thread": "main",
                "logger": "org.springframework.data.repository.config.RepositoryConfigurationExtensionSupport",
                "message": "Spring Data Redis - Could not safely identify store assignment for repository candidate interface co.edu.uco.infrastructure.adapter.secondary.repository.mongo.TokenStateMongoRepositoryAdapter; If you want this repository to be a Redis repository, consider annotating your entities with one of these annotations: org.springframework.data.redis.core.RedisHash (preferred), or consider extending one of the following types with your repository: org.springframework.data.keyvalue.repository.KeyValueRepository"
                }{
                "correlationId": "",
                "timestamp": "2026-03-22T04:27:27.020",
                "level": "INFO",
                "thread": "main",
                "logger": "org.springframework.data.repository.config.RepositoryConfigurationExtensionSupport",
                "message": "Spring Data Redis - Could not safely identify store assignment for repository candidate interface co.edu.uco.infrastructure.adapter.secondary.repository.mongo.TokenMongoRepositoryAdapter; If you want this repository to be a Redis repository, consider annotating your entities with one of these annotations: org.springframework.data.redis.core.RedisHash (preferred), or consider extending one of the following types with your repository: org.springframework.data.keyvalue.repository.KeyValueRepository"
                }{
                "correlationId": "",
                "timestamp": "2026-03-22T04:27:27.027",
                "level": "INFO",
                "thread": "main",
                "logger": "org.springframework.data.repository.config.RepositoryConfigurationExtensionSupport",
                "message": "Spring Data Redis - Could not safely identify store assignment for repository candidate interface co.edu.uco.infrastructure.adapter.secondary.repository.mongo.EnvironmentMongoRepositoryAdapter; If you want this repository to be a Redis repository, consider annotating your entities with one of these annotations: org.springframework.data.redis.core.RedisHash (preferred), or consider extending one of the following types with your repository: org.springframework.data.keyvalue.repository.KeyValueRepository"
                }{
                "correlationId": "",
                "timestamp": "2026-03-22T04:27:27.043",
                "level": "INFO",
                "thread": "main",
                "logger": "org.springframework.data.repository.config.RepositoryConfigurationExtensionSupport",
                "message": "Spring Data Redis - Could not safely identify store assignment for repository candidate interface co.edu.uco.infrastructure.adapter.secondary.repository.postgresql.TokenPostgresSQLRepositoryAdapter; If you want this repository to be a Redis repository, consider annotating your entities with one of these annotations: org.springframework.data.redis.core.RedisHash (preferred), or consider extending one of the following types with your repository: org.springframework.data.keyvalue.repository.KeyValueRepository"
                }{
                "correlationId": "",
                "timestamp": "2026-03-22T04:27:27.091",
                "level": "INFO",
                "thread": "main",
                "logger": "org.springframework.data.repository.config.RepositoryConfigurationDelegate",
                "message": "Finished Spring Data repository scanning in 112 ms. Found 1 Redis repository interface."
                }{
                "correlationId": "",
                "timestamp": "2026-03-22T04:27:27.097",
                "level": "INFO",
                "thread": "main",
                "logger": "org.springframework.data.repository.config.RepositoryConfigurationDelegate",
                "message": "Multiple Spring Data modules found, entering strict repository configuration mode"
                }{
                "correlationId": "",
                "timestamp": "2026-03-22T04:27:27.097",
                "level": "INFO",
                "thread": "main",
                "logger": "org.springframework.data.repository.config.RepositoryConfigurationDelegate",
                "message": "Bootstrapping Spring Data JPA repositories in DEFAULT mode."
                }{
                "correlationId": "",
                "timestamp": "2026-03-22T04:27:27.118",
                "level": "INFO",
                "thread": "main",
                "logger": "org.springframework.data.repository.config.RepositoryConfigurationDelegate",
                "message": "Finished Spring Data repository scanning in 6 ms. Found 1 JPA repository interface."
                }{
                "correlationId": "",
                "timestamp": "2026-03-22T04:27:27.121",
                "level": "INFO",
                "thread": "main",
                "logger": "org.springframework.data.repository.config.RepositoryConfigurationDelegate",
                "message": "Multiple Spring Data modules found, entering strict repository configuration mode"
                }{
                "correlationId": "",
                "timestamp": "2026-03-22T04:27:27.124",
                "level": "INFO",
                "thread": "main",
                "logger": "org.springframework.data.repository.config.RepositoryConfigurationDelegate",
                "message": "Bootstrapping Spring Data MongoDB repositories in DEFAULT mode."
                }{
                "correlationId": "",
                "timestamp": "2026-03-22T04:27:27.241",
                "level": "INFO",
                "thread": "main",
                "logger": "org.springframework.data.repository.config.RepositoryConfigurationExtensionSupport",
                "message": "Spring Data MongoDB - Could not safely identify store assignment for repository candidate interface co.edu.uco.infrastructure.adapter.secondary.repository.postgresql.TokenPostgresSQLRepositoryAdapter; If you want this repository to be a MongoDB repository, consider annotating your entities with one of these annotations: org.springframework.data.mongodb.core.mapping.Document (preferred), or consider extending one of the following types with your repository: org.springframework.data.mongodb.repository.MongoRepository"
                }{
                "correlationId": "",
                "timestamp": "2026-03-22T04:27:27.253",
                "level": "INFO",
                "thread": "main",
                "logger": "org.springframework.data.repository.config.RepositoryConfigurationExtensionSupport",
                "message": "Spring Data MongoDB - Could not safely identify store assignment for repository candidate interface co.edu.uco.infrastructure.adapter.secondary.repository.redis.RedisRepositoryAdapter; If you want this repository to be a MongoDB repository, consider annotating your entities with one of these annotations: org.springframework.data.mongodb.core.mapping.Document (preferred), or consider extending one of the following types with your repository: org.springframework.data.mongodb.repository.MongoRepository"
                }{
                "correlationId": "",
                "timestamp": "2026-03-22T04:27:27.262",
                "level": "INFO",
                "thread": "main",
                "logger": "org.springframework.data.repository.config.RepositoryConfigurationDelegate",
                "message": "Finished Spring Data repository scanning in 129 ms. Found 4 MongoDB repository interfaces."
                }{
                "correlationId": "",
                "timestamp": "2026-03-22T04:27:28.554",
                "level": "INFO",
                "thread": "main",
                "logger": "org.springframework.boot.web.embedded.tomcat.TomcatWebServer",
                "message": "Tomcat initialized with port 8085 (http)"
                }{
                "correlationId": "",
                "timestamp": "2026-03-22T04:27:28.567",
                "level": "INFO",
                "thread": "main",
                "logger": "org.apache.coyote.http11.Http11NioProtocol",
                "message": "Initializing ProtocolHandler ["http-nio-8085"]"
                }{
                "correlationId": "",
                "timestamp": "2026-03-22T04:27:28.570",
                "level": "INFO",
                "thread": "main",
                "logger": "org.apache.catalina.core.StandardService",
                "message": "Starting service [Tomcat]"
                }{
                "correlationId": "",
                "timestamp": "2026-03-22T04:27:28.571",
                "level": "INFO",
                "thread": "main",
                "logger": "org.apache.catalina.core.StandardEngine",
                "message": "Starting Servlet engine: [Apache Tomcat/10.1.20]"
                }{
                "correlationId": "",
                "timestamp": "2026-03-22T04:27:28.613",
                "level": "INFO",
                "thread": "main",
                "logger": "org.apache.catalina.core.ContainerBase.[Tomcat].[localhost].[/]",
                "message": "Initializing Spring embedded WebApplicationContext"
                }{
                "correlationId": "",
                "timestamp": "2026-03-22T04:27:28.615",
                "level": "INFO",
                "thread": "main",
                "logger": "org.springframework.boot.web.servlet.context.ServletWebServerApplicationContext",
                "message": "Root WebApplicationContext: initialization completed in 2685 ms"
                }{
                "correlationId": "",
                "timestamp": "2026-03-22T04:27:28.909",
                "level": "INFO",
                "thread": "main",
                "logger": "org.hibernate.jpa.internal.util.LogHelper",
                "message": "HHH000204: Processing PersistenceUnitInfo [name: default]"
                }{
                "correlationId": "",
                "timestamp": "2026-03-22T04:27:29.007",
                "level": "INFO",
                "thread": "main",
                "logger": "org.hibernate.Version",
                "message": "HHH000412: Hibernate ORM core version 6.4.4.Final"
                }{
                "correlationId": "",
                "timestamp": "2026-03-22T04:27:29.059",
                "level": "INFO",
                "thread": "main",
                "logger": "org.hibernate.cache.internal.RegionFactoryInitiator",
                "message": "HHH000026: Second-level cache disabled"
                }{
                "correlationId": "",
                "timestamp": "2026-03-22T04:27:29.377",
                "level": "INFO",
                "thread": "main",
                "logger": "org.springframework.orm.jpa.persistenceunit.SpringPersistenceUnitInfo",
                "message": "No LoadTimeWeaver setup: ignoring JPA class transformer"
                }{
                "correlationId": "",
                "timestamp": "2026-03-22T04:27:29.567",
                "level": "WARN",
                "thread": "main",
                "logger": "org.hibernate.orm.deprecation",
                "message": "HHH90000025: PostgreSQLDialect does not need to be specified explicitly using 'hibernate.dialect' (remove the property setting and it will be selected by default)"
                }{
                "correlationId": "",
                "timestamp": "2026-03-22T04:27:30.238",
                "level": "INFO",
                "thread": "main",
                "logger": "org.hibernate.engine.transaction.jta.platform.internal.JtaPlatformInitiator",
                "message": "HHH000489: No JTA platform available (set 'hibernate.transaction.jta.platform' to enable JTA platform integration)"
                }{
                "correlationId": "",
                "timestamp": "2026-03-22T04:27:30.242",
                "level": "INFO",
                "thread": "main",
                "logger": "org.springframework.orm.jpa.LocalContainerEntityManagerFactoryBean",
                "message": "Initialized JPA EntityManagerFactory for persistence unit 'default'"
                }{
                "correlationId": "",
                "timestamp": "2026-03-22T04:27:32.923",
                "level": "WARN",
                "thread": "main",
                "logger": "org.springframework.boot.autoconfigure.orm.jpa.JpaBaseConfiguration$JpaWebConfiguration",
                "message": "spring.jpa.open-in-view is enabled by default. Therefore, database queries may be performed during view rendering. Explicitly configure spring.jpa.open-in-view to disable this warning"
                }{
                "correlationId": "",
                "timestamp": "2026-03-22T04:27:33.654",
                "level": "INFO",
                "thread": "main",
                "logger": "org.springframework.boot.actuate.endpoint.web.EndpointLinksResolver",
                "message": "Exposing 3 endpoint(s) beneath base path '/actuator'"
                }{
                "correlationId": "",
                "timestamp": "2026-03-22T04:27:33.711",
                "level": "INFO",
                "thread": "main",
                "logger": "org.apache.coyote.http11.Http11NioProtocol",
                "message": "Starting ProtocolHandler ["http-nio-8085"]"
                }{
                "correlationId": "",
                "timestamp": "2026-03-22T04:27:33.726",
                "level": "INFO",
                "thread": "main",
                "logger": "org.springframework.boot.web.embedded.tomcat.TomcatWebServer",
                "message": "Tomcat started on port 8085 (http) with context path ''"
                }{
                "correlationId": "",
                "timestamp": "2026-03-22T04:27:33.740",
                "level": "INFO",
                "thread": "main",
                "logger": "co.edu.uco.infrastructure.init.CrossWordApplication",
                "message": "Started CrossWordApplication in 15.43 seconds (process running for 16.739)"
                }{
                "correlationId": "",
                "timestamp": "2026-03-22T04:27:35.180",
                "level": "INFO",
                "thread": "http-nio-8085-exec-1",
                "logger": "org.apache.catalina.core.ContainerBase.[Tomcat].[localhost].[/]",
                "message": "Initializing Spring DispatcherServlet 'dispatcherServlet'"
                }{
                "correlationId": "",
                "timestamp": "2026-03-22T04:27:35.181",
                "level": "INFO",
                "thread": "http-nio-8085-exec-1",
                "logger": "org.springframework.web.servlet.DispatcherServlet",
                "message": "Initializing Servlet 'dispatcherServlet'"
                }{
                "correlationId": "",
                "timestamp": "2026-03-22T04:27:35.183",
                "level": "INFO",
                "thread": "http-nio-8085-exec-1",
                "logger": "org.springframework.web.servlet.DispatcherServlet",
                "message": "Completed initialization in 2 ms"
                }{
                "correlationId": "c9f444e4-ed57-452c-9676-001cfc2e83be",
                "timestamp": "2026-03-22T04:27:44.799",
                "level": "ERROR",
                "thread": "http-nio-8085-exec-6",
                "logger": "co.edu.uco.infrastructure.adapter.secondary.presenter.rest.HttpPresenterAdapter",
                "message": "The error response is: {"data":[],"errors":["The environment does not exist."]}"
                }{
                "correlationId": "f5876fa5-fcc7-4dfc-8351-72e9958c71fc",
                "timestamp": "2026-03-22T04:28:43.326",
                "level": "ERROR",
                "thread": "http-nio-8085-exec-8",
                "logger": "co.edu.uco.infrastructure.adapter.secondary.presenter.rest.HttpPresenterAdapter",
                "message": "The error response is: {"data":[],"errors":["The environment does not exist."]}"
                }{
                "correlationId": "80cf195f-5e32-44d6-a244-a0eccb61a710",
                "timestamp": "2026-03-22T04:28:44.709",
                "level": "ERROR",
                "thread": "http-nio-8085-exec-10",
                "logger": "co.edu.uco.infrastructure.adapter.secondary.presenter.rest.HttpPresenterAdapter",
                "message": "The error response is: {"data":[],"errors":["The environment does not exist."]}"
                }{
                "correlationId": "e2ab5354-3768-4a09-9205-ffd4e94f074d",
                "timestamp": "2026-03-22T04:28:46.220",
                "level": "ERROR",
                "thread": "http-nio-8085-exec-1",
                "logger": "co.edu.uco.infrastructure.adapter.secondary.presenter.rest.HttpPresenterAdapter",
                "message": "The error response is: {"data":[],"errors":["The environment does not exist."]}"
                }{
                "correlationId": "",
                "timestamp": "2026-03-22T04:51:42.984",
                "level": "INFO",
                "thread": "main",
                "logger": "co.edu.uco.infrastructure.init.CrossWordApplication",
                "message": "Starting CrossWordApplication v0.0.1-SNAPSHOT using Java 17.0.18 with PID 7 (/app/app.jar started by root in /app)"
                }{
                "correlationId": "",
                "timestamp": "2026-03-22T04:51:43.005",
                "level": "INFO",
                "thread": "main",
                "logger": "co.edu.uco.infrastructure.init.CrossWordApplication",
                "message": "No active profile set, falling back to 1 default profile: "default""
                }{
                "correlationId": "",
                "timestamp": "2026-03-22T04:51:46.263",
                "level": "INFO",
                "thread": "main",
                "logger": "org.springframework.data.repository.config.RepositoryConfigurationDelegate",
                "message": "Multiple Spring Data modules found, entering strict repository configuration mode"
                }{
                "correlationId": "",
                "timestamp": "2026-03-22T04:51:46.266",
                "level": "INFO",
                "thread": "main",
                "logger": "org.springframework.data.repository.config.RepositoryConfigurationDelegate",
                "message": "Bootstrapping Spring Data Redis repositories in DEFAULT mode."
                }{
                "correlationId": "",
                "timestamp": "2026-03-22T04:51:46.345",
                "level": "INFO",
                "thread": "main",
                "logger": "org.springframework.data.repository.config.RepositoryConfigurationExtensionSupport",
                "message": "Spring Data Redis - Could not safely identify store assignment for repository candidate interface co.edu.uco.infrastructure.adapter.secondary.repository.mongo.EnvironmentRepositoryAdapter; If you want this repository to be a Redis repository, consider annotating your entities with one of these annotations: org.springframework.data.redis.core.RedisHash (preferred), or consider extending one of the following types with your repository: org.springframework.data.keyvalue.repository.KeyValueRepository"
                }{
                "correlationId": "",
                "timestamp": "2026-03-22T04:51:46.349",
                "level": "INFO",
                "thread": "main",
                "logger": "org.springframework.data.repository.config.RepositoryConfigurationExtensionSupport",
                "message": "Spring Data Redis - Could not safely identify store assignment for repository candidate interface co.edu.uco.infrastructure.adapter.secondary.repository.mongo.TokenStateMongoRepositoryAdapter; If you want this repository to be a Redis repository, consider annotating your entities with one of these annotations: org.springframework.data.redis.core.RedisHash (preferred), or consider extending one of the following types with your repository: org.springframework.data.keyvalue.repository.KeyValueRepository"
                }{
                "correlationId": "",
                "timestamp": "2026-03-22T04:51:46.353",
                "level": "INFO",
                "thread": "main",
                "logger": "org.springframework.data.repository.config.RepositoryConfigurationExtensionSupport",
                "message": "Spring Data Redis - Could not safely identify store assignment for repository candidate interface co.edu.uco.infrastructure.adapter.secondary.repository.mongo.TokenMongoRepositoryAdapter; If you want this repository to be a Redis repository, consider annotating your entities with one of these annotations: org.springframework.data.redis.core.RedisHash (preferred), or consider extending one of the following types with your repository: org.springframework.data.keyvalue.repository.KeyValueRepository"
                }{
                "correlationId": "",
                "timestamp": "2026-03-22T04:51:46.358",
                "level": "INFO",
                "thread": "main",
                "logger": "org.springframework.data.repository.config.RepositoryConfigurationExtensionSupport",
                "message": "Spring Data Redis - Could not safely identify store assignment for repository candidate interface co.edu.uco.infrastructure.adapter.secondary.repository.mongo.EnvironmentMongoRepositoryAdapter; If you want this repository to be a Redis repository, consider annotating your entities with one of these annotations: org.springframework.data.redis.core.RedisHash (preferred), or consider extending one of the following types with your repository: org.springframework.data.keyvalue.repository.KeyValueRepository"
                }{
                "correlationId": "",
                "timestamp": "2026-03-22T04:51:46.367",
                "level": "INFO",
                "thread": "main",
                "logger": "org.springframework.data.repository.config.RepositoryConfigurationExtensionSupport",
                "message": "Spring Data Redis - Could not safely identify store assignment for repository candidate interface co.edu.uco.infrastructure.adapter.secondary.repository.postgresql.TokenPostgresSQLRepositoryAdapter; If you want this repository to be a Redis repository, consider annotating your entities with one of these annotations: org.springframework.data.redis.core.RedisHash (preferred), or consider extending one of the following types with your repository: org.springframework.data.keyvalue.repository.KeyValueRepository"
                }{
                "correlationId": "",
                "timestamp": "2026-03-22T04:51:46.441",
                "level": "INFO",
                "thread": "main",
                "logger": "org.springframework.data.repository.config.RepositoryConfigurationDelegate",
                "message": "Finished Spring Data repository scanning in 141 ms. Found 1 Redis repository interface."
                }{
                "correlationId": "",
                "timestamp": "2026-03-22T04:51:46.452",
                "level": "INFO",
                "thread": "main",
                "logger": "org.springframework.data.repository.config.RepositoryConfigurationDelegate",
                "message": "Multiple Spring Data modules found, entering strict repository configuration mode"
                }{
                "correlationId": "",
                "timestamp": "2026-03-22T04:51:46.455",
                "level": "INFO",
                "thread": "main",
                "logger": "org.springframework.data.repository.config.RepositoryConfigurationDelegate",
                "message": "Bootstrapping Spring Data JPA repositories in DEFAULT mode."
                }{
                "correlationId": "",
                "timestamp": "2026-03-22T04:51:46.483",
                "level": "INFO",
                "thread": "main",
                "logger": "org.springframework.data.repository.config.RepositoryConfigurationDelegate",
                "message": "Finished Spring Data repository scanning in 10 ms. Found 1 JPA repository interface."
                }{
                "correlationId": "",
                "timestamp": "2026-03-22T04:51:46.487",
                "level": "INFO",
                "thread": "main",
                "logger": "org.springframework.data.repository.config.RepositoryConfigurationDelegate",
                "message": "Multiple Spring Data modules found, entering strict repository configuration mode"
                }{
                "correlationId": "",
                "timestamp": "2026-03-22T04:51:46.490",
                "level": "INFO",
                "thread": "main",
                "logger": "org.springframework.data.repository.config.RepositoryConfigurationDelegate",
                "message": "Bootstrapping Spring Data MongoDB repositories in DEFAULT mode."
                }{
                "correlationId": "",
                "timestamp": "2026-03-22T04:51:46.497",
                "level": "INFO",
                "thread": "main",
                "logger": "org.springframework.data.repository.config.RepositoryConfigurationExtensionSupport",
                "message": "Spring Data MongoDB - Could not safely identify store assignment for repository candidate interface co.edu.uco.infrastructure.adapter.secondary.repository.postgresql.TokenPostgresSQLRepositoryAdapter; If you want this repository to be a MongoDB repository, consider annotating your entities with one of these annotations: org.springframework.data.mongodb.core.mapping.Document (preferred), or consider extending one of the following types with your repository: org.springframework.data.mongodb.repository.MongoRepository"
                }{
                "correlationId": "",
                "timestamp": "2026-03-22T04:51:46.501",
                "level": "INFO",
                "thread": "main",
                "logger": "org.springframework.data.repository.config.RepositoryConfigurationExtensionSupport",
                "message": "Spring Data MongoDB - Could not safely identify store assignment for repository candidate interface co.edu.uco.infrastructure.adapter.secondary.repository.redis.RedisRepositoryAdapter; If you want this repository to be a MongoDB repository, consider annotating your entities with one of these annotations: org.springframework.data.mongodb.core.mapping.Document (preferred), or consider extending one of the following types with your repository: org.springframework.data.mongodb.repository.MongoRepository"
                }{
                "correlationId": "",
                "timestamp": "2026-03-22T04:51:46.515",
                "level": "INFO",
                "thread": "main",
                "logger": "org.springframework.data.repository.config.RepositoryConfigurationDelegate",
                "message": "Finished Spring Data repository scanning in 22 ms. Found 4 MongoDB repository interfaces."
                }{
                "correlationId": "",
                "timestamp": "2026-03-22T04:51:50.045",
                "level": "INFO",
                "thread": "main",
                "logger": "org.springframework.boot.web.embedded.tomcat.TomcatWebServer",
                "message": "Tomcat initialized with port 8085 (http)"
                }{
                "correlationId": "",
                "timestamp": "2026-03-22T04:51:50.074",
                "level": "INFO",
                "thread": "main",
                "logger": "org.apache.coyote.http11.Http11NioProtocol",
                "message": "Initializing ProtocolHandler ["http-nio-8085"]"
                }{
                "correlationId": "",
                "timestamp": "2026-03-22T04:51:50.077",
                "level": "INFO",
                "thread": "main",
                "logger": "org.apache.catalina.core.StandardService",
                "message": "Starting service [Tomcat]"
                }{
                "correlationId": "",
                "timestamp": "2026-03-22T04:51:50.081",
                "level": "INFO",
                "thread": "main",
                "logger": "org.apache.catalina.core.StandardEngine",
                "message": "Starting Servlet engine: [Apache Tomcat/10.1.20]"
                }{
                "correlationId": "",
                "timestamp": "2026-03-22T04:51:50.146",
                "level": "INFO",
                "thread": "main",
                "logger": "org.apache.catalina.core.ContainerBase.[Tomcat].[localhost].[/]",
                "message": "Initializing Spring embedded WebApplicationContext"
                }{
                "correlationId": "",
                "timestamp": "2026-03-22T04:51:50.147",
                "level": "INFO",
                "thread": "main",
                "logger": "org.springframework.boot.web.servlet.context.ServletWebServerApplicationContext",
                "message": "Root WebApplicationContext: initialization completed in 6932 ms"
                }{
                "correlationId": "",
                "timestamp": "2026-03-22T04:51:50.765",
                "level": "INFO",
                "thread": "main",
                "logger": "org.hibernate.jpa.internal.util.LogHelper",
                "message": "HHH000204: Processing PersistenceUnitInfo [name: default]"
                }{
                "correlationId": "",
                "timestamp": "2026-03-22T04:51:50.871",
                "level": "INFO",
                "thread": "main",
                "logger": "org.hibernate.Version",
                "message": "HHH000412: Hibernate ORM core version 6.4.4.Final"
                }{
                "correlationId": "",
                "timestamp": "2026-03-22T04:51:50.929",
                "level": "INFO",
                "thread": "main",
                "logger": "org.hibernate.cache.internal.RegionFactoryInitiator",
                "message": "HHH000026: Second-level cache disabled"
                }{
                "correlationId": "",
                "timestamp": "2026-03-22T04:51:51.470",
                "level": "INFO",
                "thread": "main",
                "logger": "org.springframework.orm.jpa.persistenceunit.SpringPersistenceUnitInfo",
                "message": "No LoadTimeWeaver setup: ignoring JPA class transformer"
                }{
                "correlationId": "",
                "timestamp": "2026-03-22T04:51:51.774",
                "level": "WARN",
                "thread": "main",
                "logger": "org.hibernate.orm.deprecation",
                "message": "HHH90000025: PostgreSQLDialect does not need to be specified explicitly using 'hibernate.dialect' (remove the property setting and it will be selected by default)"
                }{
                "correlationId": "",
                "timestamp": "2026-03-22T04:51:53.070",
                "level": "INFO",
                "thread": "main",
                "logger": "org.hibernate.engine.transaction.jta.platform.internal.JtaPlatformInitiator",
                "message": "HHH000489: No JTA platform available (set 'hibernate.transaction.jta.platform' to enable JTA platform integration)"
                }{
                "correlationId": "",
                "timestamp": "2026-03-22T04:51:53.080",
                "level": "INFO",
                "thread": "main",
                "logger": "org.springframework.orm.jpa.LocalContainerEntityManagerFactoryBean",
                "message": "Initialized JPA EntityManagerFactory for persistence unit 'default'"
                }{
                "correlationId": "",
                "timestamp": "2026-03-22T04:51:56.254",
                "level": "WARN",
                "thread": "main",
                "logger": "org.springframework.boot.autoconfigure.orm.jpa.JpaBaseConfiguration$JpaWebConfiguration",
                "message": "spring.jpa.open-in-view is enabled by default. Therefore, database queries may be performed during view rendering. Explicitly configure spring.jpa.open-in-view to disable this warning"
                }{
                "correlationId": "",
                "timestamp": "2026-03-22T04:51:57.441",
                "level": "INFO",
                "thread": "main",
                "logger": "org.springframework.boot.actuate.endpoint.web.EndpointLinksResolver",
                "message": "Exposing 3 endpoint(s) beneath base path '/actuator'"
                }{
                "correlationId": "",
                "timestamp": "2026-03-22T04:51:57.518",
                "level": "INFO",
                "thread": "main",
                "logger": "org.apache.coyote.http11.Http11NioProtocol",
                "message": "Starting ProtocolHandler ["http-nio-8085"]"
                }{
                "correlationId": "",
                "timestamp": "2026-03-22T04:51:57.537",
                "level": "INFO",
                "thread": "main",
                "logger": "org.springframework.boot.web.embedded.tomcat.TomcatWebServer",
                "message": "Tomcat started on port 8085 (http) with context path ''"
                }{
                "correlationId": "",
                "timestamp": "2026-03-22T04:51:57.560",
                "level": "INFO",
                "thread": "main",
                "logger": "co.edu.uco.infrastructure.init.CrossWordApplication",
                "message": "Started CrossWordApplication in 31.312 seconds (process running for 35.424)"
                }{
                "correlationId": "",
                "timestamp": "2026-03-22T04:51:58.209",
                "level": "INFO",
                "thread": "http-nio-8085-exec-1",
                "logger": "org.apache.catalina.core.ContainerBase.[Tomcat].[localhost].[/]",
                "message": "Initializing Spring DispatcherServlet 'dispatcherServlet'"
                }{
                "correlationId": "",
                "timestamp": "2026-03-22T04:51:58.210",
                "level": "INFO",
                "thread": "http-nio-8085-exec-1",
                "logger": "org.springframework.web.servlet.DispatcherServlet",
                "message": "Initializing Servlet 'dispatcherServlet'"
                }{
                "correlationId": "",
                "timestamp": "2026-03-22T04:51:58.213",
                "level": "INFO",
                "thread": "http-nio-8085-exec-1",
                "logger": "org.springframework.web.servlet.DispatcherServlet",
                "message": "Completed initialization in 1 ms"
                }{
                "correlationId": "fe8510bb-0358-4dcd-a3b6-4fefee32908c",
                "timestamp": "2026-03-22T04:55:08.925",
                "level": "ERROR",
                "thread": "http-nio-8085-exec-3",
                "logger": "co.edu.uco.infrastructure.adapter.secondary.presenter.rest.HttpPresenterAdapter",
                "message": "The error response is: {"data":[],"errors":["The environment does not exist."]}"
                }{
                "correlationId": "0554d000-3a3e-4313-b2ab-f24bd91080e5",
                "timestamp": "2026-03-22T04:56:33.856",
                "level": "ERROR",
                "thread": "http-nio-8085-exec-9",
                "logger": "co.edu.uco.infrastructure.adapter.primary.interceptors.AcceptHeaderInterceptor",
                "message": "Media type is not supported {"data":[],"errors":["The media type image/avif,image/webp,image/apng,image/svg+xml,image/*,*/*;q=0.8 is not supported by the system"]}"
                }{
                "correlationId": "9ce489c1-fda9-4b47-9451-8f986b9fbf38",
                "timestamp": "2026-03-22T04:57:17.142",
                "level": "ERROR",
                "thread": "http-nio-8085-exec-9",
                "logger": "co.edu.uco.infrastructure.adapter.primary.interceptors.AcceptHeaderInterceptor",
                "message": "Media type is not supported {"data":[],"errors":["The media type image/avif,image/webp,image/apng,image/svg+xml,image/*,*/*;q=0.8 is not supported by the system"]}"
                }{
                "correlationId": "2f99151e-e6ca-4890-8472-07afe7f91e8e",
                "timestamp": "2026-03-22T04:57:47.230",
                "level": "ERROR",
                "thread": "http-nio-8085-exec-3",
                "logger": "co.edu.uco.infrastructure.adapter.secondary.presenter.rest.HttpPresenterAdapter",
                "message": "The error response is: {"data":[],"errors":["The environment does not exist."]}"
                }{
                "correlationId": "",
                "timestamp": "2026-03-22T05:02:01.376",
                "level": "INFO",
                "thread": "main",
                "logger": "co.edu.uco.infrastructure.init.CrossWordApplication",
                "message": "Starting CrossWordApplication v0.0.1-SNAPSHOT using Java 17.0.18 with PID 8 (/app/app.jar started by root in /app)"
                }{
                "correlationId": "",
                "timestamp": "2026-03-22T05:02:01.381",
                "level": "INFO",
                "thread": "main",
                "logger": "co.edu.uco.infrastructure.init.CrossWordApplication",
                "message": "No active profile set, falling back to 1 default profile: "default""
                }{
                "correlationId": "",
                "timestamp": "2026-03-22T05:02:02.275",
                "level": "INFO",
                "thread": "main",
                "logger": "org.springframework.data.repository.config.RepositoryConfigurationDelegate",
                "message": "Multiple Spring Data modules found, entering strict repository configuration mode"
                }{
                "correlationId": "",
                "timestamp": "2026-03-22T05:02:02.276",
                "level": "INFO",
                "thread": "main",
                "logger": "org.springframework.data.repository.config.RepositoryConfigurationDelegate",
                "message": "Bootstrapping Spring Data Redis repositories in DEFAULT mode."
                }{
                "correlationId": "",
                "timestamp": "2026-03-22T05:02:02.310",
                "level": "INFO",
                "thread": "main",
                "logger": "org.springframework.data.repository.config.RepositoryConfigurationExtensionSupport",
                "message": "Spring Data Redis - Could not safely identify store assignment for repository candidate interface co.edu.uco.infrastructure.adapter.secondary.repository.mongo.EnvironmentRepositoryAdapter; If you want this repository to be a Redis repository, consider annotating your entities with one of these annotations: org.springframework.data.redis.core.RedisHash (preferred), or consider extending one of the following types with your repository: org.springframework.data.keyvalue.repository.KeyValueRepository"
                }{
                "correlationId": "",
                "timestamp": "2026-03-22T05:02:02.312",
                "level": "INFO",
                "thread": "main",
                "logger": "org.springframework.data.repository.config.RepositoryConfigurationExtensionSupport",
                "message": "Spring Data Redis - Could not safely identify store assignment for repository candidate interface co.edu.uco.infrastructure.adapter.secondary.repository.mongo.TokenStateMongoRepositoryAdapter; If you want this repository to be a Redis repository, consider annotating your entities with one of these annotations: org.springframework.data.redis.core.RedisHash (preferred), or consider extending one of the following types with your repository: org.springframework.data.keyvalue.repository.KeyValueRepository"
                }{
                "correlationId": "",
                "timestamp": "2026-03-22T05:02:02.314",
                "level": "INFO",
                "thread": "main",
                "logger": "org.springframework.data.repository.config.RepositoryConfigurationExtensionSupport",
                "message": "Spring Data Redis - Could not safely identify store assignment for repository candidate interface co.edu.uco.infrastructure.adapter.secondary.repository.mongo.TokenMongoRepositoryAdapter; If you want this repository to be a Redis repository, consider annotating your entities with one of these annotations: org.springframework.data.redis.core.RedisHash (preferred), or consider extending one of the following types with your repository: org.springframework.data.keyvalue.repository.KeyValueRepository"
                }{
                "correlationId": "",
                "timestamp": "2026-03-22T05:02:02.316",
                "level": "INFO",
                "thread": "main",
                "logger": "org.springframework.data.repository.config.RepositoryConfigurationExtensionSupport",
                "message": "Spring Data Redis - Could not safely identify store assignment for repository candidate interface co.edu.uco.infrastructure.adapter.secondary.repository.mongo.EnvironmentMongoRepositoryAdapter; If you want this repository to be a Redis repository, consider annotating your entities with one of these annotations: org.springframework.data.redis.core.RedisHash (preferred), or consider extending one of the following types with your repository: org.springframework.data.keyvalue.repository.KeyValueRepository"
                }{
                "correlationId": "",
                "timestamp": "2026-03-22T05:02:02.318",
                "level": "INFO",
                "thread": "main",
                "logger": "org.springframework.data.repository.config.RepositoryConfigurationExtensionSupport",
                "message": "Spring Data Redis - Could not safely identify store assignment for repository candidate interface co.edu.uco.infrastructure.adapter.secondary.repository.postgresql.TokenPostgresSQLRepositoryAdapter; If you want this repository to be a Redis repository, consider annotating your entities with one of these annotations: org.springframework.data.redis.core.RedisHash (preferred), or consider extending one of the following types with your repository: org.springframework.data.keyvalue.repository.KeyValueRepository"
                }{
                "correlationId": "",
                "timestamp": "2026-03-22T05:02:02.343",
                "level": "INFO",
                "thread": "main",
                "logger": "org.springframework.data.repository.config.RepositoryConfigurationDelegate",
                "message": "Finished Spring Data repository scanning in 53 ms. Found 1 Redis repository interface."
                }{
                "correlationId": "",
                "timestamp": "2026-03-22T05:02:02.346",
                "level": "INFO",
                "thread": "main",
                "logger": "org.springframework.data.repository.config.RepositoryConfigurationDelegate",
                "message": "Multiple Spring Data modules found, entering strict repository configuration mode"
                }{
                "correlationId": "",
                "timestamp": "2026-03-22T05:02:02.347",
                "level": "INFO",
                "thread": "main",
                "logger": "org.springframework.data.repository.config.RepositoryConfigurationDelegate",
                "message": "Bootstrapping Spring Data JPA repositories in DEFAULT mode."
                }{
                "correlationId": "",
                "timestamp": "2026-03-22T05:02:02.355",
                "level": "INFO",
                "thread": "main",
                "logger": "org.springframework.data.repository.config.RepositoryConfigurationDelegate",
                "message": "Finished Spring Data repository scanning in 4 ms. Found 1 JPA repository interface."
                }{
                "correlationId": "",
                "timestamp": "2026-03-22T05:02:02.357",
                "level": "INFO",
                "thread": "main",
                "logger": "org.springframework.data.repository.config.RepositoryConfigurationDelegate",
                "message": "Multiple Spring Data modules found, entering strict repository configuration mode"
                }{
                "correlationId": "",
                "timestamp": "2026-03-22T05:02:02.360",
                "level": "INFO",
                "thread": "main",
                "logger": "org.springframework.data.repository.config.RepositoryConfigurationDelegate",
                "message": "Bootstrapping Spring Data MongoDB repositories in DEFAULT mode."
                }{
                "correlationId": "",
                "timestamp": "2026-03-22T05:02:02.363",
                "level": "INFO",
                "thread": "main",
                "logger": "org.springframework.data.repository.config.RepositoryConfigurationExtensionSupport",
                "message": "Spring Data MongoDB - Could not safely identify store assignment for repository candidate interface co.edu.uco.infrastructure.adapter.secondary.repository.postgresql.TokenPostgresSQLRepositoryAdapter; If you want this repository to be a MongoDB repository, consider annotating your entities with one of these annotations: org.springframework.data.mongodb.core.mapping.Document (preferred), or consider extending one of the following types with your repository: org.springframework.data.mongodb.repository.MongoRepository"
                }{
                "correlationId": "",
                "timestamp": "2026-03-22T05:02:02.364",
                "level": "INFO",
                "thread": "main",
                "logger": "org.springframework.data.repository.config.RepositoryConfigurationExtensionSupport",
                "message": "Spring Data MongoDB - Could not safely identify store assignment for repository candidate interface co.edu.uco.infrastructure.adapter.secondary.repository.redis.RedisRepositoryAdapter; If you want this repository to be a MongoDB repository, consider annotating your entities with one of these annotations: org.springframework.data.mongodb.core.mapping.Document (preferred), or consider extending one of the following types with your repository: org.springframework.data.mongodb.repository.MongoRepository"
                }{
                "correlationId": "",
                "timestamp": "2026-03-22T05:02:02.369",
                "level": "INFO",
                "thread": "main",
                "logger": "org.springframework.data.repository.config.RepositoryConfigurationDelegate",
                "message": "Finished Spring Data repository scanning in 8 ms. Found 4 MongoDB repository interfaces."
                }{
                "correlationId": "",
                "timestamp": "2026-03-22T05:02:03.765",
                "level": "INFO",
                "thread": "main",
                "logger": "org.springframework.boot.web.embedded.tomcat.TomcatWebServer",
                "message": "Tomcat initialized with port 8085 (http)"
                }{
                "correlationId": "",
                "timestamp": "2026-03-22T05:02:03.780",
                "level": "INFO",
                "thread": "main",
                "logger": "org.apache.coyote.http11.Http11NioProtocol",
                "message": "Initializing ProtocolHandler ["http-nio-8085"]"
                }{
                "correlationId": "",
                "timestamp": "2026-03-22T05:02:03.783",
                "level": "INFO",
                "thread": "main",
                "logger": "org.apache.catalina.core.StandardService",
                "message": "Starting service [Tomcat]"
                }{
                "correlationId": "",
                "timestamp": "2026-03-22T05:02:03.784",
                "level": "INFO",
                "thread": "main",
                "logger": "org.apache.catalina.core.StandardEngine",
                "message": "Starting Servlet engine: [Apache Tomcat/10.1.20]"
                }{
                "correlationId": "",
                "timestamp": "2026-03-22T05:02:03.847",
                "level": "INFO",
                "thread": "main",
                "logger": "org.apache.catalina.core.ContainerBase.[Tomcat].[localhost].[/]",
                "message": "Initializing Spring embedded WebApplicationContext"
                }{
                "correlationId": "",
                "timestamp": "2026-03-22T05:02:03.848",
                "level": "INFO",
                "thread": "main",
                "logger": "org.springframework.boot.web.servlet.context.ServletWebServerApplicationContext",
                "message": "Root WebApplicationContext: initialization completed in 2413 ms"
                }{
                "correlationId": "",
                "timestamp": "2026-03-22T05:02:04.173",
                "level": "INFO",
                "thread": "main",
                "logger": "org.hibernate.jpa.internal.util.LogHelper",
                "message": "HHH000204: Processing PersistenceUnitInfo [name: default]"
                }{
                "correlationId": "",
                "timestamp": "2026-03-22T05:02:04.243",
                "level": "INFO",
                "thread": "main",
                "logger": "org.hibernate.Version",
                "message": "HHH000412: Hibernate ORM core version 6.4.4.Final"
                }{
                "correlationId": "",
                "timestamp": "2026-03-22T05:02:04.295",
                "level": "INFO",
                "thread": "main",
                "logger": "org.hibernate.cache.internal.RegionFactoryInitiator",
                "message": "HHH000026: Second-level cache disabled"
                }{
                "correlationId": "",
                "timestamp": "2026-03-22T05:02:04.583",
                "level": "INFO",
                "thread": "main",
                "logger": "org.springframework.orm.jpa.persistenceunit.SpringPersistenceUnitInfo",
                "message": "No LoadTimeWeaver setup: ignoring JPA class transformer"
                }{
                "correlationId": "",
                "timestamp": "2026-03-22T05:02:04.732",
                "level": "WARN",
                "thread": "main",
                "logger": "org.hibernate.orm.deprecation",
                "message": "HHH90000025: PostgreSQLDialect does not need to be specified explicitly using 'hibernate.dialect' (remove the property setting and it will be selected by default)"
                }{
                "correlationId": "",
                "timestamp": "2026-03-22T05:02:05.476",
                "level": "INFO",
                "thread": "main",
                "logger": "org.hibernate.engine.transaction.jta.platform.internal.JtaPlatformInitiator",
                "message": "HHH000489: No JTA platform available (set 'hibernate.transaction.jta.platform' to enable JTA platform integration)"
                }{
                "correlationId": "",
                "timestamp": "2026-03-22T05:02:05.485",
                "level": "INFO",
                "thread": "main",
                "logger": "org.springframework.orm.jpa.LocalContainerEntityManagerFactoryBean",
                "message": "Initialized JPA EntityManagerFactory for persistence unit 'default'"
                }{
                "correlationId": "",
                "timestamp": "2026-03-22T05:02:07.426",
                "level": "WARN",
                "thread": "main",
                "logger": "org.springframework.boot.autoconfigure.orm.jpa.JpaBaseConfiguration$JpaWebConfiguration",
                "message": "spring.jpa.open-in-view is enabled by default. Therefore, database queries may be performed during view rendering. Explicitly configure spring.jpa.open-in-view to disable this warning"
                }{
                "correlationId": "",
                "timestamp": "2026-03-22T05:02:08.357",
                "level": "INFO",
                "thread": "main",
                "logger": "org.springframework.boot.actuate.endpoint.web.EndpointLinksResolver",
                "message": "Exposing 3 endpoint(s) beneath base path '/actuator'"
                }{
                "correlationId": "",
                "timestamp": "2026-03-22T05:02:08.409",
                "level": "INFO",
                "thread": "main",
                "logger": "org.apache.coyote.http11.Http11NioProtocol",
                "message": "Starting ProtocolHandler ["http-nio-8085"]"
                }{
                "correlationId": "",
                "timestamp": "2026-03-22T05:02:08.420",
                "level": "INFO",
                "thread": "main",
                "logger": "org.springframework.boot.web.embedded.tomcat.TomcatWebServer",
                "message": "Tomcat started on port 8085 (http) with context path ''"
                }{
                "correlationId": "",
                "timestamp": "2026-03-22T05:02:08.434",
                "level": "INFO",
                "thread": "main",
                "logger": "co.edu.uco.infrastructure.init.CrossWordApplication",
                "message": "Started CrossWordApplication in 17.43 seconds (process running for 18.89)"
                }{
                "correlationId": "",
                "timestamp": "2026-03-22T05:02:09.327",
                "level": "INFO",
                "thread": "http-nio-8085-exec-1",
                "logger": "org.apache.catalina.core.ContainerBase.[Tomcat].[localhost].[/]",
                "message": "Initializing Spring DispatcherServlet 'dispatcherServlet'"
                }{
                "correlationId": "",
                "timestamp": "2026-03-22T05:02:09.328",
                "level": "INFO",
                "thread": "http-nio-8085-exec-1",
                "logger": "org.springframework.web.servlet.DispatcherServlet",
                "message": "Initializing Servlet 'dispatcherServlet'"
                }{
                "correlationId": "",
                "timestamp": "2026-03-22T05:02:09.330",
                "level": "INFO",
                "thread": "http-nio-8085-exec-1",
                "logger": "org.springframework.web.servlet.DispatcherServlet",
                "message": "Completed initialization in 2 ms"
                }{
                "correlationId": "d8e1e286-2220-4091-b1cb-8b8677a0f457",
                "timestamp": "2026-03-22T05:03:00.867",
                "level": "ERROR",
                "thread": "http-nio-8085-exec-2",
                "logger": "co.edu.uco.infrastructure.adapter.secondary.presenter.rest.HttpPresenterAdapter",
                "message": "The error response is: {"data":[],"errors":["The environment does not exist."]}"
                }{
                "correlationId": "",
                "timestamp": "2026-03-22T05:09:31.368",
                "level": "INFO",
                "thread": "main",
                "logger": "co.edu.uco.infrastructure.init.CrossWordApplication",
                "message": "Starting CrossWordApplication v0.0.1-SNAPSHOT using Java 17.0.18 with PID 7 (/app/app.jar started by root in /app)"
                }{
                "correlationId": "",
                "timestamp": "2026-03-22T05:09:31.370",
                "level": "INFO",
                "thread": "main",
                "logger": "co.edu.uco.infrastructure.init.CrossWordApplication",
                "message": "No active profile set, falling back to 1 default profile: "default""
                }{
                "correlationId": "",
                "timestamp": "2026-03-22T05:09:32.279",
                "level": "INFO",
                "thread": "main",
                "logger": "org.springframework.data.repository.config.RepositoryConfigurationDelegate",
                "message": "Multiple Spring Data modules found, entering strict repository configuration mode"
                }{
                "correlationId": "",
                "timestamp": "2026-03-22T05:09:32.280",
                "level": "INFO",
                "thread": "main",
                "logger": "org.springframework.data.repository.config.RepositoryConfigurationDelegate",
                "message": "Bootstrapping Spring Data Redis repositories in DEFAULT mode."
                }{
                "correlationId": "",
                "timestamp": "2026-03-22T05:09:32.312",
                "level": "INFO",
                "thread": "main",
                "logger": "org.springframework.data.repository.config.RepositoryConfigurationExtensionSupport",
                "message": "Spring Data Redis - Could not safely identify store assignment for repository candidate interface co.edu.uco.infrastructure.adapter.secondary.repository.mongo.EnvironmentRepositoryAdapter; If you want this repository to be a Redis repository, consider annotating your entities with one of these annotations: org.springframework.data.redis.core.RedisHash (preferred), or consider extending one of the following types with your repository: org.springframework.data.keyvalue.repository.KeyValueRepository"
                }{
                "correlationId": "",
                "timestamp": "2026-03-22T05:09:32.314",
                "level": "INFO",
                "thread": "main",
                "logger": "org.springframework.data.repository.config.RepositoryConfigurationExtensionSupport",
                "message": "Spring Data Redis - Could not safely identify store assignment for repository candidate interface co.edu.uco.infrastructure.adapter.secondary.repository.mongo.TokenStateMongoRepositoryAdapter; If you want this repository to be a Redis repository, consider annotating your entities with one of these annotations: org.springframework.data.redis.core.RedisHash (preferred), or consider extending one of the following types with your repository: org.springframework.data.keyvalue.repository.KeyValueRepository"
                }{
                "correlationId": "",
                "timestamp": "2026-03-22T05:09:32.315",
                "level": "INFO",
                "thread": "main",
                "logger": "org.springframework.data.repository.config.RepositoryConfigurationExtensionSupport",
                "message": "Spring Data Redis - Could not safely identify store assignment for repository candidate interface co.edu.uco.infrastructure.adapter.secondary.repository.mongo.TokenMongoRepositoryAdapter; If you want this repository to be a Redis repository, consider annotating your entities with one of these annotations: org.springframework.data.redis.core.RedisHash (preferred), or consider extending one of the following types with your repository: org.springframework.data.keyvalue.repository.KeyValueRepository"
                }{
                "correlationId": "",
                "timestamp": "2026-03-22T05:09:32.316",
                "level": "INFO",
                "thread": "main",
                "logger": "org.springframework.data.repository.config.RepositoryConfigurationExtensionSupport",
                "message": "Spring Data Redis - Could not safely identify store assignment for repository candidate interface co.edu.uco.infrastructure.adapter.secondary.repository.mongo.EnvironmentMongoRepositoryAdapter; If you want this repository to be a Redis repository, consider annotating your entities with one of these annotations: org.springframework.data.redis.core.RedisHash (preferred), or consider extending one of the following types with your repository: org.springframework.data.keyvalue.repository.KeyValueRepository"
                }{
                "correlationId": "",
                "timestamp": "2026-03-22T05:09:32.319",
                "level": "INFO",
                "thread": "main",
                "logger": "org.springframework.data.repository.config.RepositoryConfigurationExtensionSupport",
                "message": "Spring Data Redis - Could not safely identify store assignment for repository candidate interface co.edu.uco.infrastructure.adapter.secondary.repository.postgresql.TokenPostgresSQLRepositoryAdapter; If you want this repository to be a Redis repository, consider annotating your entities with one of these annotations: org.springframework.data.redis.core.RedisHash (preferred), or consider extending one of the following types with your repository: org.springframework.data.keyvalue.repository.KeyValueRepository"
                }{
                "correlationId": "",
                "timestamp": "2026-03-22T05:09:32.344",
                "level": "INFO",
                "thread": "main",
                "logger": "org.springframework.data.repository.config.RepositoryConfigurationDelegate",
                "message": "Finished Spring Data repository scanning in 49 ms. Found 1 Redis repository interface."
                }{
                "correlationId": "",
                "timestamp": "2026-03-22T05:09:32.347",
                "level": "INFO",
                "thread": "main",
                "logger": "org.springframework.data.repository.config.RepositoryConfigurationDelegate",
                "message": "Multiple Spring Data modules found, entering strict repository configuration mode"
                }{
                "correlationId": "",
                "timestamp": "2026-03-22T05:09:32.348",
                "level": "INFO",
                "thread": "main",
                "logger": "org.springframework.data.repository.config.RepositoryConfigurationDelegate",
                "message": "Bootstrapping Spring Data JPA repositories in DEFAULT mode."
                }{
                "correlationId": "",
                "timestamp": "2026-03-22T05:09:32.359",
                "level": "INFO",
                "thread": "main",
                "logger": "org.springframework.data.repository.config.RepositoryConfigurationDelegate",
                "message": "Finished Spring Data repository scanning in 6 ms. Found 1 JPA repository interface."
                }{
                "correlationId": "",
                "timestamp": "2026-03-22T05:09:32.361",
                "level": "INFO",
                "thread": "main",
                "logger": "org.springframework.data.repository.config.RepositoryConfigurationDelegate",
                "message": "Multiple Spring Data modules found, entering strict repository configuration mode"
                }{
                "correlationId": "",
                "timestamp": "2026-03-22T05:09:32.362",
                "level": "INFO",
                "thread": "main",
                "logger": "org.springframework.data.repository.config.RepositoryConfigurationDelegate",
                "message": "Bootstrapping Spring Data MongoDB repositories in DEFAULT mode."
                }{
                "correlationId": "",
                "timestamp": "2026-03-22T05:09:32.366",
                "level": "INFO",
                "thread": "main",
                "logger": "org.springframework.data.repository.config.RepositoryConfigurationExtensionSupport",
                "message": "Spring Data MongoDB - Could not safely identify store assignment for repository candidate interface co.edu.uco.infrastructure.adapter.secondary.repository.postgresql.TokenPostgresSQLRepositoryAdapter; If you want this repository to be a MongoDB repository, consider annotating your entities with one of these annotations: org.springframework.data.mongodb.core.mapping.Document (preferred), or consider extending one of the following types with your repository: org.springframework.data.mongodb.repository.MongoRepository"
                }{
                "correlationId": "",
                "timestamp": "2026-03-22T05:09:32.367",
                "level": "INFO",
                "thread": "main",
                "logger": "org.springframework.data.repository.config.RepositoryConfigurationExtensionSupport",
                "message": "Spring Data MongoDB - Could not safely identify store assignment for repository candidate interface co.edu.uco.infrastructure.adapter.secondary.repository.redis.RedisRepositoryAdapter; If you want this repository to be a MongoDB repository, consider annotating your entities with one of these annotations: org.springframework.data.mongodb.core.mapping.Document (preferred), or consider extending one of the following types with your repository: org.springframework.data.mongodb.repository.MongoRepository"
                }{
                "correlationId": "",
                "timestamp": "2026-03-22T05:09:32.371",
                "level": "INFO",
                "thread": "main",
                "logger": "org.springframework.data.repository.config.RepositoryConfigurationDelegate",
                "message": "Finished Spring Data repository scanning in 8 ms. Found 4 MongoDB repository interfaces."
                }{
                "correlationId": "",
                "timestamp": "2026-03-22T05:09:34.071",
                "level": "INFO",
                "thread": "main",
                "logger": "org.springframework.boot.web.embedded.tomcat.TomcatWebServer",
                "message": "Tomcat initialized with port 8085 (http)"
                }{
                "correlationId": "",
                "timestamp": "2026-03-22T05:09:34.087",
                "level": "INFO",
                "thread": "main",
                "logger": "org.apache.coyote.http11.Http11NioProtocol",
                "message": "Initializing ProtocolHandler ["http-nio-8085"]"
                }{
                "correlationId": "",
                "timestamp": "2026-03-22T05:09:34.090",
                "level": "INFO",
                "thread": "main",
                "logger": "org.apache.catalina.core.StandardService",
                "message": "Starting service [Tomcat]"
                }{
                "correlationId": "",
                "timestamp": "2026-03-22T05:09:34.091",
                "level": "INFO",
                "thread": "main",
                "logger": "org.apache.catalina.core.StandardEngine",
                "message": "Starting Servlet engine: [Apache Tomcat/10.1.20]"
                }{
                "correlationId": "",
                "timestamp": "2026-03-22T05:09:34.136",
                "level": "INFO",
                "thread": "main",
                "logger": "org.apache.catalina.core.ContainerBase.[Tomcat].[localhost].[/]",
                "message": "Initializing Spring embedded WebApplicationContext"
                }{
                "correlationId": "",
                "timestamp": "2026-03-22T05:09:34.138",
                "level": "INFO",
                "thread": "main",
                "logger": "org.springframework.boot.web.servlet.context.ServletWebServerApplicationContext",
                "message": "Root WebApplicationContext: initialization completed in 2724 ms"
                }{
                "correlationId": "",
                "timestamp": "2026-03-22T05:09:34.447",
                "level": "INFO",
                "thread": "main",
                "logger": "org.hibernate.jpa.internal.util.LogHelper",
                "message": "HHH000204: Processing PersistenceUnitInfo [name: default]"
                }{
                "correlationId": "",
                "timestamp": "2026-03-22T05:09:34.522",
                "level": "INFO",
                "thread": "main",
                "logger": "org.hibernate.Version",
                "message": "HHH000412: Hibernate ORM core version 6.4.4.Final"
                }{
                "correlationId": "",
                "timestamp": "2026-03-22T05:09:34.562",
                "level": "INFO",
                "thread": "main",
                "logger": "org.hibernate.cache.internal.RegionFactoryInitiator",
                "message": "HHH000026: Second-level cache disabled"
                }{
                "correlationId": "",
                "timestamp": "2026-03-22T05:09:34.847",
                "level": "INFO",
                "thread": "main",
                "logger": "org.springframework.orm.jpa.persistenceunit.SpringPersistenceUnitInfo",
                "message": "No LoadTimeWeaver setup: ignoring JPA class transformer"
                }{
                "correlationId": "",
                "timestamp": "2026-03-22T05:09:35.017",
                "level": "WARN",
                "thread": "main",
                "logger": "org.hibernate.orm.deprecation",
                "message": "HHH90000025: PostgreSQLDialect does not need to be specified explicitly using 'hibernate.dialect' (remove the property setting and it will be selected by default)"
                }{
                "correlationId": "",
                "timestamp": "2026-03-22T05:09:35.656",
                "level": "INFO",
                "thread": "main",
                "logger": "org.hibernate.engine.transaction.jta.platform.internal.JtaPlatformInitiator",
                "message": "HHH000489: No JTA platform available (set 'hibernate.transaction.jta.platform' to enable JTA platform integration)"
                }{
                "correlationId": "",
                "timestamp": "2026-03-22T05:09:35.660",
                "level": "INFO",
                "thread": "main",
                "logger": "org.springframework.orm.jpa.LocalContainerEntityManagerFactoryBean",
                "message": "Initialized JPA EntityManagerFactory for persistence unit 'default'"
                }{
                "correlationId": "",
                "timestamp": "2026-03-22T05:09:37.587",
                "level": "WARN",
                "thread": "main",
                "logger": "org.springframework.boot.autoconfigure.orm.jpa.JpaBaseConfiguration$JpaWebConfiguration",
                "message": "spring.jpa.open-in-view is enabled by default. Therefore, database queries may be performed during view rendering. Explicitly configure spring.jpa.open-in-view to disable this warning"
                }{
                "correlationId": "",
                "timestamp": "2026-03-22T05:09:38.410",
                "level": "INFO",
                "thread": "main",
                "logger": "org.springframework.boot.actuate.endpoint.web.EndpointLinksResolver",
                "message": "Exposing 3 endpoint(s) beneath base path '/actuator'"
                }{
                "correlationId": "",
                "timestamp": "2026-03-22T05:09:38.464",
                "level": "INFO",
                "thread": "main",
                "logger": "org.apache.coyote.http11.Http11NioProtocol",
                "message": "Starting ProtocolHandler ["http-nio-8085"]"
                }{
                "correlationId": "",
                "timestamp": "2026-03-22T05:09:38.478",
                "level": "INFO",
                "thread": "main",
                "logger": "org.springframework.boot.web.embedded.tomcat.TomcatWebServer",
                "message": "Tomcat started on port 8085 (http) with context path ''"
                }{
                "correlationId": "",
                "timestamp": "2026-03-22T05:09:38.492",
                "level": "INFO",
                "thread": "main",
                "logger": "co.edu.uco.infrastructure.init.CrossWordApplication",
                "message": "Started CrossWordApplication in 18.626 seconds (process running for 21.377)"
                }{
                "correlationId": "",
                "timestamp": "2026-03-22T05:09:39.051",
                "level": "INFO",
                "thread": "http-nio-8085-exec-1",
                "logger": "org.apache.catalina.core.ContainerBase.[Tomcat].[localhost].[/]",
                "message": "Initializing Spring DispatcherServlet 'dispatcherServlet'"
                }{
                "correlationId": "",
                "timestamp": "2026-03-22T05:09:39.052",
                "level": "INFO",
                "thread": "http-nio-8085-exec-1",
                "logger": "org.springframework.web.servlet.DispatcherServlet",
                "message": "Initializing Servlet 'dispatcherServlet'"
                }{
                "correlationId": "",
                "timestamp": "2026-03-22T05:09:39.054",
                "level": "INFO",
                "thread": "http-nio-8085-exec-1",
                "logger": "org.springframework.web.servlet.DispatcherServlet",
                "message": "Completed initialization in 1 ms"
                }{
                "correlationId": "5a0abbab-e6c9-41ca-938b-d67daa50f26d",
                "timestamp": "2026-03-22T07:15:38.191",
                "level": "ERROR",
                "thread": "http-nio-8085-exec-1",
                "logger": "co.edu.uco.infrastructure.adapter.secondary.presenter.rest.HttpPresenterAdapter",
                "message": "The error response is: {"data":[],"errors":["The environment does not exist."]}"
                }{
                "correlationId": "e165f4ee-fd11-4871-9e52-b32a512d519d",
                "timestamp": "2026-03-22T07:18:41.398",
                "level": "ERROR",
                "thread": "http-nio-8085-exec-6",
                "logger": "co.edu.uco.infrastructure.adapter.secondary.presenter.rest.HttpPresenterAdapter",
                "message": "The error response is: {"data":[],"errors":["The environment does not exist."]}"
                }{
                "correlationId": "1b8cf7f3-37ef-43bd-8928-b9f086f90c61",
                "timestamp": "2026-03-22T07:20:44.051",
                "level": "ERROR",
                "thread": "http-nio-8085-exec-7",
                "logger": "co.edu.uco.infrastructure.adapter.secondary.presenter.rest.HttpPresenterAdapter",
                "message": "The error response is: {"data":[],"errors":["The environment does not exist."]}"
                }{
                "correlationId": "ff04be8e-e417-4d9b-b8df-aeeac3f3330c",
                "timestamp": "2026-03-22T07:35:11.370",
                "level": "ERROR",
                "thread": "http-nio-8085-exec-6",
                "logger": "co.edu.uco.infrastructure.adapter.secondary.presenter.rest.HttpPresenterAdapter",
                "message": "The error response is: {"data":[],"errors":["source cannot be null"]}"
                }{
                "correlationId": "f3a4ecea-2d02-4ac9-9653-c3a9d3303c15",
                "timestamp": "2026-03-22T07:38:58.624",
                "level": "ERROR",
                "thread": "http-nio-8085-exec-7",
                "logger": "co.edu.uco.infrastructure.adapter.secondary.presenter.rest.HttpPresenterAdapter",
                "message": "The error response is: {"data":[],"errors":["The environment does not exist."]}"
                }{
                "correlationId": "9ed495cc-36f4-4b5c-9363-0f1c1cda05c1",
                "timestamp": "2026-03-22T07:43:06.536",
                "level": "ERROR",
                "thread": "http-nio-8085-exec-10",
                "logger": "co.edu.uco.infrastructure.adapter.secondary.presenter.rest.HttpPresenterAdapter",
                "message": "The error response is: {"data":[],"errors":["source cannot be null"]}"
                }{
                "correlationId": "3685200a-b217-484c-923b-f6da9a41224f",
                "timestamp": "2026-03-22T07:44:49.181",
                "level": "ERROR",
                "thread": "http-nio-8085-exec-1",
                "logger": "co.edu.uco.infrastructure.adapter.secondary.presenter.rest.HttpPresenterAdapter",
                "message": "The error response is: {"data":[],"errors":["The application to which the environment is intended to be associated does not exist for the environment."]}"
                }{
                "correlationId": "85096fdc-412f-4cd5-b2c1-49c10f102187",
                "timestamp": "2026-03-22T07:46:32.275",
                "level": "ERROR",
                "thread": "http-nio-8085-exec-5",
                "logger": "co.edu.uco.infrastructure.adapter.secondary.presenter.rest.HttpPresenterAdapter",
                "message": "The error response is: {"data":[],"errors":["source cannot be null"]}"
                }{
                "correlationId": "0c471e79-9973-4547-9037-7df72197c1d7",
                "timestamp": "2026-03-22T07:58:54.650",
                "level": "ERROR",
                "thread": "http-nio-8085-exec-2",
                "logger": "co.edu.uco.infrastructure.adapter.secondary.presenter.rest.HttpPresenterAdapter",
                "message": "The error response is: {"data":[],"errors":["source cannot be null"]}"
                }{
                "correlationId": "2144dd0e-74cc-4cf8-b254-e91ede11a002",
                "timestamp": "2026-03-22T07:58:55.743",
                "level": "ERROR",
                "thread": "http-nio-8085-exec-3",
                "logger": "co.edu.uco.infrastructure.adapter.secondary.presenter.rest.HttpPresenterAdapter",
                "message": "The error response is: {"data":[],"errors":["source cannot be null"]}"
                }{
                "correlationId": "892be8ca-583c-41c7-9ede-d77355fefc2a",
                "timestamp": "2026-03-22T07:59:00.907",
                "level": "ERROR",
                "thread": "http-nio-8085-exec-8",
                "logger": "co.edu.uco.infrastructure.adapter.secondary.presenter.rest.HttpPresenterAdapter",
                "message": "The error response is: {"data":[],"errors":["source cannot be null"]}"
                }{
                "correlationId": "283b409c-d504-4898-91c2-b988aadac09d",
                "timestamp": "2026-03-22T07:59:07.044",
                "level": "ERROR",
                "thread": "http-nio-8085-exec-1",
                "logger": "co.edu.uco.infrastructure.adapter.secondary.presenter.rest.HttpPresenterAdapter",
                "message": "The error response is: {"data":[],"errors":["source cannot be null"]}"
                }{
                "correlationId": "201d9385-9cc7-4b8d-9951-45f133d42d3e",
                "timestamp": "2026-03-22T08:24:42.421",
                "level": "ERROR",
                "thread": "http-nio-8085-exec-6",
                "logger": "co.edu.uco.infrastructure.adapter.secondary.presenter.rest.HttpPresenterAdapter",
                "message": "The error response is: {"data":[],"errors":["source cannot be null"]}"
                }{
                "correlationId": "d00c1670-bfb8-40c0-94be-5d3a4e568087",
                "timestamp": "2026-03-22T08:25:09.098",
                "level": "ERROR",
                "thread": "http-nio-8085-exec-8",
                "logger": "co.edu.uco.infrastructure.adapter.secondary.presenter.rest.HttpPresenterAdapter",
                "message": "The error response is: {"data":[],"errors":["The date to be converted has no valid format."]}"
                }{
                "correlationId": "6ed21263-74c8-442d-a158-285c13283bfc",
                "timestamp": "2026-03-22T08:25:12.108",
                "level": "ERROR",
                "thread": "http-nio-8085-exec-10",
                "logger": "co.edu.uco.infrastructure.adapter.secondary.presenter.rest.HttpPresenterAdapter",
                "message": "The error response is: {"data":[],"errors":["source cannot be null"]}"
                }{
                "correlationId": "553c146b-6f6f-45d0-b59c-03587387a5e9",
                "timestamp": "2026-03-22T08:25:36.539",
                "level": "ERROR",
                "thread": "http-nio-8085-exec-1",
                "logger": "co.edu.uco.infrastructure.adapter.secondary.presenter.rest.HttpPresenterAdapter",
                "message": "The error response is: {"data":[],"errors":["source cannot be null"]}"
                }{
                "correlationId": "9cbb0025-108f-4d7f-84d0-bc0cf7791b88",
                "timestamp": "2026-03-22T08:39:11.132",
                "level": "ERROR",
                "thread": "http-nio-8085-exec-7",
                "logger": "co.edu.uco.infrastructure.adapter.secondary.presenter.rest.HttpPresenterAdapter",
                "message": "The error response is: {"data":[],"errors":["source cannot be null"]}"
                }{
                "correlationId": "effadfc8-bf8a-4421-a7ce-9457fcdb1c9a",
                "timestamp": "2026-03-22T08:46:35.278",
                "level": "ERROR",
                "thread": "http-nio-8085-exec-4",
                "logger": "co.edu.uco.infrastructure.adapter.secondary.presenter.rest.HttpPresenterAdapter",
                "message": "The error response is: {"data":[],"errors":["source cannot be null"]}"
                }{
                "correlationId": "",
                "timestamp": "2026-03-22T08:50:37.587",
                "level": "INFO",
                "thread": "main",
                "logger": "co.edu.uco.infrastructure.init.CrossWordApplication",
                "message": "Starting CrossWordApplication v0.0.1-SNAPSHOT using Java 17.0.18 with PID 7 (/app/app.jar started by root in /app)"
                }{
                "correlationId": "",
                "timestamp": "2026-03-22T08:50:37.591",
                "level": "INFO",
                "thread": "main",
                "logger": "co.edu.uco.infrastructure.init.CrossWordApplication",
                "message": "No active profile set, falling back to 1 default profile: "default""
                }{
                "correlationId": "",
                "timestamp": "2026-03-22T08:50:38.423",
                "level": "INFO",
                "thread": "main",
                "logger": "org.springframework.data.repository.config.RepositoryConfigurationDelegate",
                "message": "Multiple Spring Data modules found, entering strict repository configuration mode"
                }{
                "correlationId": "",
                "timestamp": "2026-03-22T08:50:38.424",
                "level": "INFO",
                "thread": "main",
                "logger": "org.springframework.data.repository.config.RepositoryConfigurationDelegate",
                "message": "Bootstrapping Spring Data Redis repositories in DEFAULT mode."
                }{
                "correlationId": "",
                "timestamp": "2026-03-22T08:50:38.464",
                "level": "INFO",
                "thread": "main",
                "logger": "org.springframework.data.repository.config.RepositoryConfigurationExtensionSupport",
                "message": "Spring Data Redis - Could not safely identify store assignment for repository candidate interface co.edu.uco.infrastructure.adapter.secondary.repository.mongo.EnvironmentRepositoryAdapter; If you want this repository to be a Redis repository, consider annotating your entities with one of these annotations: org.springframework.data.redis.core.RedisHash (preferred), or consider extending one of the following types with your repository: org.springframework.data.keyvalue.repository.KeyValueRepository"
                }{
                "correlationId": "",
                "timestamp": "2026-03-22T08:50:38.465",
                "level": "INFO",
                "thread": "main",
                "logger": "org.springframework.data.repository.config.RepositoryConfigurationExtensionSupport",
                "message": "Spring Data Redis - Could not safely identify store assignment for repository candidate interface co.edu.uco.infrastructure.adapter.secondary.repository.mongo.TokenStateMongoRepositoryAdapter; If you want this repository to be a Redis repository, consider annotating your entities with one of these annotations: org.springframework.data.redis.core.RedisHash (preferred), or consider extending one of the following types with your repository: org.springframework.data.keyvalue.repository.KeyValueRepository"
                }{
                "correlationId": "",
                "timestamp": "2026-03-22T08:50:38.467",
                "level": "INFO",
                "thread": "main",
                "logger": "org.springframework.data.repository.config.RepositoryConfigurationExtensionSupport",
                "message": "Spring Data Redis - Could not safely identify store assignment for repository candidate interface co.edu.uco.infrastructure.adapter.secondary.repository.mongo.TokenMongoRepositoryAdapter; If you want this repository to be a Redis repository, consider annotating your entities with one of these annotations: org.springframework.data.redis.core.RedisHash (preferred), or consider extending one of the following types with your repository: org.springframework.data.keyvalue.repository.KeyValueRepository"
                }{
                "correlationId": "",
                "timestamp": "2026-03-22T08:50:38.468",
                "level": "INFO",
                "thread": "main",
                "logger": "org.springframework.data.repository.config.RepositoryConfigurationExtensionSupport",
                "message": "Spring Data Redis - Could not safely identify store assignment for repository candidate interface co.edu.uco.infrastructure.adapter.secondary.repository.mongo.EnvironmentMongoRepositoryAdapter; If you want this repository to be a Redis repository, consider annotating your entities with one of these annotations: org.springframework.data.redis.core.RedisHash (preferred), or consider extending one of the following types with your repository: org.springframework.data.keyvalue.repository.KeyValueRepository"
                }{
                "correlationId": "",
                "timestamp": "2026-03-22T08:50:38.471",
                "level": "INFO",
                "thread": "main",
                "logger": "org.springframework.data.repository.config.RepositoryConfigurationExtensionSupport",
                "message": "Spring Data Redis - Could not safely identify store assignment for repository candidate interface co.edu.uco.infrastructure.adapter.secondary.repository.postgresql.TokenPostgresSQLRepositoryAdapter; If you want this repository to be a Redis repository, consider annotating your entities with one of these annotations: org.springframework.data.redis.core.RedisHash (preferred), or consider extending one of the following types with your repository: org.springframework.data.keyvalue.repository.KeyValueRepository"
                }{
                "correlationId": "",
                "timestamp": "2026-03-22T08:50:38.501",
                "level": "INFO",
                "thread": "main",
                "logger": "org.springframework.data.repository.config.RepositoryConfigurationDelegate",
                "message": "Finished Spring Data repository scanning in 59 ms. Found 1 Redis repository interface."
                }{
                "correlationId": "",
                "timestamp": "2026-03-22T08:50:38.504",
                "level": "INFO",
                "thread": "main",
                "logger": "org.springframework.data.repository.config.RepositoryConfigurationDelegate",
                "message": "Multiple Spring Data modules found, entering strict repository configuration mode"
                }{
                "correlationId": "",
                "timestamp": "2026-03-22T08:50:38.504",
                "level": "INFO",
                "thread": "main",
                "logger": "org.springframework.data.repository.config.RepositoryConfigurationDelegate",
                "message": "Bootstrapping Spring Data JPA repositories in DEFAULT mode."
                }{
                "correlationId": "",
                "timestamp": "2026-03-22T08:50:38.516",
                "level": "INFO",
                "thread": "main",
                "logger": "org.springframework.data.repository.config.RepositoryConfigurationDelegate",
                "message": "Finished Spring Data repository scanning in 7 ms. Found 1 JPA repository interface."
                }{
                "correlationId": "",
                "timestamp": "2026-03-22T08:50:38.518",
                "level": "INFO",
                "thread": "main",
                "logger": "org.springframework.data.repository.config.RepositoryConfigurationDelegate",
                "message": "Multiple Spring Data modules found, entering strict repository configuration mode"
                }{
                "correlationId": "",
                "timestamp": "2026-03-22T08:50:38.519",
                "level": "INFO",
                "thread": "main",
                "logger": "org.springframework.data.repository.config.RepositoryConfigurationDelegate",
                "message": "Bootstrapping Spring Data MongoDB repositories in DEFAULT mode."
                }{
                "correlationId": "",
                "timestamp": "2026-03-22T08:50:38.523",
                "level": "INFO",
                "thread": "main",
                "logger": "org.springframework.data.repository.config.RepositoryConfigurationExtensionSupport",
                "message": "Spring Data MongoDB - Could not safely identify store assignment for repository candidate interface co.edu.uco.infrastructure.adapter.secondary.repository.postgresql.TokenPostgresSQLRepositoryAdapter; If you want this repository to be a MongoDB repository, consider annotating your entities with one of these annotations: org.springframework.data.mongodb.core.mapping.Document (preferred), or consider extending one of the following types with your repository: org.springframework.data.mongodb.repository.MongoRepository"
                }{
                "correlationId": "",
                "timestamp": "2026-03-22T08:50:38.524",
                "level": "INFO",
                "thread": "main",
                "logger": "org.springframework.data.repository.config.RepositoryConfigurationExtensionSupport",
                "message": "Spring Data MongoDB - Could not safely identify store assignment for repository candidate interface co.edu.uco.infrastructure.adapter.secondary.repository.redis.RedisRepositoryAdapter; If you want this repository to be a MongoDB repository, consider annotating your entities with one of these annotations: org.springframework.data.mongodb.core.mapping.Document (preferred), or consider extending one of the following types with your repository: org.springframework.data.mongodb.repository.MongoRepository"
                }{
                "correlationId": "",
                "timestamp": "2026-03-22T08:50:38.529",
                "level": "INFO",
                "thread": "main",
                "logger": "org.springframework.data.repository.config.RepositoryConfigurationDelegate",
                "message": "Finished Spring Data repository scanning in 9 ms. Found 4 MongoDB repository interfaces."
                }{
                "correlationId": "",
                "timestamp": "2026-03-22T08:50:39.709",
                "level": "INFO",
                "thread": "main",
                "logger": "org.springframework.boot.web.embedded.tomcat.TomcatWebServer",
                "message": "Tomcat initialized with port 8085 (http)"
                }{
                "correlationId": "",
                "timestamp": "2026-03-22T08:50:39.721",
                "level": "INFO",
                "thread": "main",
                "logger": "org.apache.coyote.http11.Http11NioProtocol",
                "message": "Initializing ProtocolHandler ["http-nio-8085"]"
                }{
                "correlationId": "",
                "timestamp": "2026-03-22T08:50:39.723",
                "level": "INFO",
                "thread": "main",
                "logger": "org.apache.catalina.core.StandardService",
                "message": "Starting service [Tomcat]"
                }{
                "correlationId": "",
                "timestamp": "2026-03-22T08:50:39.724",
                "level": "INFO",
                "thread": "main",
                "logger": "org.apache.catalina.core.StandardEngine",
                "message": "Starting Servlet engine: [Apache Tomcat/10.1.20]"
                }{
                "correlationId": "",
                "timestamp": "2026-03-22T08:50:39.765",
                "level": "INFO",
                "thread": "main",
                "logger": "org.apache.catalina.core.ContainerBase.[Tomcat].[localhost].[/]",
                "message": "Initializing Spring embedded WebApplicationContext"
                }{
                "correlationId": "",
                "timestamp": "2026-03-22T08:50:39.766",
                "level": "INFO",
                "thread": "main",
                "logger": "org.springframework.boot.web.servlet.context.ServletWebServerApplicationContext",
                "message": "Root WebApplicationContext: initialization completed in 2124 ms"
                }{
                "correlationId": "",
                "timestamp": "2026-03-22T08:50:40.005",
                "level": "INFO",
                "thread": "main",
                "logger": "org.hibernate.jpa.internal.util.LogHelper",
                "message": "HHH000204: Processing PersistenceUnitInfo [name: default]"
                }{
                "correlationId": "",
                "timestamp": "2026-03-22T08:50:40.090",
                "level": "INFO",
                "thread": "main",
                "logger": "org.hibernate.Version",
                "message": "HHH000412: Hibernate ORM core version 6.4.4.Final"
                }{
                "correlationId": "",
                "timestamp": "2026-03-22T08:50:40.136",
                "level": "INFO",
                "thread": "main",
                "logger": "org.hibernate.cache.internal.RegionFactoryInitiator",
                "message": "HHH000026: Second-level cache disabled"
                }{
                "correlationId": "",
                "timestamp": "2026-03-22T08:50:40.480",
                "level": "INFO",
                "thread": "main",
                "logger": "org.springframework.orm.jpa.persistenceunit.SpringPersistenceUnitInfo",
                "message": "No LoadTimeWeaver setup: ignoring JPA class transformer"
                }{
                "correlationId": "",
                "timestamp": "2026-03-22T08:50:40.780",
                "level": "WARN",
                "thread": "main",
                "logger": "org.hibernate.orm.deprecation",
                "message": "HHH90000025: PostgreSQLDialect does not need to be specified explicitly using 'hibernate.dialect' (remove the property setting and it will be selected by default)"
                }{
                "correlationId": "",
                "timestamp": "2026-03-22T08:50:41.908",
                "level": "INFO",
                "thread": "main",
                "logger": "org.hibernate.engine.transaction.jta.platform.internal.JtaPlatformInitiator",
                "message": "HHH000489: No JTA platform available (set 'hibernate.transaction.jta.platform' to enable JTA platform integration)"
                }{
                "correlationId": "",
                "timestamp": "2026-03-22T08:50:41.914",
                "level": "INFO",
                "thread": "main",
                "logger": "org.springframework.orm.jpa.LocalContainerEntityManagerFactoryBean",
                "message": "Initialized JPA EntityManagerFactory for persistence unit 'default'"
                }{
                "correlationId": "",
                "timestamp": "2026-03-22T08:50:44.041",
                "level": "WARN",
                "thread": "main",
                "logger": "org.springframework.boot.autoconfigure.orm.jpa.JpaBaseConfiguration$JpaWebConfiguration",
                "message": "spring.jpa.open-in-view is enabled by default. Therefore, database queries may be performed during view rendering. Explicitly configure spring.jpa.open-in-view to disable this warning"
                }{
                "correlationId": "",
                "timestamp": "2026-03-22T08:50:44.901",
                "level": "INFO",
                "thread": "main",
                "logger": "org.springframework.boot.actuate.endpoint.web.EndpointLinksResolver",
                "message": "Exposing 3 endpoint(s) beneath base path '/actuator'"
                }{
                "correlationId": "",
                "timestamp": "2026-03-22T08:50:44.964",
                "level": "INFO",
                "thread": "main",
                "logger": "org.apache.coyote.http11.Http11NioProtocol",
                "message": "Starting ProtocolHandler ["http-nio-8085"]"
                }{
                "correlationId": "",
                "timestamp": "2026-03-22T08:50:44.977",
                "level": "INFO",
                "thread": "main",
                "logger": "org.springframework.boot.web.embedded.tomcat.TomcatWebServer",
                "message": "Tomcat started on port 8085 (http) with context path ''"
                }{
                "correlationId": "",
                "timestamp": "2026-03-22T08:50:44.992",
                "level": "INFO",
                "thread": "main",
                "logger": "co.edu.uco.infrastructure.init.CrossWordApplication",
                "message": "Started CrossWordApplication in 14.626 seconds (process running for 15.581)"
                }{
                "correlationId": "",
                "timestamp": "2026-03-22T08:50:47.446",
                "level": "INFO",
                "thread": "http-nio-8085-exec-1",
                "logger": "org.apache.catalina.core.ContainerBase.[Tomcat].[localhost].[/]",
                "message": "Initializing Spring DispatcherServlet 'dispatcherServlet'"
                }{
                "correlationId": "",
                "timestamp": "2026-03-22T08:50:47.447",
                "level": "INFO",
                "thread": "http-nio-8085-exec-1",
                "logger": "org.springframework.web.servlet.DispatcherServlet",
                "message": "Initializing Servlet 'dispatcherServlet'"
                }{
                "correlationId": "",
                "timestamp": "2026-03-22T08:50:47.450",
                "level": "INFO",
                "thread": "http-nio-8085-exec-1",
                "logger": "org.springframework.web.servlet.DispatcherServlet",
                "message": "Completed initialization in 2 ms"
                }{
                "correlationId": "d6edcdaf-14a2-4675-b54b-f54b447e6a1e",
                "timestamp": "2026-03-22T08:50:49.351",
                "level": "ERROR",
                "thread": "http-nio-8085-exec-2",
                "logger": "co.edu.uco.infrastructure.adapter.secondary.presenter.rest.HttpPresenterAdapter",
                "message": "The error response is: {"data":[],"errors":["source cannot be null"]}"
                }{
                "correlationId": "5b601d8d-bcc0-48e7-830b-d3a05a10b1ae",
                "timestamp": "2026-03-22T08:50:52.776",
                "level": "ERROR",
                "thread": "http-nio-8085-exec-5",
                "logger": "co.edu.uco.infrastructure.adapter.secondary.presenter.rest.HttpPresenterAdapter",
                "message": "The error response is: {"data":[],"errors":["source cannot be null"]}"
                }{
                "correlationId": "",
                "timestamp": "2026-03-22T23:33:41.974",
                "level": "INFO",
                "thread": "main",
                "logger": "co.edu.uco.infrastructure.init.CrossWordApplication",
                "message": "Starting CrossWordApplication v0.0.1-SNAPSHOT using Java 17.0.18 with PID 6 (/app/app.jar started by root in /app)"
                }{
                "correlationId": "",
                "timestamp": "2026-03-22T23:33:41.977",
                "level": "INFO",
                "thread": "main",
                "logger": "co.edu.uco.infrastructure.init.CrossWordApplication",
                "message": "No active profile set, falling back to 1 default profile: "default""
                }{
                "correlationId": "",
                "timestamp": "2026-03-22T23:33:42.886",
                "level": "INFO",
                "thread": "main",
                "logger": "org.springframework.data.repository.config.RepositoryConfigurationDelegate",
                "message": "Multiple Spring Data modules found, entering strict repository configuration mode"
                }{
                "correlationId": "",
                "timestamp": "2026-03-22T23:33:42.887",
                "level": "INFO",
                "thread": "main",
                "logger": "org.springframework.data.repository.config.RepositoryConfigurationDelegate",
                "message": "Bootstrapping Spring Data Redis repositories in DEFAULT mode."
                }{
                "correlationId": "",
                "timestamp": "2026-03-22T23:33:42.924",
                "level": "INFO",
                "thread": "main",
                "logger": "org.springframework.data.repository.config.RepositoryConfigurationExtensionSupport",
                "message": "Spring Data Redis - Could not safely identify store assignment for repository candidate interface co.edu.uco.infrastructure.adapter.secondary.repository.mongo.EnvironmentRepositoryAdapter; If you want this repository to be a Redis repository, consider annotating your entities with one of these annotations: org.springframework.data.redis.core.RedisHash (preferred), or consider extending one of the following types with your repository: org.springframework.data.keyvalue.repository.KeyValueRepository"
                }{
                "correlationId": "",
                "timestamp": "2026-03-22T23:33:42.926",
                "level": "INFO",
                "thread": "main",
                "logger": "org.springframework.data.repository.config.RepositoryConfigurationExtensionSupport",
                "message": "Spring Data Redis - Could not safely identify store assignment for repository candidate interface co.edu.uco.infrastructure.adapter.secondary.repository.mongo.TokenStateMongoRepositoryAdapter; If you want this repository to be a Redis repository, consider annotating your entities with one of these annotations: org.springframework.data.redis.core.RedisHash (preferred), or consider extending one of the following types with your repository: org.springframework.data.keyvalue.repository.KeyValueRepository"
                }{
                "correlationId": "",
                "timestamp": "2026-03-22T23:33:42.929",
                "level": "INFO",
                "thread": "main",
                "logger": "org.springframework.data.repository.config.RepositoryConfigurationExtensionSupport",
                "message": "Spring Data Redis - Could not safely identify store assignment for repository candidate interface co.edu.uco.infrastructure.adapter.secondary.repository.mongo.TokenMongoRepositoryAdapter; If you want this repository to be a Redis repository, consider annotating your entities with one of these annotations: org.springframework.data.redis.core.RedisHash (preferred), or consider extending one of the following types with your repository: org.springframework.data.keyvalue.repository.KeyValueRepository"
                }{
                "correlationId": "",
                "timestamp": "2026-03-22T23:33:42.930",
                "level": "INFO",
                "thread": "main",
                "logger": "org.springframework.data.repository.config.RepositoryConfigurationExtensionSupport",
                "message": "Spring Data Redis - Could not safely identify store assignment for repository candidate interface co.edu.uco.infrastructure.adapter.secondary.repository.mongo.EnvironmentMongoRepositoryAdapter; If you want this repository to be a Redis repository, consider annotating your entities with one of these annotations: org.springframework.data.redis.core.RedisHash (preferred), or consider extending one of the following types with your repository: org.springframework.data.keyvalue.repository.KeyValueRepository"
                }{
                "correlationId": "",
                "timestamp": "2026-03-22T23:33:42.933",
                "level": "INFO",
                "thread": "main",
                "logger": "org.springframework.data.repository.config.RepositoryConfigurationExtensionSupport",
                "message": "Spring Data Redis - Could not safely identify store assignment for repository candidate interface co.edu.uco.infrastructure.adapter.secondary.repository.postgresql.TokenPostgresSQLRepositoryAdapter; If you want this repository to be a Redis repository, consider annotating your entities with one of these annotations: org.springframework.data.redis.core.RedisHash (preferred), or consider extending one of the following types with your repository: org.springframework.data.keyvalue.repository.KeyValueRepository"
                }{
                "correlationId": "",
                "timestamp": "2026-03-22T23:33:42.962",
                "level": "INFO",
                "thread": "main",
                "logger": "org.springframework.data.repository.config.RepositoryConfigurationDelegate",
                "message": "Finished Spring Data repository scanning in 57 ms. Found 1 Redis repository interface."
                }{
                "correlationId": "",
                "timestamp": "2026-03-22T23:33:42.965",
                "level": "INFO",
                "thread": "main",
                "logger": "org.springframework.data.repository.config.RepositoryConfigurationDelegate",
                "message": "Multiple Spring Data modules found, entering strict repository configuration mode"
                }{
                "correlationId": "",
                "timestamp": "2026-03-22T23:33:42.966",
                "level": "INFO",
                "thread": "main",
                "logger": "org.springframework.data.repository.config.RepositoryConfigurationDelegate",
                "message": "Bootstrapping Spring Data JPA repositories in DEFAULT mode."
                }{
                "correlationId": "",
                "timestamp": "2026-03-22T23:33:42.976",
                "level": "INFO",
                "thread": "main",
                "logger": "org.springframework.data.repository.config.RepositoryConfigurationDelegate",
                "message": "Finished Spring Data repository scanning in 5 ms. Found 1 JPA repository interface."
                }{
                "correlationId": "",
                "timestamp": "2026-03-22T23:33:42.979",
                "level": "INFO",
                "thread": "main",
                "logger": "org.springframework.data.repository.config.RepositoryConfigurationDelegate",
                "message": "Multiple Spring Data modules found, entering strict repository configuration mode"
                }{
                "correlationId": "",
                "timestamp": "2026-03-22T23:33:42.979",
                "level": "INFO",
                "thread": "main",
                "logger": "org.springframework.data.repository.config.RepositoryConfigurationDelegate",
                "message": "Bootstrapping Spring Data MongoDB repositories in DEFAULT mode."
                }{
                "correlationId": "",
                "timestamp": "2026-03-22T23:33:42.983",
                "level": "INFO",
                "thread": "main",
                "logger": "org.springframework.data.repository.config.RepositoryConfigurationExtensionSupport",
                "message": "Spring Data MongoDB - Could not safely identify store assignment for repository candidate interface co.edu.uco.infrastructure.adapter.secondary.repository.postgresql.TokenPostgresSQLRepositoryAdapter; If you want this repository to be a MongoDB repository, consider annotating your entities with one of these annotations: org.springframework.data.mongodb.core.mapping.Document (preferred), or consider extending one of the following types with your repository: org.springframework.data.mongodb.repository.MongoRepository"
                }{
                "correlationId": "",
                "timestamp": "2026-03-22T23:33:42.984",
                "level": "INFO",
                "thread": "main",
                "logger": "org.springframework.data.repository.config.RepositoryConfigurationExtensionSupport",
                "message": "Spring Data MongoDB - Could not safely identify store assignment for repository candidate interface co.edu.uco.infrastructure.adapter.secondary.repository.redis.RedisRepositoryAdapter; If you want this repository to be a MongoDB repository, consider annotating your entities with one of these annotations: org.springframework.data.mongodb.core.mapping.Document (preferred), or consider extending one of the following types with your repository: org.springframework.data.mongodb.repository.MongoRepository"
                }{
                "correlationId": "",
                "timestamp": "2026-03-22T23:33:42.989",
                "level": "INFO",
                "thread": "main",
                "logger": "org.springframework.data.repository.config.RepositoryConfigurationDelegate",
                "message": "Finished Spring Data repository scanning in 8 ms. Found 4 MongoDB repository interfaces."
                }{
                "correlationId": "",
                "timestamp": "2026-03-22T23:33:44.302",
                "level": "INFO",
                "thread": "main",
                "logger": "org.springframework.boot.web.embedded.tomcat.TomcatWebServer",
                "message": "Tomcat initialized with port 8085 (http)"
                }{
                "correlationId": "",
                "timestamp": "2026-03-22T23:33:44.316",
                "level": "INFO",
                "thread": "main",
                "logger": "org.apache.coyote.http11.Http11NioProtocol",
                "message": "Initializing ProtocolHandler ["http-nio-8085"]"
                }{
                "correlationId": "",
                "timestamp": "2026-03-22T23:33:44.318",
                "level": "INFO",
                "thread": "main",
                "logger": "org.apache.catalina.core.StandardService",
                "message": "Starting service [Tomcat]"
                }{
                "correlationId": "",
                "timestamp": "2026-03-22T23:33:44.319",
                "level": "INFO",
                "thread": "main",
                "logger": "org.apache.catalina.core.StandardEngine",
                "message": "Starting Servlet engine: [Apache Tomcat/10.1.20]"
                }{
                "correlationId": "",
                "timestamp": "2026-03-22T23:33:44.362",
                "level": "INFO",
                "thread": "main",
                "logger": "org.apache.catalina.core.ContainerBase.[Tomcat].[localhost].[/]",
                "message": "Initializing Spring embedded WebApplicationContext"
                }{
                "correlationId": "",
                "timestamp": "2026-03-22T23:33:44.363",
                "level": "INFO",
                "thread": "main",
                "logger": "org.springframework.boot.web.servlet.context.ServletWebServerApplicationContext",
                "message": "Root WebApplicationContext: initialization completed in 2345 ms"
                }{
                "correlationId": "",
                "timestamp": "2026-03-22T23:33:44.654",
                "level": "INFO",
                "thread": "main",
                "logger": "org.hibernate.jpa.internal.util.LogHelper",
                "message": "HHH000204: Processing PersistenceUnitInfo [name: default]"
                }{
                "correlationId": "",
                "timestamp": "2026-03-22T23:33:44.752",
                "level": "INFO",
                "thread": "main",
                "logger": "org.hibernate.Version",
                "message": "HHH000412: Hibernate ORM core version 6.4.4.Final"
                }{
                "correlationId": "",
                "timestamp": "2026-03-22T23:33:44.795",
                "level": "INFO",
                "thread": "main",
                "logger": "org.hibernate.cache.internal.RegionFactoryInitiator",
                "message": "HHH000026: Second-level cache disabled"
                }{
                "correlationId": "",
                "timestamp": "2026-03-22T23:33:45.105",
                "level": "INFO",
                "thread": "main",
                "logger": "org.springframework.orm.jpa.persistenceunit.SpringPersistenceUnitInfo",
                "message": "No LoadTimeWeaver setup: ignoring JPA class transformer"
                }{
                "correlationId": "",
                "timestamp": "2026-03-22T23:33:45.298",
                "level": "WARN",
                "thread": "main",
                "logger": "org.hibernate.orm.deprecation",
                "message": "HHH90000025: PostgreSQLDialect does not need to be specified explicitly using 'hibernate.dialect' (remove the property setting and it will be selected by default)"
                }{
                "correlationId": "",
                "timestamp": "2026-03-22T23:33:45.926",
                "level": "INFO",
                "thread": "main",
                "logger": "org.hibernate.engine.transaction.jta.platform.internal.JtaPlatformInitiator",
                "message": "HHH000489: No JTA platform available (set 'hibernate.transaction.jta.platform' to enable JTA platform integration)"
                }{
                "correlationId": "",
                "timestamp": "2026-03-22T23:33:45.929",
                "level": "INFO",
                "thread": "main",
                "logger": "org.springframework.orm.jpa.LocalContainerEntityManagerFactoryBean",
                "message": "Initialized JPA EntityManagerFactory for persistence unit 'default'"
                }{
                "correlationId": "",
                "timestamp": "2026-03-22T23:33:47.703",
                "level": "WARN",
                "thread": "main",
                "logger": "org.springframework.boot.autoconfigure.orm.jpa.JpaBaseConfiguration$JpaWebConfiguration",
                "message": "spring.jpa.open-in-view is enabled by default. Therefore, database queries may be performed during view rendering. Explicitly configure spring.jpa.open-in-view to disable this warning"
                }{
                "correlationId": "",
                "timestamp": "2026-03-22T23:33:48.454",
                "level": "INFO",
                "thread": "main",
                "logger": "org.springframework.boot.actuate.endpoint.web.EndpointLinksResolver",
                "message": "Exposing 3 endpoint(s) beneath base path '/actuator'"
                }{
                "correlationId": "",
                "timestamp": "2026-03-22T23:33:48.506",
                "level": "INFO",
                "thread": "main",
                "logger": "org.apache.coyote.http11.Http11NioProtocol",
                "message": "Starting ProtocolHandler ["http-nio-8085"]"
                }{
                "correlationId": "",
                "timestamp": "2026-03-22T23:33:48.523",
                "level": "INFO",
                "thread": "main",
                "logger": "org.springframework.boot.web.embedded.tomcat.TomcatWebServer",
                "message": "Tomcat started on port 8085 (http) with context path ''"
                }{
                "correlationId": "",
                "timestamp": "2026-03-22T23:33:48.536",
                "level": "INFO",
                "thread": "main",
                "logger": "co.edu.uco.infrastructure.init.CrossWordApplication",
                "message": "Started CrossWordApplication in 16.379 seconds (process running for 18.259)"
                }{
                "correlationId": "",
                "timestamp": "2026-03-22T23:33:50.348",
                "level": "INFO",
                "thread": "http-nio-8085-exec-1",
                "logger": "org.apache.catalina.core.ContainerBase.[Tomcat].[localhost].[/]",
                "message": "Initializing Spring DispatcherServlet 'dispatcherServlet'"
                }{
                "correlationId": "",
                "timestamp": "2026-03-22T23:33:50.349",
                "level": "INFO",
                "thread": "http-nio-8085-exec-1",
                "logger": "org.springframework.web.servlet.DispatcherServlet",
                "message": "Initializing Servlet 'dispatcherServlet'"
                }{
                "correlationId": "",
                "timestamp": "2026-03-22T23:33:50.351",
                "level": "INFO",
                "thread": "http-nio-8085-exec-1",
                "logger": "org.springframework.web.servlet.DispatcherServlet",
                "message": "Completed initialization in 1 ms"
                }{
                "correlationId": "07bf0b89-c1e8-4807-93fd-d15b553670ea",
                "timestamp": "2026-03-22T23:35:56.444",
                "level": "ERROR",
                "thread": "http-nio-8085-exec-8",
                "logger": "co.edu.uco.infrastructure.adapter.secondary.presenter.rest.HttpPresenterAdapter",
                "message": "The error response is: {"data":[],"errors":["source cannot be null"]}"
                }{
                "correlationId": "8e23ebcf-6af9-4b72-bb88-66123478e973",
                "timestamp": "2026-03-22T23:37:13.541",
                "level": "ERROR",
                "thread": "http-nio-8085-exec-9",
                "logger": "co.edu.uco.infrastructure.adapter.secondary.presenter.rest.HttpPresenterAdapter",
                "message": "The error response is: {"data":[],"errors":["source cannot be null"]}"
                }{
                "correlationId": "565f46b0-c49d-4c20-bb52-da90b53173a1",
                "timestamp": "2026-03-22T23:41:04.255",
                "level": "ERROR",
                "thread": "http-nio-8085-exec-6",
                "logger": "co.edu.uco.infrastructure.adapter.secondary.presenter.rest.HttpPresenterAdapter",
                "message": "The error response is: {"data":[],"errors":["The environment does not exist."]}"
                }{
                "correlationId": "6e18c889-e884-4b55-9da7-d6b8ef2060ea",
                "timestamp": "2026-03-22T23:41:31.886",
                "level": "ERROR",
                "thread": "http-nio-8085-exec-7",
                "logger": "co.edu.uco.infrastructure.adapter.secondary.presenter.rest.HttpPresenterAdapter",
                "message": "The error response is: {"data":[],"errors":["The environment does not exist."]}"
                }{
                "correlationId": "3dd0d37c-3cb3-4783-a2e3-ad8a1b604182",
                "timestamp": "2026-03-22T23:51:47.138",
                "level": "ERROR",
                "thread": "http-nio-8085-exec-2",
                "logger": "co.edu.uco.infrastructure.adapter.secondary.presenter.rest.HttpPresenterAdapter",
                "message": "The error response is: {"data":[],"errors":["source cannot be null"]}"
                }{
                "correlationId": "072bc578-da85-471b-99c6-ded6c305b5e8",
                "timestamp": "2026-03-22T23:51:56.468",
                "level": "ERROR",
                "thread": "http-nio-8085-exec-9",
                "logger": "co.edu.uco.infrastructure.adapter.secondary.presenter.rest.HttpPresenterAdapter",
                "message": "The error response is: {"data":[],"errors":["The environment does not exist."]}"
                }