{
                "correlationId": "",
                "timestamp": "2026-08-15T02:12:03.294",
                "level": "INFO",
                "thread": "main",
                "logger": "co.edu.uco.init.CrossWordApplication",
                "message": "Starting CrossWordApplication v0.0.1-SNAPSHOT using Java 21.0.11 with PID 7 (/app/app.jar started by root in /app)"
                }{
                "correlationId": "",
                "timestamp": "2026-08-15T02:12:03.313",
                "level": "INFO",
                "thread": "main",
                "logger": "co.edu.uco.init.CrossWordApplication",
                "message": "No active profile set, falling back to 1 default profile: "default""
                }{
                "correlationId": "",
                "timestamp": "2026-08-15T02:12:04.046",
                "level": "INFO",
                "thread": "main",
                "logger": "org.springframework.data.repository.config.RepositoryConfigurationDelegate",
                "message": "Multiple Spring Data modules found, entering strict repository configuration mode"
                }{
                "correlationId": "",
                "timestamp": "2026-08-15T02:12:04.047",
                "level": "INFO",
                "thread": "main",
                "logger": "org.springframework.data.repository.config.RepositoryConfigurationDelegate",
                "message": "Bootstrapping Spring Data Redis repositories in DEFAULT mode."
                }{
                "correlationId": "",
                "timestamp": "2026-08-15T02:12:04.106",
                "level": "INFO",
                "thread": "main",
                "logger": "org.springframework.data.repository.config.RepositoryConfigurationDelegate",
                "message": "Finished Spring Data repository scanning in 43 ms. Found 1 Redis repository interface."
                }{
                "correlationId": "",
                "timestamp": "2026-08-15T02:12:05.194",
                "level": "INFO",
                "thread": "main",
                "logger": "org.springframework.boot.web.embedded.tomcat.TomcatWebServer",
                "message": "Tomcat initialized with port 8085 (http)"
                }{
                "correlationId": "",
                "timestamp": "2026-08-15T02:12:05.207",
                "level": "INFO",
                "thread": "main",
                "logger": "org.apache.coyote.http11.Http11NioProtocol",
                "message": "Initializing ProtocolHandler ["http-nio-8085"]"
                }{
                "correlationId": "",
                "timestamp": "2026-08-15T02:12:05.210",
                "level": "INFO",
                "thread": "main",
                "logger": "org.apache.catalina.core.StandardService",
                "message": "Starting service [Tomcat]"
                }{
                "correlationId": "",
                "timestamp": "2026-08-15T02:12:05.211",
                "level": "INFO",
                "thread": "main",
                "logger": "org.apache.catalina.core.StandardEngine",
                "message": "Starting Servlet engine: [Apache Tomcat/10.1.20]"
                }{
                "correlationId": "",
                "timestamp": "2026-08-15T02:12:05.243",
                "level": "INFO",
                "thread": "main",
                "logger": "org.apache.catalina.core.ContainerBase.[Tomcat].[localhost].[/]",
                "message": "Initializing Spring embedded WebApplicationContext"
                }{
                "correlationId": "",
                "timestamp": "2026-08-15T02:12:05.244",
                "level": "INFO",
                "thread": "main",
                "logger": "org.springframework.boot.web.servlet.context.ServletWebServerApplicationContext",
                "message": "Root WebApplicationContext: initialization completed in 1884 ms"
                }{
                "correlationId": "",
                "timestamp": "2026-08-15T02:12:06.124",
                "level": "INFO",
                "thread": "main",
                "logger": "co.edu.uco.infraestructure.config.SurrealDBConfig",
                "message": "Connecting to SurrealDB at: ws://surrealdb-messageucolab:8005/rpc"
                }{
                "correlationId": "",
                "timestamp": "2026-08-15T02:12:06.402",
                "level": "INFO",
                "thread": "main",
                "logger": "co.edu.uco.infraestructure.config.SurrealDBConfig",
                "message": "Successfully signed in to SurrealDB"
                }{
                "correlationId": "",
                "timestamp": "2026-08-15T02:12:06.404",
                "level": "INFO",
                "thread": "main",
                "logger": "co.edu.uco.infraestructure.config.SurrealDBConfig",
                "message": "Using namespace: messageucolab and database: messageucolab"
                }{
                "correlationId": "",
                "timestamp": "2026-08-15T02:12:06.652",
                "level": "INFO",
                "thread": "main",
                "logger": "com.azure.identity.EnvironmentCredential",
                "message": "Azure Identity => EnvironmentCredential invoking ClientSecretCredential"
                }{
                "correlationId": "",
                "timestamp": "2026-08-15T02:12:07.488",
                "level": "INFO",
                "thread": "main",
                "logger": "org.springframework.boot.actuate.endpoint.web.EndpointLinksResolver",
                "message": "Exposing 3 endpoint(s) beneath base path '/actuator'"
                }{
                "correlationId": "",
                "timestamp": "2026-08-15T02:12:07.542",
                "level": "INFO",
                "thread": "main",
                "logger": "org.apache.coyote.http11.Http11NioProtocol",
                "message": "Starting ProtocolHandler ["http-nio-8085"]"
                }{
                "correlationId": "",
                "timestamp": "2026-08-15T02:12:07.575",
                "level": "INFO",
                "thread": "main",
                "logger": "org.springframework.boot.web.embedded.tomcat.TomcatWebServer",
                "message": "Tomcat started on port 8085 (http) with context path ''"
                }{
                "correlationId": "",
                "timestamp": "2026-08-15T02:12:07.594",
                "level": "INFO",
                "thread": "main",
                "logger": "co.edu.uco.init.CrossWordApplication",
                "message": "Started CrossWordApplication in 15.442 seconds (process running for 16.199)"
                }{
                "correlationId": "",
                "timestamp": "2026-08-15T02:13:03.607",
                "level": "INFO",
                "thread": "main",
                "logger": "co.edu.uco.init.CrossWordApplication",
                "message": "Starting CrossWordApplication v0.0.1-SNAPSHOT using Java 21.0.11 with PID 7 (/app/app.jar started by root in /app)"
                }{
                "correlationId": "",
                "timestamp": "2026-08-15T02:13:03.609",
                "level": "INFO",
                "thread": "main",
                "logger": "co.edu.uco.init.CrossWordApplication",
                "message": "No active profile set, falling back to 1 default profile: "default""
                }{
                "correlationId": "",
                "timestamp": "2026-08-15T02:13:04.245",
                "level": "INFO",
                "thread": "main",
                "logger": "org.springframework.data.repository.config.RepositoryConfigurationDelegate",
                "message": "Multiple Spring Data modules found, entering strict repository configuration mode"
                }{
                "correlationId": "",
                "timestamp": "2026-08-15T02:13:04.246",
                "level": "INFO",
                "thread": "main",
                "logger": "org.springframework.data.repository.config.RepositoryConfigurationDelegate",
                "message": "Bootstrapping Spring Data Redis repositories in DEFAULT mode."
                }{
                "correlationId": "",
                "timestamp": "2026-08-15T02:13:04.332",
                "level": "INFO",
                "thread": "main",
                "logger": "org.springframework.data.repository.config.RepositoryConfigurationDelegate",
                "message": "Finished Spring Data repository scanning in 72 ms. Found 1 Redis repository interface."
                }{
                "correlationId": "",
                "timestamp": "2026-08-15T02:13:06.174",
                "level": "INFO",
                "thread": "main",
                "logger": "org.springframework.boot.web.embedded.tomcat.TomcatWebServer",
                "message": "Tomcat initialized with port 8085 (http)"
                }{
                "correlationId": "",
                "timestamp": "2026-08-15T02:13:06.194",
                "level": "INFO",
                "thread": "main",
                "logger": "org.apache.coyote.http11.Http11NioProtocol",
                "message": "Initializing ProtocolHandler ["http-nio-8085"]"
                }{
                "correlationId": "",
                "timestamp": "2026-08-15T02:13:06.196",
                "level": "INFO",
                "thread": "main",
                "logger": "org.apache.catalina.core.StandardService",
                "message": "Starting service [Tomcat]"
                }{
                "correlationId": "",
                "timestamp": "2026-08-15T02:13:06.197",
                "level": "INFO",
                "thread": "main",
                "logger": "org.apache.catalina.core.StandardEngine",
                "message": "Starting Servlet engine: [Apache Tomcat/10.1.20]"
                }{
                "correlationId": "",
                "timestamp": "2026-08-15T02:13:06.229",
                "level": "INFO",
                "thread": "main",
                "logger": "org.apache.catalina.core.ContainerBase.[Tomcat].[localhost].[/]",
                "message": "Initializing Spring embedded WebApplicationContext"
                }{
                "correlationId": "",
                "timestamp": "2026-08-15T02:13:06.230",
                "level": "INFO",
                "thread": "main",
                "logger": "org.springframework.boot.web.servlet.context.ServletWebServerApplicationContext",
                "message": "Root WebApplicationContext: initialization completed in 2589 ms"
                }{
                "correlationId": "",
                "timestamp": "2026-08-15T02:13:07.127",
                "level": "INFO",
                "thread": "main",
                "logger": "co.edu.uco.infraestructure.config.SurrealDBConfig",
                "message": "Connecting to SurrealDB at: ws://surrealdb-messageucolab:8005/rpc"
                }{
                "correlationId": "",
                "timestamp": "2026-08-15T02:13:07.942",
                "level": "INFO",
                "thread": "main",
                "logger": "co.edu.uco.infraestructure.config.SurrealDBConfig",
                "message": "Successfully signed in to SurrealDB"
                }{
                "correlationId": "",
                "timestamp": "2026-08-15T02:13:07.943",
                "level": "INFO",
                "thread": "main",
                "logger": "co.edu.uco.infraestructure.config.SurrealDBConfig",
                "message": "Using namespace: messageucolab and database: messageucolab"
                }{
                "correlationId": "",
                "timestamp": "2026-08-15T02:13:08.156",
                "level": "INFO",
                "thread": "main",
                "logger": "com.azure.identity.EnvironmentCredential",
                "message": "Azure Identity => EnvironmentCredential invoking ClientSecretCredential"
                }{
                "correlationId": "",
                "timestamp": "2026-08-15T02:13:08.971",
                "level": "INFO",
                "thread": "main",
                "logger": "org.springframework.boot.actuate.endpoint.web.EndpointLinksResolver",
                "message": "Exposing 3 endpoint(s) beneath base path '/actuator'"
                }{
                "correlationId": "",
                "timestamp": "2026-08-15T02:13:09.013",
                "level": "INFO",
                "thread": "main",
                "logger": "org.apache.coyote.http11.Http11NioProtocol",
                "message": "Starting ProtocolHandler ["http-nio-8085"]"
                }{
                "correlationId": "",
                "timestamp": "2026-08-15T02:13:09.026",
                "level": "INFO",
                "thread": "main",
                "logger": "org.springframework.boot.web.embedded.tomcat.TomcatWebServer",
                "message": "Tomcat started on port 8085 (http) with context path ''"
                }{
                "correlationId": "",
                "timestamp": "2026-08-15T02:13:09.039",
                "level": "INFO",
                "thread": "main",
                "logger": "co.edu.uco.init.CrossWordApplication",
                "message": "Started CrossWordApplication in 16.884 seconds (process running for 17.994)"
                }{
                "correlationId": "",
                "timestamp": "2026-08-15T02:13:11.674",
                "level": "INFO",
                "thread": "http-nio-8085-exec-1",
                "logger": "org.apache.catalina.core.ContainerBase.[Tomcat].[localhost].[/]",
                "message": "Initializing Spring DispatcherServlet 'dispatcherServlet'"
                }{
                "correlationId": "",
                "timestamp": "2026-08-15T02:13:11.674",
                "level": "INFO",
                "thread": "http-nio-8085-exec-1",
                "logger": "org.springframework.web.servlet.DispatcherServlet",
                "message": "Initializing Servlet 'dispatcherServlet'"
                }{
                "correlationId": "",
                "timestamp": "2026-08-15T02:13:11.676",
                "level": "INFO",
                "thread": "http-nio-8085-exec-1",
                "logger": "org.springframework.web.servlet.DispatcherServlet",
                "message": "Completed initialization in 1 ms"
                }{
                "correlationId": "0e569bf6-db2a-45eb-9587-ddf4ad4de35b",
                "timestamp": "2026-08-15T02:13:22.487",
                "level": "ERROR",
                "thread": "http-nio-8085-exec-5",
                "logger": "co.edu.uco.infraestructure.secondaryadapters.repository.surreal.impl.EnvironmentSurrealRepositoryAdapterImpl",
                "message": "Error querying SurrealDB for environment. Query: SELECT * FROM environment:`223e4567-e89b-12d3-a456-426614174111` LIMIT 1;"
                }java.lang.IllegalArgumentException: UUID string too large
	at java.base/java.util.UUID.fromString1(UUID.java:266)
	at java.base/java.util.UUID.fromString(UUID.java:260)
	at co.edu.uco.infraestructure.secondaryadapters.repository.surreal.impl.EnvironmentSurrealRepositoryAdapterImpl.toEnvironmentData(EnvironmentSurrealRepositoryAdapterImpl.java:73)
	at co.edu.uco.infraestructure.secondaryadapters.repository.surreal.impl.EnvironmentSurrealRepositoryAdapterImpl.findOneEnvironment(EnvironmentSurrealRepositoryAdapterImpl.java:58)
	at co.edu.uco.infraestructure.secondaryadapters.repository.surreal.impl.EnvironmentSurrealRepositoryAdapterImpl.findById(EnvironmentSurrealRepositoryAdapterImpl.java:37)
	at java.base/jdk.internal.reflect.DirectMethodHandleAccessor.invoke(DirectMethodHandleAccessor.java:103)
	at java.base/java.lang.reflect.Method.invoke(Method.java:580)
	at org.springframework.aop.support.AopUtils.invokeJoinpointUsingReflection(AopUtils.java:354)
	at org.springframework.aop.framework.ReflectiveMethodInvocation.invokeJoinpoint(ReflectiveMethodInvocation.java:196)
	at org.springframework.aop.framework.ReflectiveMethodInvocation.proceed(ReflectiveMethodInvocation.java:163)
	at org.springframework.aop.framework.CglibAopProxy$CglibMethodInvocation.proceed(CglibAopProxy.java:768)
	at org.springframework.dao.support.PersistenceExceptionTranslationInterceptor.invoke(PersistenceExceptionTranslationInterceptor.java:137)
	at org.springframework.aop.framework.ReflectiveMethodInvocation.proceed(ReflectiveMethodInvocation.java:184)
	at org.springframework.aop.framework.CglibAopProxy$CglibMethodInvocation.proceed(CglibAopProxy.java:768)
	at org.springframework.aop.framework.CglibAopProxy$DynamicAdvisedInterceptor.intercept(CglibAopProxy.java:720)
	at co.edu.uco.infraestructure.secondaryadapters.repository.surreal.impl.EnvironmentSurrealRepositoryAdapterImpl$$SpringCGLIB$$0.findById(<generated>)
	at co.edu.uco.application.usecase.validator.environment.EnvironmentExistValidator.validate(EnvironmentExistValidator.java:20)
	at co.edu.uco.application.usecase.validator.token.CreateTokenCompositeValidator.validate(CreateTokenCompositeValidator.java:36)
	at co.edu.uco.application.primaryports.facade.token.impl.CreateTokenUseCaseFacadeImpl.execute(CreateTokenUseCaseFacadeImpl.java:68)
	at co.edu.uco.infraestructure.primaryadapters.controller.TokenControllerImpl.createToken(TokenControllerImpl.java:53)
	at java.base/jdk.internal.reflect.DirectMethodHandleAccessor.invoke(DirectMethodHandleAccessor.java:103)
	at java.base/java.lang.reflect.Method.invoke(Method.java:580)
	at org.springframework.web.method.support.InvocableHandlerMethod.doInvoke(InvocableHandlerMethod.java:255)
	at org.springframework.web.method.support.InvocableHandlerMethod.invokeForRequest(InvocableHandlerMethod.java:188)
	at org.springframework.web.servlet.mvc.method.annotation.ServletInvocableHandlerMethod.invokeAndHandle(ServletInvocableHandlerMethod.java:118)
	at org.springframework.web.servlet.mvc.method.annotation.RequestMappingHandlerAdapter.invokeHandlerMethod(RequestMappingHandlerAdapter.java:926)
	at org.springframework.web.servlet.mvc.method.annotation.RequestMappingHandlerAdapter.handleInternal(RequestMappingHandlerAdapter.java:831)
	at org.springframework.web.servlet.mvc.method.AbstractHandlerMethodAdapter.handle(AbstractHandlerMethodAdapter.java:87)
	at org.springframework.web.servlet.DispatcherServlet.doDispatch(DispatcherServlet.java:1089)
	at org.springframework.web.servlet.DispatcherServlet.doService(DispatcherServlet.java:979)
	at org.springframework.web.servlet.FrameworkServlet.processRequest(FrameworkServlet.java:1014)
	at org.springframework.web.servlet.FrameworkServlet.doPost(FrameworkServlet.java:914)
	at jakarta.servlet.http.HttpServlet.service(HttpServlet.java:590)
	at org.springframework.web.servlet.FrameworkServlet.service(FrameworkServlet.java:885)
	at jakarta.servlet.http.HttpServlet.service(HttpServlet.java:658)
	at org.apache.catalina.core.ApplicationFilterChain.internalDoFilter(ApplicationFilterChain.java:206)
	at org.apache.catalina.core.ApplicationFilterChain.doFilter(ApplicationFilterChain.java:150)
	at org.apache.tomcat.websocket.server.WsFilter.doFilter(WsFilter.java:51)
	at org.apache.catalina.core.ApplicationFilterChain.internalDoFilter(ApplicationFilterChain.java:175)
	at org.apache.catalina.core.ApplicationFilterChain.doFilter(ApplicationFilterChain.java:150)
	at org.springframework.web.filter.RequestContextFilter.doFilterInternal(RequestContextFilter.java:100)
	at org.springframework.web.filter.OncePerRequestFilter.doFilter(OncePerRequestFilter.java:116)
	at org.apache.catalina.core.ApplicationFilterChain.internalDoFilter(ApplicationFilterChain.java:175)
	at org.apache.catalina.core.ApplicationFilterChain.doFilter(ApplicationFilterChain.java:150)
	at org.springframework.web.filter.FormContentFilter.doFilterInternal(FormContentFilter.java:93)
	at org.springframework.web.filter.OncePerRequestFilter.doFilter(OncePerRequestFilter.java:116)
	at org.apache.catalina.core.ApplicationFilterChain.internalDoFilter(ApplicationFilterChain.java:175)
	at org.apache.catalina.core.ApplicationFilterChain.doFilter(ApplicationFilterChain.java:150)
	at org.springframework.web.filter.ServerHttpObservationFilter.doFilterInternal(ServerHttpObservationFilter.java:109)
	at org.springframework.web.filter.OncePerRequestFilter.doFilter(OncePerRequestFilter.java:116)
	at org.apache.catalina.core.ApplicationFilterChain.internalDoFilter(ApplicationFilterChain.java:175)
	at org.apache.catalina.core.ApplicationFilterChain.doFilter(ApplicationFilterChain.java:150)
	at org.springframework.web.filter.CharacterEncodingFilter.doFilterInternal(CharacterEncodingFilter.java:201)
	at org.springframework.web.filter.OncePerRequestFilter.doFilter(OncePerRequestFilter.java:116)
	at org.apache.catalina.core.ApplicationFilterChain.internalDoFilter(ApplicationFilterChain.java:175)
	at org.apache.catalina.core.ApplicationFilterChain.doFilter(ApplicationFilterChain.java:150)
	at org.apache.catalina.core.StandardWrapperValve.invoke(StandardWrapperValve.java:167)
	at org.apache.catalina.core.StandardContextValve.invoke(StandardContextValve.java:90)
	at org.apache.catalina.authenticator.AuthenticatorBase.invoke(AuthenticatorBase.java:482)
	at org.apache.catalina.core.StandardHostValve.invoke(StandardHostValve.java:115)
	at org.apache.catalina.valves.ErrorReportValve.invoke(ErrorReportValve.java:93)
	at org.apache.catalina.core.StandardEngineValve.invoke(StandardEngineValve.java:74)
	at org.apache.catalina.connector.CoyoteAdapter.service(CoyoteAdapter.java:344)
	at org.apache.coyote.http11.Http11Processor.service(Http11Processor.java:391)
	at org.apache.coyote.AbstractProcessorLight.process(AbstractProcessorLight.java:63)
	at org.apache.coyote.AbstractProtocol$ConnectionHandler.process(AbstractProtocol.java:896)
	at org.apache.tomcat.util.net.NioEndpoint$SocketProcessor.doRun(NioEndpoint.java:1736)
	at org.apache.tomcat.util.net.SocketProcessorBase.run(SocketProcessorBase.java:52)
	at org.apache.tomcat.util.threads.ThreadPoolExecutor.runWorker(ThreadPoolExecutor.java:1191)
	at org.apache.tomcat.util.threads.ThreadPoolExecutor$Worker.run(ThreadPoolExecutor.java:659)
	at org.apache.tomcat.util.threads.TaskThread$WrappingRunnable.run(TaskThread.java:63)
	at java.base/java.lang.Thread.run(Thread.java:1583)
{
                "correlationId": "0e569bf6-db2a-45eb-9587-ddf4ad4de35b",
                "timestamp": "2026-08-15T02:13:22.857",
                "level": "ERROR",
                "thread": "http-nio-8085-exec-5",
                "logger": "co.edu.uco.infraestructure.secondaryadapters.presenter.rest.HttpPresenterAdapter",
                "message": "The error response is: {"data":[],"errors":["UUID string too large"]}"
                }{
                "correlationId": "1aca959d-2cb2-4a38-a117-64dcc2fd5f98",
                "timestamp": "2026-08-15T02:30:30.631",
                "level": "ERROR",
                "thread": "http-nio-8085-exec-9",
                "logger": "co.edu.uco.infraestructure.secondaryadapters.repository.surreal.impl.EnvironmentSurrealRepositoryAdapterImpl",
                "message": "Error querying SurrealDB for environment. Query: SELECT * FROM environment:`223e4567-e89b-12d3-a456-426614174111` LIMIT 1;"
                }java.lang.IllegalArgumentException: UUID string too large
	at java.base/java.util.UUID.fromString1(UUID.java:266)
	at java.base/java.util.UUID.fromString(UUID.java:260)
	at co.edu.uco.infraestructure.secondaryadapters.repository.surreal.impl.EnvironmentSurrealRepositoryAdapterImpl.toEnvironmentData(EnvironmentSurrealRepositoryAdapterImpl.java:73)
	at co.edu.uco.infraestructure.secondaryadapters.repository.surreal.impl.EnvironmentSurrealRepositoryAdapterImpl.findOneEnvironment(EnvironmentSurrealRepositoryAdapterImpl.java:58)
	at co.edu.uco.infraestructure.secondaryadapters.repository.surreal.impl.EnvironmentSurrealRepositoryAdapterImpl.findById(EnvironmentSurrealRepositoryAdapterImpl.java:37)
	at java.base/jdk.internal.reflect.DirectMethodHandleAccessor.invoke(DirectMethodHandleAccessor.java:103)
	at java.base/java.lang.reflect.Method.invoke(Method.java:580)
	at org.springframework.aop.support.AopUtils.invokeJoinpointUsingReflection(AopUtils.java:354)
	at org.springframework.aop.framework.ReflectiveMethodInvocation.invokeJoinpoint(ReflectiveMethodInvocation.java:196)
	at org.springframework.aop.framework.ReflectiveMethodInvocation.proceed(ReflectiveMethodInvocation.java:163)
	at org.springframework.aop.framework.CglibAopProxy$CglibMethodInvocation.proceed(CglibAopProxy.java:768)
	at org.springframework.dao.support.PersistenceExceptionTranslationInterceptor.invoke(PersistenceExceptionTranslationInterceptor.java:137)
	at org.springframework.aop.framework.ReflectiveMethodInvocation.proceed(ReflectiveMethodInvocation.java:184)
	at org.springframework.aop.framework.CglibAopProxy$CglibMethodInvocation.proceed(CglibAopProxy.java:768)
	at org.springframework.aop.framework.CglibAopProxy$DynamicAdvisedInterceptor.intercept(CglibAopProxy.java:720)
	at co.edu.uco.infraestructure.secondaryadapters.repository.surreal.impl.EnvironmentSurrealRepositoryAdapterImpl$$SpringCGLIB$$0.findById(<generated>)
	at co.edu.uco.application.usecase.validator.environment.EnvironmentExistValidator.validate(EnvironmentExistValidator.java:20)
	at co.edu.uco.application.usecase.validator.token.CreateTokenCompositeValidator.validate(CreateTokenCompositeValidator.java:36)
	at co.edu.uco.application.primaryports.facade.token.impl.CreateTokenUseCaseFacadeImpl.execute(CreateTokenUseCaseFacadeImpl.java:68)
	at co.edu.uco.infraestructure.primaryadapters.controller.TokenControllerImpl.createToken(TokenControllerImpl.java:53)
	at java.base/jdk.internal.reflect.DirectMethodHandleAccessor.invoke(DirectMethodHandleAccessor.java:103)
	at java.base/java.lang.reflect.Method.invoke(Method.java:580)
	at org.springframework.web.method.support.InvocableHandlerMethod.doInvoke(InvocableHandlerMethod.java:255)
	at org.springframework.web.method.support.InvocableHandlerMethod.invokeForRequest(InvocableHandlerMethod.java:188)
	at org.springframework.web.servlet.mvc.method.annotation.ServletInvocableHandlerMethod.invokeAndHandle(ServletInvocableHandlerMethod.java:118)
	at org.springframework.web.servlet.mvc.method.annotation.RequestMappingHandlerAdapter.invokeHandlerMethod(RequestMappingHandlerAdapter.java:926)
	at org.springframework.web.servlet.mvc.method.annotation.RequestMappingHandlerAdapter.handleInternal(RequestMappingHandlerAdapter.java:831)
	at org.springframework.web.servlet.mvc.method.AbstractHandlerMethodAdapter.handle(AbstractHandlerMethodAdapter.java:87)
	at org.springframework.web.servlet.DispatcherServlet.doDispatch(DispatcherServlet.java:1089)
	at org.springframework.web.servlet.DispatcherServlet.doService(DispatcherServlet.java:979)
	at org.springframework.web.servlet.FrameworkServlet.processRequest(FrameworkServlet.java:1014)
	at org.springframework.web.servlet.FrameworkServlet.doPost(FrameworkServlet.java:914)
	at jakarta.servlet.http.HttpServlet.service(HttpServlet.java:590)
	at org.springframework.web.servlet.FrameworkServlet.service(FrameworkServlet.java:885)
	at jakarta.servlet.http.HttpServlet.service(HttpServlet.java:658)
	at org.apache.catalina.core.ApplicationFilterChain.internalDoFilter(ApplicationFilterChain.java:206)
	at org.apache.catalina.core.ApplicationFilterChain.doFilter(ApplicationFilterChain.java:150)
	at org.apache.tomcat.websocket.server.WsFilter.doFilter(WsFilter.java:51)
	at org.apache.catalina.core.ApplicationFilterChain.internalDoFilter(ApplicationFilterChain.java:175)
	at org.apache.catalina.core.ApplicationFilterChain.doFilter(ApplicationFilterChain.java:150)
	at org.springframework.web.filter.RequestContextFilter.doFilterInternal(RequestContextFilter.java:100)
	at org.springframework.web.filter.OncePerRequestFilter.doFilter(OncePerRequestFilter.java:116)
	at org.apache.catalina.core.ApplicationFilterChain.internalDoFilter(ApplicationFilterChain.java:175)
	at org.apache.catalina.core.ApplicationFilterChain.doFilter(ApplicationFilterChain.java:150)
	at org.springframework.web.filter.FormContentFilter.doFilterInternal(FormContentFilter.java:93)
	at org.springframework.web.filter.OncePerRequestFilter.doFilter(OncePerRequestFilter.java:116)
	at org.apache.catalina.core.ApplicationFilterChain.internalDoFilter(ApplicationFilterChain.java:175)
	at org.apache.catalina.core.ApplicationFilterChain.doFilter(ApplicationFilterChain.java:150)
	at org.springframework.web.filter.ServerHttpObservationFilter.doFilterInternal(ServerHttpObservationFilter.java:109)
	at org.springframework.web.filter.OncePerRequestFilter.doFilter(OncePerRequestFilter.java:116)
	at org.apache.catalina.core.ApplicationFilterChain.internalDoFilter(ApplicationFilterChain.java:175)
	at org.apache.catalina.core.ApplicationFilterChain.doFilter(ApplicationFilterChain.java:150)
	at org.springframework.web.filter.CharacterEncodingFilter.doFilterInternal(CharacterEncodingFilter.java:201)
	at org.springframework.web.filter.OncePerRequestFilter.doFilter(OncePerRequestFilter.java:116)
	at org.apache.catalina.core.ApplicationFilterChain.internalDoFilter(ApplicationFilterChain.java:175)
	at org.apache.catalina.core.ApplicationFilterChain.doFilter(ApplicationFilterChain.java:150)
	at org.apache.catalina.core.StandardWrapperValve.invoke(StandardWrapperValve.java:167)
	at org.apache.catalina.core.StandardContextValve.invoke(StandardContextValve.java:90)
	at org.apache.catalina.authenticator.AuthenticatorBase.invoke(AuthenticatorBase.java:482)
	at org.apache.catalina.core.StandardHostValve.invoke(StandardHostValve.java:115)
	at org.apache.catalina.valves.ErrorReportValve.invoke(ErrorReportValve.java:93)
	at org.apache.catalina.core.StandardEngineValve.invoke(StandardEngineValve.java:74)
	at org.apache.catalina.connector.CoyoteAdapter.service(CoyoteAdapter.java:344)
	at org.apache.coyote.http11.Http11Processor.service(Http11Processor.java:391)
	at org.apache.coyote.AbstractProcessorLight.process(AbstractProcessorLight.java:63)
	at org.apache.coyote.AbstractProtocol$ConnectionHandler.process(AbstractProtocol.java:896)
	at org.apache.tomcat.util.net.NioEndpoint$SocketProcessor.doRun(NioEndpoint.java:1736)
	at org.apache.tomcat.util.net.SocketProcessorBase.run(SocketProcessorBase.java:52)
	at org.apache.tomcat.util.threads.ThreadPoolExecutor.runWorker(ThreadPoolExecutor.java:1191)
	at org.apache.tomcat.util.threads.ThreadPoolExecutor$Worker.run(ThreadPoolExecutor.java:659)
	at org.apache.tomcat.util.threads.TaskThread$WrappingRunnable.run(TaskThread.java:63)
	at java.base/java.lang.Thread.run(Thread.java:1583)
{
                "correlationId": "1aca959d-2cb2-4a38-a117-64dcc2fd5f98",
                "timestamp": "2026-08-15T02:30:30.670",
                "level": "ERROR",
                "thread": "http-nio-8085-exec-9",
                "logger": "co.edu.uco.infraestructure.secondaryadapters.presenter.rest.HttpPresenterAdapter",
                "message": "The error response is: {"data":[],"errors":["UUID string too large"]}"
                }{
                "correlationId": "fce57fda-fb5c-4b4b-906b-7541ee3d4679",
                "timestamp": "2026-08-15T02:31:00.242",
                "level": "ERROR",
                "thread": "http-nio-8085-exec-10",
                "logger": "co.edu.uco.infraestructure.secondaryadapters.repository.surreal.impl.EnvironmentSurrealRepositoryAdapterImpl",
                "message": "Error querying SurrealDB for environment. Query: SELECT * FROM environment:`223e4567-e89b-12d3-a456-426614174111` LIMIT 1;"
                }java.lang.IllegalArgumentException: UUID string too large
	at java.base/java.util.UUID.fromString1(UUID.java:266)
	at java.base/java.util.UUID.fromString(UUID.java:260)
	at co.edu.uco.infraestructure.secondaryadapters.repository.surreal.impl.EnvironmentSurrealRepositoryAdapterImpl.toEnvironmentData(EnvironmentSurrealRepositoryAdapterImpl.java:73)
	at co.edu.uco.infraestructure.secondaryadapters.repository.surreal.impl.EnvironmentSurrealRepositoryAdapterImpl.findOneEnvironment(EnvironmentSurrealRepositoryAdapterImpl.java:58)
	at co.edu.uco.infraestructure.secondaryadapters.repository.surreal.impl.EnvironmentSurrealRepositoryAdapterImpl.findById(EnvironmentSurrealRepositoryAdapterImpl.java:37)
	at java.base/jdk.internal.reflect.DirectMethodHandleAccessor.invoke(DirectMethodHandleAccessor.java:103)
	at java.base/java.lang.reflect.Method.invoke(Method.java:580)
	at org.springframework.aop.support.AopUtils.invokeJoinpointUsingReflection(AopUtils.java:354)
	at org.springframework.aop.framework.ReflectiveMethodInvocation.invokeJoinpoint(ReflectiveMethodInvocation.java:196)
	at org.springframework.aop.framework.ReflectiveMethodInvocation.proceed(ReflectiveMethodInvocation.java:163)
	at org.springframework.aop.framework.CglibAopProxy$CglibMethodInvocation.proceed(CglibAopProxy.java:768)
	at org.springframework.dao.support.PersistenceExceptionTranslationInterceptor.invoke(PersistenceExceptionTranslationInterceptor.java:137)
	at org.springframework.aop.framework.ReflectiveMethodInvocation.proceed(ReflectiveMethodInvocation.java:184)
	at org.springframework.aop.framework.CglibAopProxy$CglibMethodInvocation.proceed(CglibAopProxy.java:768)
	at org.springframework.aop.framework.CglibAopProxy$DynamicAdvisedInterceptor.intercept(CglibAopProxy.java:720)
	at co.edu.uco.infraestructure.secondaryadapters.repository.surreal.impl.EnvironmentSurrealRepositoryAdapterImpl$$SpringCGLIB$$0.findById(<generated>)
	at co.edu.uco.application.usecase.validator.environment.EnvironmentExistValidator.validate(EnvironmentExistValidator.java:20)
	at co.edu.uco.application.usecase.validator.token.CreateTokenCompositeValidator.validate(CreateTokenCompositeValidator.java:36)
	at co.edu.uco.application.primaryports.facade.token.impl.CreateTokenUseCaseFacadeImpl.execute(CreateTokenUseCaseFacadeImpl.java:68)
	at co.edu.uco.infraestructure.primaryadapters.controller.TokenControllerImpl.createToken(TokenControllerImpl.java:53)
	at java.base/jdk.internal.reflect.DirectMethodHandleAccessor.invoke(DirectMethodHandleAccessor.java:103)
	at java.base/java.lang.reflect.Method.invoke(Method.java:580)
	at org.springframework.web.method.support.InvocableHandlerMethod.doInvoke(InvocableHandlerMethod.java:255)
	at org.springframework.web.method.support.InvocableHandlerMethod.invokeForRequest(InvocableHandlerMethod.java:188)
	at org.springframework.web.servlet.mvc.method.annotation.ServletInvocableHandlerMethod.invokeAndHandle(ServletInvocableHandlerMethod.java:118)
	at org.springframework.web.servlet.mvc.method.annotation.RequestMappingHandlerAdapter.invokeHandlerMethod(RequestMappingHandlerAdapter.java:926)
	at org.springframework.web.servlet.mvc.method.annotation.RequestMappingHandlerAdapter.handleInternal(RequestMappingHandlerAdapter.java:831)
	at org.springframework.web.servlet.mvc.method.AbstractHandlerMethodAdapter.handle(AbstractHandlerMethodAdapter.java:87)
	at org.springframework.web.servlet.DispatcherServlet.doDispatch(DispatcherServlet.java:1089)
	at org.springframework.web.servlet.DispatcherServlet.doService(DispatcherServlet.java:979)
	at org.springframework.web.servlet.FrameworkServlet.processRequest(FrameworkServlet.java:1014)
	at org.springframework.web.servlet.FrameworkServlet.doPost(FrameworkServlet.java:914)
	at jakarta.servlet.http.HttpServlet.service(HttpServlet.java:590)
	at org.springframework.web.servlet.FrameworkServlet.service(FrameworkServlet.java:885)
	at jakarta.servlet.http.HttpServlet.service(HttpServlet.java:658)
	at org.apache.catalina.core.ApplicationFilterChain.internalDoFilter(ApplicationFilterChain.java:206)
	at org.apache.catalina.core.ApplicationFilterChain.doFilter(ApplicationFilterChain.java:150)
	at org.apache.tomcat.websocket.server.WsFilter.doFilter(WsFilter.java:51)
	at org.apache.catalina.core.ApplicationFilterChain.internalDoFilter(ApplicationFilterChain.java:175)
	at org.apache.catalina.core.ApplicationFilterChain.doFilter(ApplicationFilterChain.java:150)
	at org.springframework.web.filter.RequestContextFilter.doFilterInternal(RequestContextFilter.java:100)
	at org.springframework.web.filter.OncePerRequestFilter.doFilter(OncePerRequestFilter.java:116)
	at org.apache.catalina.core.ApplicationFilterChain.internalDoFilter(ApplicationFilterChain.java:175)
	at org.apache.catalina.core.ApplicationFilterChain.doFilter(ApplicationFilterChain.java:150)
	at org.springframework.web.filter.FormContentFilter.doFilterInternal(FormContentFilter.java:93)
	at org.springframework.web.filter.OncePerRequestFilter.doFilter(OncePerRequestFilter.java:116)
	at org.apache.catalina.core.ApplicationFilterChain.internalDoFilter(ApplicationFilterChain.java:175)
	at org.apache.catalina.core.ApplicationFilterChain.doFilter(ApplicationFilterChain.java:150)
	at org.springframework.web.filter.ServerHttpObservationFilter.doFilterInternal(ServerHttpObservationFilter.java:109)
	at org.springframework.web.filter.OncePerRequestFilter.doFilter(OncePerRequestFilter.java:116)
	at org.apache.catalina.core.ApplicationFilterChain.internalDoFilter(ApplicationFilterChain.java:175)
	at org.apache.catalina.core.ApplicationFilterChain.doFilter(ApplicationFilterChain.java:150)
	at org.springframework.web.filter.CharacterEncodingFilter.doFilterInternal(CharacterEncodingFilter.java:201)
	at org.springframework.web.filter.OncePerRequestFilter.doFilter(OncePerRequestFilter.java:116)
	at org.apache.catalina.core.ApplicationFilterChain.internalDoFilter(ApplicationFilterChain.java:175)
	at org.apache.catalina.core.ApplicationFilterChain.doFilter(ApplicationFilterChain.java:150)
	at org.apache.catalina.core.StandardWrapperValve.invoke(StandardWrapperValve.java:167)
	at org.apache.catalina.core.StandardContextValve.invoke(StandardContextValve.java:90)
	at org.apache.catalina.authenticator.AuthenticatorBase.invoke(AuthenticatorBase.java:482)
	at org.apache.catalina.core.StandardHostValve.invoke(StandardHostValve.java:115)
	at org.apache.catalina.valves.ErrorReportValve.invoke(ErrorReportValve.java:93)
	at org.apache.catalina.core.StandardEngineValve.invoke(StandardEngineValve.java:74)
	at org.apache.catalina.connector.CoyoteAdapter.service(CoyoteAdapter.java:344)
	at org.apache.coyote.http11.Http11Processor.service(Http11Processor.java:391)
	at org.apache.coyote.AbstractProcessorLight.process(AbstractProcessorLight.java:63)
	at org.apache.coyote.AbstractProtocol$ConnectionHandler.process(AbstractProtocol.java:896)
	at org.apache.tomcat.util.net.NioEndpoint$SocketProcessor.doRun(NioEndpoint.java:1736)
	at org.apache.tomcat.util.net.SocketProcessorBase.run(SocketProcessorBase.java:52)
	at org.apache.tomcat.util.threads.ThreadPoolExecutor.runWorker(ThreadPoolExecutor.java:1191)
	at org.apache.tomcat.util.threads.ThreadPoolExecutor$Worker.run(ThreadPoolExecutor.java:659)
	at org.apache.tomcat.util.threads.TaskThread$WrappingRunnable.run(TaskThread.java:63)
	at java.base/java.lang.Thread.run(Thread.java:1583)
{
                "correlationId": "fce57fda-fb5c-4b4b-906b-7541ee3d4679",
                "timestamp": "2026-08-15T02:31:00.247",
                "level": "ERROR",
                "thread": "http-nio-8085-exec-10",
                "logger": "co.edu.uco.infraestructure.secondaryadapters.presenter.rest.HttpPresenterAdapter",
                "message": "The error response is: {"data":[],"errors":["UUID string too large"]}"
                }{
                "correlationId": "",
                "timestamp": "2026-08-15T02:40:33.897",
                "level": "INFO",
                "thread": "main",
                "logger": "co.edu.uco.init.CrossWordApplication",
                "message": "Starting CrossWordApplication v0.0.1-SNAPSHOT using Java 21.0.11 with PID 7 (/app/app.jar started by root in /app)"
                }{
                "correlationId": "",
                "timestamp": "2026-08-15T02:40:33.900",
                "level": "INFO",
                "thread": "main",
                "logger": "co.edu.uco.init.CrossWordApplication",
                "message": "No active profile set, falling back to 1 default profile: "default""
                }{
                "correlationId": "",
                "timestamp": "2026-08-15T02:40:34.999",
                "level": "INFO",
                "thread": "main",
                "logger": "org.springframework.data.repository.config.RepositoryConfigurationDelegate",
                "message": "Multiple Spring Data modules found, entering strict repository configuration mode"
                }{
                "correlationId": "",
                "timestamp": "2026-08-15T02:40:35.000",
                "level": "INFO",
                "thread": "main",
                "logger": "org.springframework.data.repository.config.RepositoryConfigurationDelegate",
                "message": "Bootstrapping Spring Data Redis repositories in DEFAULT mode."
                }{
                "correlationId": "",
                "timestamp": "2026-08-15T02:40:35.087",
                "level": "INFO",
                "thread": "main",
                "logger": "org.springframework.data.repository.config.RepositoryConfigurationDelegate",
                "message": "Finished Spring Data repository scanning in 55 ms. Found 1 Redis repository interface."
                }{
                "correlationId": "",
                "timestamp": "2026-08-15T02:40:36.450",
                "level": "INFO",
                "thread": "main",
                "logger": "org.springframework.boot.web.embedded.tomcat.TomcatWebServer",
                "message": "Tomcat initialized with port 8085 (http)"
                }{
                "correlationId": "",
                "timestamp": "2026-08-15T02:40:36.466",
                "level": "INFO",
                "thread": "main",
                "logger": "org.apache.coyote.http11.Http11NioProtocol",
                "message": "Initializing ProtocolHandler ["http-nio-8085"]"
                }{
                "correlationId": "",
                "timestamp": "2026-08-15T02:40:36.469",
                "level": "INFO",
                "thread": "main",
                "logger": "org.apache.catalina.core.StandardService",
                "message": "Starting service [Tomcat]"
                }{
                "correlationId": "",
                "timestamp": "2026-08-15T02:40:36.470",
                "level": "INFO",
                "thread": "main",
                "logger": "org.apache.catalina.core.StandardEngine",
                "message": "Starting Servlet engine: [Apache Tomcat/10.1.20]"
                }{
                "correlationId": "",
                "timestamp": "2026-08-15T02:40:36.523",
                "level": "INFO",
                "thread": "main",
                "logger": "org.apache.catalina.core.ContainerBase.[Tomcat].[localhost].[/]",
                "message": "Initializing Spring embedded WebApplicationContext"
                }{
                "correlationId": "",
                "timestamp": "2026-08-15T02:40:36.524",
                "level": "INFO",
                "thread": "main",
                "logger": "org.springframework.boot.web.servlet.context.ServletWebServerApplicationContext",
                "message": "Root WebApplicationContext: initialization completed in 2563 ms"
                }{
                "correlationId": "",
                "timestamp": "2026-08-15T02:40:37.551",
                "level": "INFO",
                "thread": "main",
                "logger": "co.edu.uco.infraestructure.config.SurrealDBConfig",
                "message": "Connecting to SurrealDB at: ws://surrealdb-messageucolab:8005/rpc"
                }{
                "correlationId": "",
                "timestamp": "2026-08-15T02:40:37.850",
                "level": "INFO",
                "thread": "main",
                "logger": "co.edu.uco.infraestructure.config.SurrealDBConfig",
                "message": "Successfully signed in to SurrealDB"
                }{
                "correlationId": "",
                "timestamp": "2026-08-15T02:40:37.852",
                "level": "INFO",
                "thread": "main",
                "logger": "co.edu.uco.infraestructure.config.SurrealDBConfig",
                "message": "Using namespace: messageucolab and database: messageucolab"
                }{
                "correlationId": "",
                "timestamp": "2026-08-15T02:40:38.162",
                "level": "INFO",
                "thread": "main",
                "logger": "com.azure.identity.EnvironmentCredential",
                "message": "Azure Identity => EnvironmentCredential invoking ClientSecretCredential"
                }{
                "correlationId": "",
                "timestamp": "2026-08-15T02:40:39.137",
                "level": "INFO",
                "thread": "main",
                "logger": "org.springframework.boot.actuate.endpoint.web.EndpointLinksResolver",
                "message": "Exposing 3 endpoint(s) beneath base path '/actuator'"
                }{
                "correlationId": "",
                "timestamp": "2026-08-15T02:40:39.199",
                "level": "INFO",
                "thread": "main",
                "logger": "org.apache.coyote.http11.Http11NioProtocol",
                "message": "Starting ProtocolHandler ["http-nio-8085"]"
                }{
                "correlationId": "",
                "timestamp": "2026-08-15T02:40:39.225",
                "level": "INFO",
                "thread": "main",
                "logger": "org.springframework.boot.web.embedded.tomcat.TomcatWebServer",
                "message": "Tomcat started on port 8085 (http) with context path ''"
                }{
                "correlationId": "",
                "timestamp": "2026-08-15T02:40:39.246",
                "level": "INFO",
                "thread": "main",
                "logger": "co.edu.uco.init.CrossWordApplication",
                "message": "Started CrossWordApplication in 15.23 seconds (process running for 17.568)"
                }{
                "correlationId": "",
                "timestamp": "2026-08-15T02:40:39.800",
                "level": "INFO",
                "thread": "http-nio-8085-exec-1",
                "logger": "org.apache.catalina.core.ContainerBase.[Tomcat].[localhost].[/]",
                "message": "Initializing Spring DispatcherServlet 'dispatcherServlet'"
                }{
                "correlationId": "",
                "timestamp": "2026-08-15T02:40:39.801",
                "level": "INFO",
                "thread": "http-nio-8085-exec-1",
                "logger": "org.springframework.web.servlet.DispatcherServlet",
                "message": "Initializing Servlet 'dispatcherServlet'"
                }{
                "correlationId": "",
                "timestamp": "2026-08-15T02:40:39.802",
                "level": "INFO",
                "thread": "http-nio-8085-exec-1",
                "logger": "org.springframework.web.servlet.DispatcherServlet",
                "message": "Completed initialization in 1 ms"
                }{
                "correlationId": "afe26fb5-1b2b-47da-ac6f-16fccda8e92d",
                "timestamp": "2026-08-15T02:41:07.769",
                "level": "ERROR",
                "thread": "http-nio-8085-exec-1",
                "logger": "co.edu.uco.infraestructure.secondaryadapters.repository.surreal.impl.EnvironmentSurrealRepositoryAdapterImpl",
                "message": "Error querying SurrealDB for environment. Query: SELECT * FROM environment:`223e4567-e89b-12d3-a456-426614174111` LIMIT 1;"
                }java.lang.IllegalArgumentException: UUID string too large
	at java.base/java.util.UUID.fromString1(UUID.java:266)
	at java.base/java.util.UUID.fromString(UUID.java:260)
	at co.edu.uco.infraestructure.secondaryadapters.repository.surreal.impl.EnvironmentSurrealRepositoryAdapterImpl.toEnvironmentData(EnvironmentSurrealRepositoryAdapterImpl.java:73)
	at co.edu.uco.infraestructure.secondaryadapters.repository.surreal.impl.EnvironmentSurrealRepositoryAdapterImpl.findOneEnvironment(EnvironmentSurrealRepositoryAdapterImpl.java:58)
	at co.edu.uco.infraestructure.secondaryadapters.repository.surreal.impl.EnvironmentSurrealRepositoryAdapterImpl.findById(EnvironmentSurrealRepositoryAdapterImpl.java:37)
	at java.base/jdk.internal.reflect.DirectMethodHandleAccessor.invoke(DirectMethodHandleAccessor.java:103)
	at java.base/java.lang.reflect.Method.invoke(Method.java:580)
	at org.springframework.aop.support.AopUtils.invokeJoinpointUsingReflection(AopUtils.java:354)
	at org.springframework.aop.framework.ReflectiveMethodInvocation.invokeJoinpoint(ReflectiveMethodInvocation.java:196)
	at org.springframework.aop.framework.ReflectiveMethodInvocation.proceed(ReflectiveMethodInvocation.java:163)
	at org.springframework.aop.framework.CglibAopProxy$CglibMethodInvocation.proceed(CglibAopProxy.java:768)
	at org.springframework.dao.support.PersistenceExceptionTranslationInterceptor.invoke(PersistenceExceptionTranslationInterceptor.java:137)
	at org.springframework.aop.framework.ReflectiveMethodInvocation.proceed(ReflectiveMethodInvocation.java:184)
	at org.springframework.aop.framework.CglibAopProxy$CglibMethodInvocation.proceed(CglibAopProxy.java:768)
	at org.springframework.aop.framework.CglibAopProxy$DynamicAdvisedInterceptor.intercept(CglibAopProxy.java:720)
	at co.edu.uco.infraestructure.secondaryadapters.repository.surreal.impl.EnvironmentSurrealRepositoryAdapterImpl$$SpringCGLIB$$0.findById(<generated>)
	at co.edu.uco.application.usecase.validator.environment.EnvironmentExistValidator.validate(EnvironmentExistValidator.java:20)
	at co.edu.uco.application.usecase.validator.token.CreateTokenCompositeValidator.validate(CreateTokenCompositeValidator.java:36)
	at co.edu.uco.application.primaryports.facade.token.impl.CreateTokenUseCaseFacadeImpl.execute(CreateTokenUseCaseFacadeImpl.java:68)
	at co.edu.uco.infraestructure.primaryadapters.controller.TokenControllerImpl.createToken(TokenControllerImpl.java:53)
	at java.base/jdk.internal.reflect.DirectMethodHandleAccessor.invoke(DirectMethodHandleAccessor.java:103)
	at java.base/java.lang.reflect.Method.invoke(Method.java:580)
	at org.springframework.web.method.support.InvocableHandlerMethod.doInvoke(InvocableHandlerMethod.java:255)
	at org.springframework.web.method.support.InvocableHandlerMethod.invokeForRequest(InvocableHandlerMethod.java:188)
	at org.springframework.web.servlet.mvc.method.annotation.ServletInvocableHandlerMethod.invokeAndHandle(ServletInvocableHandlerMethod.java:118)
	at org.springframework.web.servlet.mvc.method.annotation.RequestMappingHandlerAdapter.invokeHandlerMethod(RequestMappingHandlerAdapter.java:926)
	at org.springframework.web.servlet.mvc.method.annotation.RequestMappingHandlerAdapter.handleInternal(RequestMappingHandlerAdapter.java:831)
	at org.springframework.web.servlet.mvc.method.AbstractHandlerMethodAdapter.handle(AbstractHandlerMethodAdapter.java:87)
	at org.springframework.web.servlet.DispatcherServlet.doDispatch(DispatcherServlet.java:1089)
	at org.springframework.web.servlet.DispatcherServlet.doService(DispatcherServlet.java:979)
	at org.springframework.web.servlet.FrameworkServlet.processRequest(FrameworkServlet.java:1014)
	at org.springframework.web.servlet.FrameworkServlet.doPost(FrameworkServlet.java:914)
	at jakarta.servlet.http.HttpServlet.service(HttpServlet.java:590)
	at org.springframework.web.servlet.FrameworkServlet.service(FrameworkServlet.java:885)
	at jakarta.servlet.http.HttpServlet.service(HttpServlet.java:658)
	at org.apache.catalina.core.ApplicationFilterChain.internalDoFilter(ApplicationFilterChain.java:206)
	at org.apache.catalina.core.ApplicationFilterChain.doFilter(ApplicationFilterChain.java:150)
	at org.apache.tomcat.websocket.server.WsFilter.doFilter(WsFilter.java:51)
	at org.apache.catalina.core.ApplicationFilterChain.internalDoFilter(ApplicationFilterChain.java:175)
	at org.apache.catalina.core.ApplicationFilterChain.doFilter(ApplicationFilterChain.java:150)
	at org.springframework.web.filter.RequestContextFilter.doFilterInternal(RequestContextFilter.java:100)
	at org.springframework.web.filter.OncePerRequestFilter.doFilter(OncePerRequestFilter.java:116)
	at org.apache.catalina.core.ApplicationFilterChain.internalDoFilter(ApplicationFilterChain.java:175)
	at org.apache.catalina.core.ApplicationFilterChain.doFilter(ApplicationFilterChain.java:150)
	at org.springframework.web.filter.FormContentFilter.doFilterInternal(FormContentFilter.java:93)
	at org.springframework.web.filter.OncePerRequestFilter.doFilter(OncePerRequestFilter.java:116)
	at org.apache.catalina.core.ApplicationFilterChain.internalDoFilter(ApplicationFilterChain.java:175)
	at org.apache.catalina.core.ApplicationFilterChain.doFilter(ApplicationFilterChain.java:150)
	at org.springframework.web.filter.ServerHttpObservationFilter.doFilterInternal(ServerHttpObservationFilter.java:109)
	at org.springframework.web.filter.OncePerRequestFilter.doFilter(OncePerRequestFilter.java:116)
	at org.apache.catalina.core.ApplicationFilterChain.internalDoFilter(ApplicationFilterChain.java:175)
	at org.apache.catalina.core.ApplicationFilterChain.doFilter(ApplicationFilterChain.java:150)
	at org.springframework.web.filter.CharacterEncodingFilter.doFilterInternal(CharacterEncodingFilter.java:201)
	at org.springframework.web.filter.OncePerRequestFilter.doFilter(OncePerRequestFilter.java:116)
	at org.apache.catalina.core.ApplicationFilterChain.internalDoFilter(ApplicationFilterChain.java:175)
	at org.apache.catalina.core.ApplicationFilterChain.doFilter(ApplicationFilterChain.java:150)
	at org.apache.catalina.core.StandardWrapperValve.invoke(StandardWrapperValve.java:167)
	at org.apache.catalina.core.StandardContextValve.invoke(StandardContextValve.java:90)
	at org.apache.catalina.authenticator.AuthenticatorBase.invoke(AuthenticatorBase.java:482)
	at org.apache.catalina.core.StandardHostValve.invoke(StandardHostValve.java:115)
	at org.apache.catalina.valves.ErrorReportValve.invoke(ErrorReportValve.java:93)
	at org.apache.catalina.core.StandardEngineValve.invoke(StandardEngineValve.java:74)
	at org.apache.catalina.connector.CoyoteAdapter.service(CoyoteAdapter.java:344)
	at org.apache.coyote.http11.Http11Processor.service(Http11Processor.java:391)
	at org.apache.coyote.AbstractProcessorLight.process(AbstractProcessorLight.java:63)
	at org.apache.coyote.AbstractProtocol$ConnectionHandler.process(AbstractProtocol.java:896)
	at org.apache.tomcat.util.net.NioEndpoint$SocketProcessor.doRun(NioEndpoint.java:1736)
	at org.apache.tomcat.util.net.SocketProcessorBase.run(SocketProcessorBase.java:52)
	at org.apache.tomcat.util.threads.ThreadPoolExecutor.runWorker(ThreadPoolExecutor.java:1191)
	at org.apache.tomcat.util.threads.ThreadPoolExecutor$Worker.run(ThreadPoolExecutor.java:659)
	at org.apache.tomcat.util.threads.TaskThread$WrappingRunnable.run(TaskThread.java:63)
	at java.base/java.lang.Thread.run(Thread.java:1583)
{
                "correlationId": "afe26fb5-1b2b-47da-ac6f-16fccda8e92d",
                "timestamp": "2026-08-15T02:41:08.101",
                "level": "ERROR",
                "thread": "http-nio-8085-exec-1",
                "logger": "co.edu.uco.infraestructure.secondaryadapters.presenter.rest.HttpPresenterAdapter",
                "message": "The error response is: {"data":[],"errors":["UUID string too large"]}"
                }{
                "correlationId": "",
                "timestamp": "2026-08-15T02:46:49.248",
                "level": "INFO",
                "thread": "main",
                "logger": "co.edu.uco.init.CrossWordApplication",
                "message": "Starting CrossWordApplication v0.0.1-SNAPSHOT using Java 21.0.11 with PID 7 (/app/app.jar started by root in /app)"
                }{
                "correlationId": "",
                "timestamp": "2026-08-15T02:46:49.253",
                "level": "INFO",
                "thread": "main",
                "logger": "co.edu.uco.init.CrossWordApplication",
                "message": "No active profile set, falling back to 1 default profile: "default""
                }{
                "correlationId": "",
                "timestamp": "2026-08-15T02:46:50.393",
                "level": "INFO",
                "thread": "main",
                "logger": "org.springframework.data.repository.config.RepositoryConfigurationDelegate",
                "message": "Multiple Spring Data modules found, entering strict repository configuration mode"
                }{
                "correlationId": "",
                "timestamp": "2026-08-15T02:46:50.395",
                "level": "INFO",
                "thread": "main",
                "logger": "org.springframework.data.repository.config.RepositoryConfigurationDelegate",
                "message": "Bootstrapping Spring Data Redis repositories in DEFAULT mode."
                }{
                "correlationId": "",
                "timestamp": "2026-08-15T02:46:50.550",
                "level": "INFO",
                "thread": "main",
                "logger": "org.springframework.data.repository.config.RepositoryConfigurationDelegate",
                "message": "Finished Spring Data repository scanning in 99 ms. Found 1 Redis repository interface."
                }{
                "correlationId": "",
                "timestamp": "2026-08-15T02:46:52.573",
                "level": "INFO",
                "thread": "main",
                "logger": "org.springframework.boot.web.embedded.tomcat.TomcatWebServer",
                "message": "Tomcat initialized with port 8085 (http)"
                }{
                "correlationId": "",
                "timestamp": "2026-08-15T02:46:52.583",
                "level": "INFO",
                "thread": "main",
                "logger": "org.apache.coyote.http11.Http11NioProtocol",
                "message": "Initializing ProtocolHandler ["http-nio-8085"]"
                }{
                "correlationId": "",
                "timestamp": "2026-08-15T02:46:52.586",
                "level": "INFO",
                "thread": "main",
                "logger": "org.apache.catalina.core.StandardService",
                "message": "Starting service [Tomcat]"
                }{
                "correlationId": "",
                "timestamp": "2026-08-15T02:46:52.587",
                "level": "INFO",
                "thread": "main",
                "logger": "org.apache.catalina.core.StandardEngine",
                "message": "Starting Servlet engine: [Apache Tomcat/10.1.20]"
                }{
                "correlationId": "",
                "timestamp": "2026-08-15T02:46:52.624",
                "level": "INFO",
                "thread": "main",
                "logger": "org.apache.catalina.core.ContainerBase.[Tomcat].[localhost].[/]",
                "message": "Initializing Spring embedded WebApplicationContext"
                }{
                "correlationId": "",
                "timestamp": "2026-08-15T02:46:52.625",
                "level": "INFO",
                "thread": "main",
                "logger": "org.springframework.boot.web.servlet.context.ServletWebServerApplicationContext",
                "message": "Root WebApplicationContext: initialization completed in 3327 ms"
                }{
                "correlationId": "",
                "timestamp": "2026-08-15T02:46:53.759",
                "level": "INFO",
                "thread": "main",
                "logger": "co.edu.uco.infraestructure.config.SurrealDBConfig",
                "message": "Connecting to SurrealDB at: ws://surrealdb-messageucolab:8005/rpc"
                }{
                "correlationId": "",
                "timestamp": "2026-08-15T02:46:54.335",
                "level": "INFO",
                "thread": "main",
                "logger": "co.edu.uco.infraestructure.config.SurrealDBConfig",
                "message": "Successfully signed in to SurrealDB"
                }{
                "correlationId": "",
                "timestamp": "2026-08-15T02:46:54.336",
                "level": "INFO",
                "thread": "main",
                "logger": "co.edu.uco.infraestructure.config.SurrealDBConfig",
                "message": "Using namespace: messageucolab and database: messageucolab"
                }{
                "correlationId": "",
                "timestamp": "2026-08-15T02:46:54.622",
                "level": "INFO",
                "thread": "main",
                "logger": "com.azure.identity.EnvironmentCredential",
                "message": "Azure Identity => EnvironmentCredential invoking ClientSecretCredential"
                }{
                "correlationId": "",
                "timestamp": "2026-08-15T02:46:55.763",
                "level": "INFO",
                "thread": "main",
                "logger": "org.springframework.boot.actuate.endpoint.web.EndpointLinksResolver",
                "message": "Exposing 3 endpoint(s) beneath base path '/actuator'"
                }{
                "correlationId": "",
                "timestamp": "2026-08-15T02:46:55.820",
                "level": "INFO",
                "thread": "main",
                "logger": "org.apache.coyote.http11.Http11NioProtocol",
                "message": "Starting ProtocolHandler ["http-nio-8085"]"
                }{
                "correlationId": "",
                "timestamp": "2026-08-15T02:46:55.847",
                "level": "INFO",
                "thread": "main",
                "logger": "org.springframework.boot.web.embedded.tomcat.TomcatWebServer",
                "message": "Tomcat started on port 8085 (http) with context path ''"
                }{
                "correlationId": "",
                "timestamp": "2026-08-15T02:46:55.865",
                "level": "INFO",
                "thread": "main",
                "logger": "co.edu.uco.init.CrossWordApplication",
                "message": "Started CrossWordApplication in 14.844 seconds (process running for 15.841)"
                }{
                "correlationId": "",
                "timestamp": "2026-08-15T02:46:58.752",
                "level": "INFO",
                "thread": "http-nio-8085-exec-1",
                "logger": "org.apache.catalina.core.ContainerBase.[Tomcat].[localhost].[/]",
                "message": "Initializing Spring DispatcherServlet 'dispatcherServlet'"
                }{
                "correlationId": "",
                "timestamp": "2026-08-15T02:46:58.752",
                "level": "INFO",
                "thread": "http-nio-8085-exec-1",
                "logger": "org.springframework.web.servlet.DispatcherServlet",
                "message": "Initializing Servlet 'dispatcherServlet'"
                }{
                "correlationId": "",
                "timestamp": "2026-08-15T02:46:58.755",
                "level": "INFO",
                "thread": "http-nio-8085-exec-1",
                "logger": "org.springframework.web.servlet.DispatcherServlet",
                "message": "Completed initialization in 2 ms"
                }{
                "correlationId": "33552c66-4120-4d3e-8093-667ca4d11087",
                "timestamp": "2026-08-15T02:47:09.065",
                "level": "ERROR",
                "thread": "http-nio-8085-exec-5",
                "logger": "co.edu.uco.infraestructure.secondaryadapters.repository.surreal.impl.EnvironmentSurrealRepositoryAdapterImpl",
                "message": "Error querying SurrealDB for environment. Query: SELECT * FROM environment:`223e4567-e89b-12d3-a456-426614174111` LIMIT 1;"
                }java.lang.IllegalArgumentException: UUID string too large
	at java.base/java.util.UUID.fromString1(UUID.java:266)
	at java.base/java.util.UUID.fromString(UUID.java:260)
	at co.edu.uco.infraestructure.secondaryadapters.repository.surreal.impl.EnvironmentSurrealRepositoryAdapterImpl.toEnvironmentData(EnvironmentSurrealRepositoryAdapterImpl.java:73)
	at co.edu.uco.infraestructure.secondaryadapters.repository.surreal.impl.EnvironmentSurrealRepositoryAdapterImpl.findOneEnvironment(EnvironmentSurrealRepositoryAdapterImpl.java:58)
	at co.edu.uco.infraestructure.secondaryadapters.repository.surreal.impl.EnvironmentSurrealRepositoryAdapterImpl.findById(EnvironmentSurrealRepositoryAdapterImpl.java:37)
	at java.base/jdk.internal.reflect.DirectMethodHandleAccessor.invoke(DirectMethodHandleAccessor.java:103)
	at java.base/java.lang.reflect.Method.invoke(Method.java:580)
	at org.springframework.aop.support.AopUtils.invokeJoinpointUsingReflection(AopUtils.java:354)
	at org.springframework.aop.framework.ReflectiveMethodInvocation.invokeJoinpoint(ReflectiveMethodInvocation.java:196)
	at org.springframework.aop.framework.ReflectiveMethodInvocation.proceed(ReflectiveMethodInvocation.java:163)
	at org.springframework.aop.framework.CglibAopProxy$CglibMethodInvocation.proceed(CglibAopProxy.java:768)
	at org.springframework.dao.support.PersistenceExceptionTranslationInterceptor.invoke(PersistenceExceptionTranslationInterceptor.java:137)
	at org.springframework.aop.framework.ReflectiveMethodInvocation.proceed(ReflectiveMethodInvocation.java:184)
	at org.springframework.aop.framework.CglibAopProxy$CglibMethodInvocation.proceed(CglibAopProxy.java:768)
	at org.springframework.aop.framework.CglibAopProxy$DynamicAdvisedInterceptor.intercept(CglibAopProxy.java:720)
	at co.edu.uco.infraestructure.secondaryadapters.repository.surreal.impl.EnvironmentSurrealRepositoryAdapterImpl$$SpringCGLIB$$0.findById(<generated>)
	at co.edu.uco.application.usecase.validator.environment.EnvironmentExistValidator.validate(EnvironmentExistValidator.java:20)
	at co.edu.uco.application.usecase.validator.token.CreateTokenCompositeValidator.validate(CreateTokenCompositeValidator.java:36)
	at co.edu.uco.application.primaryports.facade.token.impl.CreateTokenUseCaseFacadeImpl.execute(CreateTokenUseCaseFacadeImpl.java:68)
	at co.edu.uco.infraestructure.primaryadapters.controller.TokenControllerImpl.createToken(TokenControllerImpl.java:53)
	at java.base/jdk.internal.reflect.DirectMethodHandleAccessor.invoke(DirectMethodHandleAccessor.java:103)
	at java.base/java.lang.reflect.Method.invoke(Method.java:580)
	at org.springframework.web.method.support.InvocableHandlerMethod.doInvoke(InvocableHandlerMethod.java:255)
	at org.springframework.web.method.support.InvocableHandlerMethod.invokeForRequest(InvocableHandlerMethod.java:188)
	at org.springframework.web.servlet.mvc.method.annotation.ServletInvocableHandlerMethod.invokeAndHandle(ServletInvocableHandlerMethod.java:118)
	at org.springframework.web.servlet.mvc.method.annotation.RequestMappingHandlerAdapter.invokeHandlerMethod(RequestMappingHandlerAdapter.java:926)
	at org.springframework.web.servlet.mvc.method.annotation.RequestMappingHandlerAdapter.handleInternal(RequestMappingHandlerAdapter.java:831)
	at org.springframework.web.servlet.mvc.method.AbstractHandlerMethodAdapter.handle(AbstractHandlerMethodAdapter.java:87)
	at org.springframework.web.servlet.DispatcherServlet.doDispatch(DispatcherServlet.java:1089)
	at org.springframework.web.servlet.DispatcherServlet.doService(DispatcherServlet.java:979)
	at org.springframework.web.servlet.FrameworkServlet.processRequest(FrameworkServlet.java:1014)
	at org.springframework.web.servlet.FrameworkServlet.doPost(FrameworkServlet.java:914)
	at jakarta.servlet.http.HttpServlet.service(HttpServlet.java:590)
	at org.springframework.web.servlet.FrameworkServlet.service(FrameworkServlet.java:885)
	at jakarta.servlet.http.HttpServlet.service(HttpServlet.java:658)
	at org.apache.catalina.core.ApplicationFilterChain.internalDoFilter(ApplicationFilterChain.java:206)
	at org.apache.catalina.core.ApplicationFilterChain.doFilter(ApplicationFilterChain.java:150)
	at org.apache.tomcat.websocket.server.WsFilter.doFilter(WsFilter.java:51)
	at org.apache.catalina.core.ApplicationFilterChain.internalDoFilter(ApplicationFilterChain.java:175)
	at org.apache.catalina.core.ApplicationFilterChain.doFilter(ApplicationFilterChain.java:150)
	at org.springframework.web.filter.RequestContextFilter.doFilterInternal(RequestContextFilter.java:100)
	at org.springframework.web.filter.OncePerRequestFilter.doFilter(OncePerRequestFilter.java:116)
	at org.apache.catalina.core.ApplicationFilterChain.internalDoFilter(ApplicationFilterChain.java:175)
	at org.apache.catalina.core.ApplicationFilterChain.doFilter(ApplicationFilterChain.java:150)
	at org.springframework.web.filter.FormContentFilter.doFilterInternal(FormContentFilter.java:93)
	at org.springframework.web.filter.OncePerRequestFilter.doFilter(OncePerRequestFilter.java:116)
	at org.apache.catalina.core.ApplicationFilterChain.internalDoFilter(ApplicationFilterChain.java:175)
	at org.apache.catalina.core.ApplicationFilterChain.doFilter(ApplicationFilterChain.java:150)
	at org.springframework.web.filter.ServerHttpObservationFilter.doFilterInternal(ServerHttpObservationFilter.java:109)
	at org.springframework.web.filter.OncePerRequestFilter.doFilter(OncePerRequestFilter.java:116)
	at org.apache.catalina.core.ApplicationFilterChain.internalDoFilter(ApplicationFilterChain.java:175)
	at org.apache.catalina.core.ApplicationFilterChain.doFilter(ApplicationFilterChain.java:150)
	at org.springframework.web.filter.CharacterEncodingFilter.doFilterInternal(CharacterEncodingFilter.java:201)
	at org.springframework.web.filter.OncePerRequestFilter.doFilter(OncePerRequestFilter.java:116)
	at org.apache.catalina.core.ApplicationFilterChain.internalDoFilter(ApplicationFilterChain.java:175)
	at org.apache.catalina.core.ApplicationFilterChain.doFilter(ApplicationFilterChain.java:150)
	at org.apache.catalina.core.StandardWrapperValve.invoke(StandardWrapperValve.java:167)
	at org.apache.catalina.core.StandardContextValve.invoke(StandardContextValve.java:90)
	at org.apache.catalina.authenticator.AuthenticatorBase.invoke(AuthenticatorBase.java:482)
	at org.apache.catalina.core.StandardHostValve.invoke(StandardHostValve.java:115)
	at org.apache.catalina.valves.ErrorReportValve.invoke(ErrorReportValve.java:93)
	at org.apache.catalina.core.StandardEngineValve.invoke(StandardEngineValve.java:74)
	at org.apache.catalina.connector.CoyoteAdapter.service(CoyoteAdapter.java:344)
	at org.apache.coyote.http11.Http11Processor.service(Http11Processor.java:391)
	at org.apache.coyote.AbstractProcessorLight.process(AbstractProcessorLight.java:63)
	at org.apache.coyote.AbstractProtocol$ConnectionHandler.process(AbstractProtocol.java:896)
	at org.apache.tomcat.util.net.NioEndpoint$SocketProcessor.doRun(NioEndpoint.java:1736)
	at org.apache.tomcat.util.net.SocketProcessorBase.run(SocketProcessorBase.java:52)
	at org.apache.tomcat.util.threads.ThreadPoolExecutor.runWorker(ThreadPoolExecutor.java:1191)
	at org.apache.tomcat.util.threads.ThreadPoolExecutor$Worker.run(ThreadPoolExecutor.java:659)
	at org.apache.tomcat.util.threads.TaskThread$WrappingRunnable.run(TaskThread.java:63)
	at java.base/java.lang.Thread.run(Thread.java:1583)
{
                "correlationId": "33552c66-4120-4d3e-8093-667ca4d11087",
                "timestamp": "2026-08-15T02:47:09.421",
                "level": "ERROR",
                "thread": "http-nio-8085-exec-5",
                "logger": "co.edu.uco.infraestructure.secondaryadapters.presenter.rest.HttpPresenterAdapter",
                "message": "The error response is: {"data":[],"errors":["UUID string too large"]}"
                }{
                "correlationId": "cd44bb9f-f714-4465-a099-7433bdb9da6b",
                "timestamp": "2026-08-15T02:49:07.177",
                "level": "ERROR",
                "thread": "http-nio-8085-exec-5",
                "logger": "co.edu.uco.infraestructure.secondaryadapters.repository.surreal.impl.EnvironmentSurrealRepositoryAdapterImpl",
                "message": "Error querying SurrealDB for environment. Query: SELECT * FROM environment:`223e4567-e89b-12d3-a456-426614174111` LIMIT 1;"
                }java.lang.IllegalArgumentException: UUID string too large
	at java.base/java.util.UUID.fromString1(UUID.java:266)
	at java.base/java.util.UUID.fromString(UUID.java:260)
	at co.edu.uco.infraestructure.secondaryadapters.repository.surreal.impl.EnvironmentSurrealRepositoryAdapterImpl.toEnvironmentData(EnvironmentSurrealRepositoryAdapterImpl.java:73)
	at co.edu.uco.infraestructure.secondaryadapters.repository.surreal.impl.EnvironmentSurrealRepositoryAdapterImpl.findOneEnvironment(EnvironmentSurrealRepositoryAdapterImpl.java:58)
	at co.edu.uco.infraestructure.secondaryadapters.repository.surreal.impl.EnvironmentSurrealRepositoryAdapterImpl.findById(EnvironmentSurrealRepositoryAdapterImpl.java:37)
	at java.base/jdk.internal.reflect.DirectMethodHandleAccessor.invoke(DirectMethodHandleAccessor.java:103)
	at java.base/java.lang.reflect.Method.invoke(Method.java:580)
	at org.springframework.aop.support.AopUtils.invokeJoinpointUsingReflection(AopUtils.java:354)
	at org.springframework.aop.framework.ReflectiveMethodInvocation.invokeJoinpoint(ReflectiveMethodInvocation.java:196)
	at org.springframework.aop.framework.ReflectiveMethodInvocation.proceed(ReflectiveMethodInvocation.java:163)
	at org.springframework.aop.framework.CglibAopProxy$CglibMethodInvocation.proceed(CglibAopProxy.java:768)
	at org.springframework.dao.support.PersistenceExceptionTranslationInterceptor.invoke(PersistenceExceptionTranslationInterceptor.java:137)
	at org.springframework.aop.framework.ReflectiveMethodInvocation.proceed(ReflectiveMethodInvocation.java:184)
	at org.springframework.aop.framework.CglibAopProxy$CglibMethodInvocation.proceed(CglibAopProxy.java:768)
	at org.springframework.aop.framework.CglibAopProxy$DynamicAdvisedInterceptor.intercept(CglibAopProxy.java:720)
	at co.edu.uco.infraestructure.secondaryadapters.repository.surreal.impl.EnvironmentSurrealRepositoryAdapterImpl$$SpringCGLIB$$0.findById(<generated>)
	at co.edu.uco.application.usecase.validator.environment.EnvironmentExistValidator.validate(EnvironmentExistValidator.java:20)
	at co.edu.uco.application.usecase.validator.token.CreateTokenCompositeValidator.validate(CreateTokenCompositeValidator.java:36)
	at co.edu.uco.application.primaryports.facade.token.impl.CreateTokenUseCaseFacadeImpl.execute(CreateTokenUseCaseFacadeImpl.java:68)
	at co.edu.uco.infraestructure.primaryadapters.controller.TokenControllerImpl.createToken(TokenControllerImpl.java:53)
	at java.base/jdk.internal.reflect.DirectMethodHandleAccessor.invoke(DirectMethodHandleAccessor.java:103)
	at java.base/java.lang.reflect.Method.invoke(Method.java:580)
	at org.springframework.web.method.support.InvocableHandlerMethod.doInvoke(InvocableHandlerMethod.java:255)
	at org.springframework.web.method.support.InvocableHandlerMethod.invokeForRequest(InvocableHandlerMethod.java:188)
	at org.springframework.web.servlet.mvc.method.annotation.ServletInvocableHandlerMethod.invokeAndHandle(ServletInvocableHandlerMethod.java:118)
	at org.springframework.web.servlet.mvc.method.annotation.RequestMappingHandlerAdapter.invokeHandlerMethod(RequestMappingHandlerAdapter.java:926)
	at org.springframework.web.servlet.mvc.method.annotation.RequestMappingHandlerAdapter.handleInternal(RequestMappingHandlerAdapter.java:831)
	at org.springframework.web.servlet.mvc.method.AbstractHandlerMethodAdapter.handle(AbstractHandlerMethodAdapter.java:87)
	at org.springframework.web.servlet.DispatcherServlet.doDispatch(DispatcherServlet.java:1089)
	at org.springframework.web.servlet.DispatcherServlet.doService(DispatcherServlet.java:979)
	at org.springframework.web.servlet.FrameworkServlet.processRequest(FrameworkServlet.java:1014)
	at org.springframework.web.servlet.FrameworkServlet.doPost(FrameworkServlet.java:914)
	at jakarta.servlet.http.HttpServlet.service(HttpServlet.java:590)
	at org.springframework.web.servlet.FrameworkServlet.service(FrameworkServlet.java:885)
	at jakarta.servlet.http.HttpServlet.service(HttpServlet.java:658)
	at org.apache.catalina.core.ApplicationFilterChain.internalDoFilter(ApplicationFilterChain.java:206)
	at org.apache.catalina.core.ApplicationFilterChain.doFilter(ApplicationFilterChain.java:150)
	at org.apache.tomcat.websocket.server.WsFilter.doFilter(WsFilter.java:51)
	at org.apache.catalina.core.ApplicationFilterChain.internalDoFilter(ApplicationFilterChain.java:175)
	at org.apache.catalina.core.ApplicationFilterChain.doFilter(ApplicationFilterChain.java:150)
	at org.springframework.web.filter.RequestContextFilter.doFilterInternal(RequestContextFilter.java:100)
	at org.springframework.web.filter.OncePerRequestFilter.doFilter(OncePerRequestFilter.java:116)
	at org.apache.catalina.core.ApplicationFilterChain.internalDoFilter(ApplicationFilterChain.java:175)
	at org.apache.catalina.core.ApplicationFilterChain.doFilter(ApplicationFilterChain.java:150)
	at org.springframework.web.filter.FormContentFilter.doFilterInternal(FormContentFilter.java:93)
	at org.springframework.web.filter.OncePerRequestFilter.doFilter(OncePerRequestFilter.java:116)
	at org.apache.catalina.core.ApplicationFilterChain.internalDoFilter(ApplicationFilterChain.java:175)
	at org.apache.catalina.core.ApplicationFilterChain.doFilter(ApplicationFilterChain.java:150)
	at org.springframework.web.filter.ServerHttpObservationFilter.doFilterInternal(ServerHttpObservationFilter.java:109)
	at org.springframework.web.filter.OncePerRequestFilter.doFilter(OncePerRequestFilter.java:116)
	at org.apache.catalina.core.ApplicationFilterChain.internalDoFilter(ApplicationFilterChain.java:175)
	at org.apache.catalina.core.ApplicationFilterChain.doFilter(ApplicationFilterChain.java:150)
	at org.springframework.web.filter.CharacterEncodingFilter.doFilterInternal(CharacterEncodingFilter.java:201)
	at org.springframework.web.filter.OncePerRequestFilter.doFilter(OncePerRequestFilter.java:116)
	at org.apache.catalina.core.ApplicationFilterChain.internalDoFilter(ApplicationFilterChain.java:175)
	at org.apache.catalina.core.ApplicationFilterChain.doFilter(ApplicationFilterChain.java:150)
	at org.apache.catalina.core.StandardWrapperValve.invoke(StandardWrapperValve.java:167)
	at org.apache.catalina.core.StandardContextValve.invoke(StandardContextValve.java:90)
	at org.apache.catalina.authenticator.AuthenticatorBase.invoke(AuthenticatorBase.java:482)
	at org.apache.catalina.core.StandardHostValve.invoke(StandardHostValve.java:115)
	at org.apache.catalina.valves.ErrorReportValve.invoke(ErrorReportValve.java:93)
	at org.apache.catalina.core.StandardEngineValve.invoke(StandardEngineValve.java:74)
	at org.apache.catalina.connector.CoyoteAdapter.service(CoyoteAdapter.java:344)
	at org.apache.coyote.http11.Http11Processor.service(Http11Processor.java:391)
	at org.apache.coyote.AbstractProcessorLight.process(AbstractProcessorLight.java:63)
	at org.apache.coyote.AbstractProtocol$ConnectionHandler.process(AbstractProtocol.java:896)
	at org.apache.tomcat.util.net.NioEndpoint$SocketProcessor.doRun(NioEndpoint.java:1736)
	at org.apache.tomcat.util.net.SocketProcessorBase.run(SocketProcessorBase.java:52)
	at org.apache.tomcat.util.threads.ThreadPoolExecutor.runWorker(ThreadPoolExecutor.java:1191)
	at org.apache.tomcat.util.threads.ThreadPoolExecutor$Worker.run(ThreadPoolExecutor.java:659)
	at org.apache.tomcat.util.threads.TaskThread$WrappingRunnable.run(TaskThread.java:63)
	at java.base/java.lang.Thread.run(Thread.java:1583)
{
                "correlationId": "cd44bb9f-f714-4465-a099-7433bdb9da6b",
                "timestamp": "2026-08-15T02:49:07.182",
                "level": "ERROR",
                "thread": "http-nio-8085-exec-5",
                "logger": "co.edu.uco.infraestructure.secondaryadapters.presenter.rest.HttpPresenterAdapter",
                "message": "The error response is: {"data":[],"errors":["UUID string too large"]}"
                }{
                "correlationId": "5daafa1f-67c2-4e58-a3b9-b09c9e1779e0",
                "timestamp": "2026-08-15T02:50:16.564",
                "level": "ERROR",
                "thread": "http-nio-8085-exec-10",
                "logger": "co.edu.uco.infraestructure.secondaryadapters.repository.surreal.impl.EnvironmentSurrealRepositoryAdapterImpl",
                "message": "Error querying SurrealDB for environment. Query: SELECT * FROM environment:`223e4567-e89b-12d3-a456-426614174111` LIMIT 1;"
                }java.lang.IllegalArgumentException: UUID string too large
	at java.base/java.util.UUID.fromString1(UUID.java:266)
	at java.base/java.util.UUID.fromString(UUID.java:260)
	at co.edu.uco.infraestructure.secondaryadapters.repository.surreal.impl.EnvironmentSurrealRepositoryAdapterImpl.toEnvironmentData(EnvironmentSurrealRepositoryAdapterImpl.java:73)
	at co.edu.uco.infraestructure.secondaryadapters.repository.surreal.impl.EnvironmentSurrealRepositoryAdapterImpl.findOneEnvironment(EnvironmentSurrealRepositoryAdapterImpl.java:58)
	at co.edu.uco.infraestructure.secondaryadapters.repository.surreal.impl.EnvironmentSurrealRepositoryAdapterImpl.findById(EnvironmentSurrealRepositoryAdapterImpl.java:37)
	at java.base/jdk.internal.reflect.DirectMethodHandleAccessor.invoke(DirectMethodHandleAccessor.java:103)
	at java.base/java.lang.reflect.Method.invoke(Method.java:580)
	at org.springframework.aop.support.AopUtils.invokeJoinpointUsingReflection(AopUtils.java:354)
	at org.springframework.aop.framework.ReflectiveMethodInvocation.invokeJoinpoint(ReflectiveMethodInvocation.java:196)
	at org.springframework.aop.framework.ReflectiveMethodInvocation.proceed(ReflectiveMethodInvocation.java:163)
	at org.springframework.aop.framework.CglibAopProxy$CglibMethodInvocation.proceed(CglibAopProxy.java:768)
	at org.springframework.dao.support.PersistenceExceptionTranslationInterceptor.invoke(PersistenceExceptionTranslationInterceptor.java:137)
	at org.springframework.aop.framework.ReflectiveMethodInvocation.proceed(ReflectiveMethodInvocation.java:184)
	at org.springframework.aop.framework.CglibAopProxy$CglibMethodInvocation.proceed(CglibAopProxy.java:768)
	at org.springframework.aop.framework.CglibAopProxy$DynamicAdvisedInterceptor.intercept(CglibAopProxy.java:720)
	at co.edu.uco.infraestructure.secondaryadapters.repository.surreal.impl.EnvironmentSurrealRepositoryAdapterImpl$$SpringCGLIB$$0.findById(<generated>)
	at co.edu.uco.application.usecase.validator.environment.EnvironmentExistValidator.validate(EnvironmentExistValidator.java:20)
	at co.edu.uco.application.usecase.validator.token.CreateTokenCompositeValidator.validate(CreateTokenCompositeValidator.java:36)
	at co.edu.uco.application.primaryports.facade.token.impl.CreateTokenUseCaseFacadeImpl.execute(CreateTokenUseCaseFacadeImpl.java:68)
	at co.edu.uco.infraestructure.primaryadapters.controller.TokenControllerImpl.createToken(TokenControllerImpl.java:53)
	at java.base/jdk.internal.reflect.DirectMethodHandleAccessor.invoke(DirectMethodHandleAccessor.java:103)
	at java.base/java.lang.reflect.Method.invoke(Method.java:580)
	at org.springframework.web.method.support.InvocableHandlerMethod.doInvoke(InvocableHandlerMethod.java:255)
	at org.springframework.web.method.support.InvocableHandlerMethod.invokeForRequest(InvocableHandlerMethod.java:188)
	at org.springframework.web.servlet.mvc.method.annotation.ServletInvocableHandlerMethod.invokeAndHandle(ServletInvocableHandlerMethod.java:118)
	at org.springframework.web.servlet.mvc.method.annotation.RequestMappingHandlerAdapter.invokeHandlerMethod(RequestMappingHandlerAdapter.java:926)
	at org.springframework.web.servlet.mvc.method.annotation.RequestMappingHandlerAdapter.handleInternal(RequestMappingHandlerAdapter.java:831)
	at org.springframework.web.servlet.mvc.method.AbstractHandlerMethodAdapter.handle(AbstractHandlerMethodAdapter.java:87)
	at org.springframework.web.servlet.DispatcherServlet.doDispatch(DispatcherServlet.java:1089)
	at org.springframework.web.servlet.DispatcherServlet.doService(DispatcherServlet.java:979)
	at org.springframework.web.servlet.FrameworkServlet.processRequest(FrameworkServlet.java:1014)
	at org.springframework.web.servlet.FrameworkServlet.doPost(FrameworkServlet.java:914)
	at jakarta.servlet.http.HttpServlet.service(HttpServlet.java:590)
	at org.springframework.web.servlet.FrameworkServlet.service(FrameworkServlet.java:885)
	at jakarta.servlet.http.HttpServlet.service(HttpServlet.java:658)
	at org.apache.catalina.core.ApplicationFilterChain.internalDoFilter(ApplicationFilterChain.java:206)
	at org.apache.catalina.core.ApplicationFilterChain.doFilter(ApplicationFilterChain.java:150)
	at org.apache.tomcat.websocket.server.WsFilter.doFilter(WsFilter.java:51)
	at org.apache.catalina.core.ApplicationFilterChain.internalDoFilter(ApplicationFilterChain.java:175)
	at org.apache.catalina.core.ApplicationFilterChain.doFilter(ApplicationFilterChain.java:150)
	at org.springframework.web.filter.RequestContextFilter.doFilterInternal(RequestContextFilter.java:100)
	at org.springframework.web.filter.OncePerRequestFilter.doFilter(OncePerRequestFilter.java:116)
	at org.apache.catalina.core.ApplicationFilterChain.internalDoFilter(ApplicationFilterChain.java:175)
	at org.apache.catalina.core.ApplicationFilterChain.doFilter(ApplicationFilterChain.java:150)
	at org.springframework.web.filter.FormContentFilter.doFilterInternal(FormContentFilter.java:93)
	at org.springframework.web.filter.OncePerRequestFilter.doFilter(OncePerRequestFilter.java:116)
	at org.apache.catalina.core.ApplicationFilterChain.internalDoFilter(ApplicationFilterChain.java:175)
	at org.apache.catalina.core.ApplicationFilterChain.doFilter(ApplicationFilterChain.java:150)
	at org.springframework.web.filter.ServerHttpObservationFilter.doFilterInternal(ServerHttpObservationFilter.java:109)
	at org.springframework.web.filter.OncePerRequestFilter.doFilter(OncePerRequestFilter.java:116)
	at org.apache.catalina.core.ApplicationFilterChain.internalDoFilter(ApplicationFilterChain.java:175)
	at org.apache.catalina.core.ApplicationFilterChain.doFilter(ApplicationFilterChain.java:150)
	at org.springframework.web.filter.CharacterEncodingFilter.doFilterInternal(CharacterEncodingFilter.java:201)
	at org.springframework.web.filter.OncePerRequestFilter.doFilter(OncePerRequestFilter.java:116)
	at org.apache.catalina.core.ApplicationFilterChain.internalDoFilter(ApplicationFilterChain.java:175)
	at org.apache.catalina.core.ApplicationFilterChain.doFilter(ApplicationFilterChain.java:150)
	at org.apache.catalina.core.StandardWrapperValve.invoke(StandardWrapperValve.java:167)
	at org.apache.catalina.core.StandardContextValve.invoke(StandardContextValve.java:90)
	at org.apache.catalina.authenticator.AuthenticatorBase.invoke(AuthenticatorBase.java:482)
	at org.apache.catalina.core.StandardHostValve.invoke(StandardHostValve.java:115)
	at org.apache.catalina.valves.ErrorReportValve.invoke(ErrorReportValve.java:93)
	at org.apache.catalina.core.StandardEngineValve.invoke(StandardEngineValve.java:74)
	at org.apache.catalina.connector.CoyoteAdapter.service(CoyoteAdapter.java:344)
	at org.apache.coyote.http11.Http11Processor.service(Http11Processor.java:391)
	at org.apache.coyote.AbstractProcessorLight.process(AbstractProcessorLight.java:63)
	at org.apache.coyote.AbstractProtocol$ConnectionHandler.process(AbstractProtocol.java:896)
	at org.apache.tomcat.util.net.NioEndpoint$SocketProcessor.doRun(NioEndpoint.java:1736)
	at org.apache.tomcat.util.net.SocketProcessorBase.run(SocketProcessorBase.java:52)
	at org.apache.tomcat.util.threads.ThreadPoolExecutor.runWorker(ThreadPoolExecutor.java:1191)
	at org.apache.tomcat.util.threads.ThreadPoolExecutor$Worker.run(ThreadPoolExecutor.java:659)
	at org.apache.tomcat.util.threads.TaskThread$WrappingRunnable.run(TaskThread.java:63)
	at java.base/java.lang.Thread.run(Thread.java:1583)
{
                "correlationId": "5daafa1f-67c2-4e58-a3b9-b09c9e1779e0",
                "timestamp": "2026-08-15T02:50:16.571",
                "level": "ERROR",
                "thread": "http-nio-8085-exec-10",
                "logger": "co.edu.uco.infraestructure.secondaryadapters.presenter.rest.HttpPresenterAdapter",
                "message": "The error response is: {"data":[],"errors":["UUID string too large"]}"
                }{
                "correlationId": "",
                "timestamp": "2026-08-15T02:57:04.132",
                "level": "INFO",
                "thread": "main",
                "logger": "co.edu.uco.init.CrossWordApplication",
                "message": "Starting CrossWordApplication v0.0.1-SNAPSHOT using Java 21.0.11 with PID 7 (/app/app.jar started by root in /app)"
                }{
                "correlationId": "",
                "timestamp": "2026-08-15T02:57:04.135",
                "level": "INFO",
                "thread": "main",
                "logger": "co.edu.uco.init.CrossWordApplication",
                "message": "No active profile set, falling back to 1 default profile: "default""
                }{
                "correlationId": "",
                "timestamp": "2026-08-15T02:57:05.016",
                "level": "INFO",
                "thread": "main",
                "logger": "org.springframework.data.repository.config.RepositoryConfigurationDelegate",
                "message": "Multiple Spring Data modules found, entering strict repository configuration mode"
                }{
                "correlationId": "",
                "timestamp": "2026-08-15T02:57:05.017",
                "level": "INFO",
                "thread": "main",
                "logger": "org.springframework.data.repository.config.RepositoryConfigurationDelegate",
                "message": "Bootstrapping Spring Data Redis repositories in DEFAULT mode."
                }{
                "correlationId": "",
                "timestamp": "2026-08-15T02:57:05.090",
                "level": "INFO",
                "thread": "main",
                "logger": "org.springframework.data.repository.config.RepositoryConfigurationDelegate",
                "message": "Finished Spring Data repository scanning in 52 ms. Found 1 Redis repository interface."
                }{
                "correlationId": "",
                "timestamp": "2026-08-15T02:57:06.473",
                "level": "INFO",
                "thread": "main",
                "logger": "org.springframework.boot.web.embedded.tomcat.TomcatWebServer",
                "message": "Tomcat initialized with port 8085 (http)"
                }{
                "correlationId": "",
                "timestamp": "2026-08-15T02:57:06.491",
                "level": "INFO",
                "thread": "main",
                "logger": "org.apache.coyote.http11.Http11NioProtocol",
                "message": "Initializing ProtocolHandler ["http-nio-8085"]"
                }{
                "correlationId": "",
                "timestamp": "2026-08-15T02:57:06.494",
                "level": "INFO",
                "thread": "main",
                "logger": "org.apache.catalina.core.StandardService",
                "message": "Starting service [Tomcat]"
                }{
                "correlationId": "",
                "timestamp": "2026-08-15T02:57:06.495",
                "level": "INFO",
                "thread": "main",
                "logger": "org.apache.catalina.core.StandardEngine",
                "message": "Starting Servlet engine: [Apache Tomcat/10.1.20]"
                }{
                "correlationId": "",
                "timestamp": "2026-08-15T02:57:06.540",
                "level": "INFO",
                "thread": "main",
                "logger": "org.apache.catalina.core.ContainerBase.[Tomcat].[localhost].[/]",
                "message": "Initializing Spring embedded WebApplicationContext"
                }{
                "correlationId": "",
                "timestamp": "2026-08-15T02:57:06.543",
                "level": "INFO",
                "thread": "main",
                "logger": "org.springframework.boot.web.servlet.context.ServletWebServerApplicationContext",
                "message": "Root WebApplicationContext: initialization completed in 2351 ms"
                }{
                "correlationId": "",
                "timestamp": "2026-08-15T02:57:07.651",
                "level": "INFO",
                "thread": "main",
                "logger": "co.edu.uco.infraestructure.config.SurrealDBConfig",
                "message": "Connecting to SurrealDB at: ws://surrealdb-messageucolab:8005/rpc"
                }{
                "correlationId": "",
                "timestamp": "2026-08-15T02:57:08.005",
                "level": "INFO",
                "thread": "main",
                "logger": "co.edu.uco.infraestructure.config.SurrealDBConfig",
                "message": "Successfully signed in to SurrealDB"
                }{
                "correlationId": "",
                "timestamp": "2026-08-15T02:57:08.006",
                "level": "INFO",
                "thread": "main",
                "logger": "co.edu.uco.infraestructure.config.SurrealDBConfig",
                "message": "Using namespace: messageucolab and database: messageucolab"
                }{
                "correlationId": "",
                "timestamp": "2026-08-15T02:57:08.251",
                "level": "INFO",
                "thread": "main",
                "logger": "com.azure.identity.EnvironmentCredential",
                "message": "Azure Identity => EnvironmentCredential invoking ClientSecretCredential"
                }{
                "correlationId": "",
                "timestamp": "2026-08-15T02:57:09.208",
                "level": "INFO",
                "thread": "main",
                "logger": "org.springframework.boot.actuate.endpoint.web.EndpointLinksResolver",
                "message": "Exposing 3 endpoint(s) beneath base path '/actuator'"
                }{
                "correlationId": "",
                "timestamp": "2026-08-15T02:57:09.268",
                "level": "INFO",
                "thread": "main",
                "logger": "org.apache.coyote.http11.Http11NioProtocol",
                "message": "Starting ProtocolHandler ["http-nio-8085"]"
                }{
                "correlationId": "",
                "timestamp": "2026-08-15T02:57:09.307",
                "level": "INFO",
                "thread": "main",
                "logger": "org.springframework.boot.web.embedded.tomcat.TomcatWebServer",
                "message": "Tomcat started on port 8085 (http) with context path ''"
                }{
                "correlationId": "",
                "timestamp": "2026-08-15T02:57:09.326",
                "level": "INFO",
                "thread": "main",
                "logger": "co.edu.uco.init.CrossWordApplication",
                "message": "Started CrossWordApplication in 13.178 seconds (process running for 13.95)"
                }{
                "correlationId": "",
                "timestamp": "2026-08-15T02:58:15.091",
                "level": "INFO",
                "thread": "main",
                "logger": "co.edu.uco.init.CrossWordApplication",
                "message": "Starting CrossWordApplication v0.0.1-SNAPSHOT using Java 21.0.11 with PID 7 (/app/app.jar started by root in /app)"
                }{
                "correlationId": "",
                "timestamp": "2026-08-15T02:58:15.095",
                "level": "INFO",
                "thread": "main",
                "logger": "co.edu.uco.init.CrossWordApplication",
                "message": "No active profile set, falling back to 1 default profile: "default""
                }{
                "correlationId": "",
                "timestamp": "2026-08-15T02:58:16.503",
                "level": "INFO",
                "thread": "main",
                "logger": "org.springframework.data.repository.config.RepositoryConfigurationDelegate",
                "message": "Multiple Spring Data modules found, entering strict repository configuration mode"
                }{
                "correlationId": "",
                "timestamp": "2026-08-15T02:58:16.504",
                "level": "INFO",
                "thread": "main",
                "logger": "org.springframework.data.repository.config.RepositoryConfigurationDelegate",
                "message": "Bootstrapping Spring Data Redis repositories in DEFAULT mode."
                }{
                "correlationId": "",
                "timestamp": "2026-08-15T02:58:16.625",
                "level": "INFO",
                "thread": "main",
                "logger": "org.springframework.data.repository.config.RepositoryConfigurationDelegate",
                "message": "Finished Spring Data repository scanning in 94 ms. Found 1 Redis repository interface."
                }{
                "correlationId": "",
                "timestamp": "2026-08-15T02:58:18.624",
                "level": "INFO",
                "thread": "main",
                "logger": "org.springframework.boot.web.embedded.tomcat.TomcatWebServer",
                "message": "Tomcat initialized with port 8085 (http)"
                }{
                "correlationId": "",
                "timestamp": "2026-08-15T02:58:18.635",
                "level": "INFO",
                "thread": "main",
                "logger": "org.apache.coyote.http11.Http11NioProtocol",
                "message": "Initializing ProtocolHandler ["http-nio-8085"]"
                }{
                "correlationId": "",
                "timestamp": "2026-08-15T02:58:18.637",
                "level": "INFO",
                "thread": "main",
                "logger": "org.apache.catalina.core.StandardService",
                "message": "Starting service [Tomcat]"
                }{
                "correlationId": "",
                "timestamp": "2026-08-15T02:58:18.638",
                "level": "INFO",
                "thread": "main",
                "logger": "org.apache.catalina.core.StandardEngine",
                "message": "Starting Servlet engine: [Apache Tomcat/10.1.20]"
                }{
                "correlationId": "",
                "timestamp": "2026-08-15T02:58:18.674",
                "level": "INFO",
                "thread": "main",
                "logger": "org.apache.catalina.core.ContainerBase.[Tomcat].[localhost].[/]",
                "message": "Initializing Spring embedded WebApplicationContext"
                }{
                "correlationId": "",
                "timestamp": "2026-08-15T02:58:18.675",
                "level": "INFO",
                "thread": "main",
                "logger": "org.springframework.boot.web.servlet.context.ServletWebServerApplicationContext",
                "message": "Root WebApplicationContext: initialization completed in 3535 ms"
                }{
                "correlationId": "",
                "timestamp": "2026-08-15T02:58:19.757",
                "level": "INFO",
                "thread": "main",
                "logger": "co.edu.uco.infraestructure.config.SurrealDBConfig",
                "message": "Connecting to SurrealDB at: ws://surrealdb-messageucolab:8005/rpc"
                }{
                "correlationId": "",
                "timestamp": "2026-08-15T02:58:20.574",
                "level": "INFO",
                "thread": "main",
                "logger": "co.edu.uco.infraestructure.config.SurrealDBConfig",
                "message": "Successfully signed in to SurrealDB"
                }{
                "correlationId": "",
                "timestamp": "2026-08-15T02:58:20.577",
                "level": "INFO",
                "thread": "main",
                "logger": "co.edu.uco.infraestructure.config.SurrealDBConfig",
                "message": "Using namespace: messageucolab and database: messageucolab"
                }{
                "correlationId": "",
                "timestamp": "2026-08-15T02:58:20.826",
                "level": "INFO",
                "thread": "main",
                "logger": "com.azure.identity.EnvironmentCredential",
                "message": "Azure Identity => EnvironmentCredential invoking ClientSecretCredential"
                }{
                "correlationId": "",
                "timestamp": "2026-08-15T02:58:21.744",
                "level": "INFO",
                "thread": "main",
                "logger": "org.springframework.boot.actuate.endpoint.web.EndpointLinksResolver",
                "message": "Exposing 3 endpoint(s) beneath base path '/actuator'"
                }{
                "correlationId": "",
                "timestamp": "2026-08-15T02:58:21.791",
                "level": "INFO",
                "thread": "main",
                "logger": "org.apache.coyote.http11.Http11NioProtocol",
                "message": "Starting ProtocolHandler ["http-nio-8085"]"
                }{
                "correlationId": "",
                "timestamp": "2026-08-15T02:58:21.807",
                "level": "INFO",
                "thread": "main",
                "logger": "org.springframework.boot.web.embedded.tomcat.TomcatWebServer",
                "message": "Tomcat started on port 8085 (http) with context path ''"
                }{
                "correlationId": "",
                "timestamp": "2026-08-15T02:58:21.822",
                "level": "INFO",
                "thread": "main",
                "logger": "co.edu.uco.init.CrossWordApplication",
                "message": "Started CrossWordApplication in 26.153 seconds (process running for 27.29)"
                }{
                "correlationId": "",
                "timestamp": "2026-08-15T02:58:22.668",
                "level": "INFO",
                "thread": "http-nio-8085-exec-1",
                "logger": "org.apache.catalina.core.ContainerBase.[Tomcat].[localhost].[/]",
                "message": "Initializing Spring DispatcherServlet 'dispatcherServlet'"
                }{
                "correlationId": "",
                "timestamp": "2026-08-15T02:58:22.669",
                "level": "INFO",
                "thread": "http-nio-8085-exec-1",
                "logger": "org.springframework.web.servlet.DispatcherServlet",
                "message": "Initializing Servlet 'dispatcherServlet'"
                }{
                "correlationId": "",
                "timestamp": "2026-08-15T02:58:22.671",
                "level": "INFO",
                "thread": "http-nio-8085-exec-1",
                "logger": "org.springframework.web.servlet.DispatcherServlet",
                "message": "Completed initialization in 2 ms"
                }{
                "correlationId": "3867e847-a181-49e6-b179-3390b5ea2769",
                "timestamp": "2026-08-15T02:58:51.402",
                "level": "INFO",
                "thread": "http-nio-8085-exec-10",
                "logger": "co.edu.uco.infraestructure.secondaryadapters.presenter.rest.HttpPresenterAdapter",
                "message": "The successful response is: {"data":["KmBrmN9GC0gZEoTrhjtHfbYRVgm9OO/r08Z6qaQwVXPVOWIyCL9PQfkrQaZuo0V9gsG/JFdDQGn6zU64VUkP2Q0NJpbKloi6XKAJDL4n5EaLPNtvOodeEU0sTVRx4gs7VrrNnyyThHOnBzgwx98/47ZF717xOjDNv2LbFtABeWljpyaazG+WUZvXow2665aaDpnuKB9WFTTkPROvFRI7bEORH/0UEZE0Y+4+wWf2w2FQh6q94PGGvUIhSnUI5o7peZSz+Pktty6hTiYC5hcXwRDX/NA81B5MstFFHLLICqpq7Bih40rmVy0TudJqY8CIxNH2stV/1xoVvieU0XhS/Q=="],"errors":[]}"
                }{
                "correlationId": "2313f1ef-383e-411d-b05a-ddb0b8a50318",
                "timestamp": "2026-08-15T02:59:04.295",
                "level": "INFO",
                "thread": "http-nio-8085-exec-6",
                "logger": "co.edu.uco.application.common.catalog.strategy.MessageCatalogStrategy",
                "message": "The message was not found in cache, we proceed to search in database"
                }{
                "correlationId": "2313f1ef-383e-411d-b05a-ddb0b8a50318",
                "timestamp": "2026-08-15T02:59:04.305",
                "level": "INFO",
                "thread": "http-nio-8085-exec-6",
                "logger": "co.edu.uco.application.common.catalog.strategy.MessageCatalogStrategy",
                "message": "Messages were found in the database, proceed to return and cache."
                }{
                "correlationId": "2313f1ef-383e-411d-b05a-ddb0b8a50318",
                "timestamp": "2026-08-15T02:59:04.348",
                "level": "INFO",
                "thread": "http-nio-8085-exec-6",
                "logger": "co.edu.uco.infraestructure.secondaryadapters.presenter.rest.HttpPresenterAdapter",
                "message": "The successful response is: {"data":[{"data":[{"code":"REL_TO_DOC_002","title":"Mensaje relacional hacia documental","content":"Gatos","type":"Functional","category":"","application":"App Documental Flow","functionality":"Flujo documental"}],"page":0,"size":50,"totalItems":1,"totalPages":1}],"errors":[]}"
                }{
                "correlationId": "811d4296-b5c8-4ca7-931b-936f094fb55a",
                "timestamp": "2026-08-15T02:59:14.734",
                "level": "INFO",
                "thread": "http-nio-8085-exec-10",
                "logger": "co.edu.uco.application.common.catalog.strategy.MessageCatalogStrategy",
                "message": "Messages were found in cache, proceed to return."
                }{
                "correlationId": "811d4296-b5c8-4ca7-931b-936f094fb55a",
                "timestamp": "2026-08-15T02:59:14.738",
                "level": "INFO",
                "thread": "http-nio-8085-exec-10",
                "logger": "co.edu.uco.infraestructure.secondaryadapters.presenter.rest.HttpPresenterAdapter",
                "message": "The successful response is: {"data":[{"code":"REL_TO_DOC_002","title":"Mensaje relacional hacia documental","content":"Gatos","type":"","category":"Functional","application":"App Documental Flow","functionality":"Flujo documental"}],"errors":[]}"
                }{
                "correlationId": "56a99b37-6236-48c1-91b9-d599b9211f3b",
                "timestamp": "2026-08-15T02:59:23.302",
                "level": "INFO",
                "thread": "http-nio-8085-exec-5",
                "logger": "co.edu.uco.application.common.catalog.strategy.MessageCatalogStrategy",
                "message": "Messages were found in cache, proceed to return."
                }{
                "correlationId": "56a99b37-6236-48c1-91b9-d599b9211f3b",
                "timestamp": "2026-08-15T02:59:53.615",
                "level": "WARN",
                "thread": "http-nio-8085-exec-5",
                "logger": "dev.langchain4j.internal.RetryUtils",
                "message": "A retriable exception occurred. Remaining retries: 2 of 2"
                }dev.langchain4j.exception.TimeoutException: request timed out
	at dev.langchain4j.http.client.jdk.JdkHttpClient.execute(JdkHttpClient.java:59)
	at dev.langchain4j.model.ollama.OllamaClient.chat(OllamaClient.java:116)
	at dev.langchain4j.model.ollama.OllamaChatModel.lambda$doChat$0(OllamaChatModel.java:41)
	at dev.langchain4j.internal.ExceptionMapper.withExceptionMapper(ExceptionMapper.java:29)
	at dev.langchain4j.internal.RetryUtils.lambda$withRetryMappingExceptions$1(RetryUtils.java:326)
	at dev.langchain4j.internal.RetryUtils$RetryPolicy.withRetry(RetryUtils.java:204)
	at dev.langchain4j.internal.RetryUtils.withRetry(RetryUtils.java:263)
	at dev.langchain4j.internal.RetryUtils.withRetryMappingExceptions(RetryUtils.java:326)
	at dev.langchain4j.internal.RetryUtils.withRetryMappingExceptions(RetryUtils.java:309)
	at dev.langchain4j.model.ollama.OllamaChatModel.doChat(OllamaChatModel.java:41)
	at dev.langchain4j.model.chat.ChatModel.chat(ChatModel.java:61)
	at dev.langchain4j.model.chat.ChatModel.chat(ChatModel.java:36)
	at co.edu.uco.infraestructure.secondaryadapters.translation.LangChain4jMessageTranslationAdapter.translate(LangChain4jMessageTranslationAdapter.java:63)
	at co.edu.uco.application.usecase.TranslateMessageByCodeAndEnvironmentUseCase.execute(TranslateMessageByCodeAndEnvironmentUseCase.java:82)
	at co.edu.uco.application.primaryports.facade.message.impl.TranslateMessageByCodeAndEnvironmentUseCaseFacadeImpl.execute(TranslateMessageByCodeAndEnvironmentUseCaseFacadeImpl.java:26)
	at co.edu.uco.infraestructure.primaryadapters.controller.MessagesControllerImpl.translateByCodeMessageAndEnvironment(MessagesControllerImpl.java:159)
	at java.base/jdk.internal.reflect.DirectMethodHandleAccessor.invoke(DirectMethodHandleAccessor.java:103)
	at java.base/java.lang.reflect.Method.invoke(Method.java:580)
	at org.springframework.web.method.support.InvocableHandlerMethod.doInvoke(InvocableHandlerMethod.java:255)
	at org.springframework.web.method.support.InvocableHandlerMethod.invokeForRequest(InvocableHandlerMethod.java:188)
	at org.springframework.web.servlet.mvc.method.annotation.ServletInvocableHandlerMethod.invokeAndHandle(ServletInvocableHandlerMethod.java:118)
	at org.springframework.web.servlet.mvc.method.annotation.RequestMappingHandlerAdapter.invokeHandlerMethod(RequestMappingHandlerAdapter.java:926)
	at org.springframework.web.servlet.mvc.method.annotation.RequestMappingHandlerAdapter.handleInternal(RequestMappingHandlerAdapter.java:831)
	at org.springframework.web.servlet.mvc.method.AbstractHandlerMethodAdapter.handle(AbstractHandlerMethodAdapter.java:87)
	at org.springframework.web.servlet.DispatcherServlet.doDispatch(DispatcherServlet.java:1089)
	at org.springframework.web.servlet.DispatcherServlet.doService(DispatcherServlet.java:979)
	at org.springframework.web.servlet.FrameworkServlet.processRequest(FrameworkServlet.java:1014)
	at org.springframework.web.servlet.FrameworkServlet.doGet(FrameworkServlet.java:903)
	at jakarta.servlet.http.HttpServlet.service(HttpServlet.java:564)
	at org.springframework.web.servlet.FrameworkServlet.service(FrameworkServlet.java:885)
	at jakarta.servlet.http.HttpServlet.service(HttpServlet.java:658)
	at org.apache.catalina.core.ApplicationFilterChain.internalDoFilter(ApplicationFilterChain.java:206)
	at org.apache.catalina.core.ApplicationFilterChain.doFilter(ApplicationFilterChain.java:150)
	at org.apache.tomcat.websocket.server.WsFilter.doFilter(WsFilter.java:51)
	at org.apache.catalina.core.ApplicationFilterChain.internalDoFilter(ApplicationFilterChain.java:175)
	at org.apache.catalina.core.ApplicationFilterChain.doFilter(ApplicationFilterChain.java:150)
	at org.springframework.web.filter.RequestContextFilter.doFilterInternal(RequestContextFilter.java:100)
	at org.springframework.web.filter.OncePerRequestFilter.doFilter(OncePerRequestFilter.java:116)
	at org.apache.catalina.core.ApplicationFilterChain.internalDoFilter(ApplicationFilterChain.java:175)
	at org.apache.catalina.core.ApplicationFilterChain.doFilter(ApplicationFilterChain.java:150)
	at org.springframework.web.filter.FormContentFilter.doFilterInternal(FormContentFilter.java:93)
	at org.springframework.web.filter.OncePerRequestFilter.doFilter(OncePerRequestFilter.java:116)
	at org.apache.catalina.core.ApplicationFilterChain.internalDoFilter(ApplicationFilterChain.java:175)
	at org.apache.catalina.core.ApplicationFilterChain.doFilter(ApplicationFilterChain.java:150)
	at org.springframework.web.filter.ServerHttpObservationFilter.doFilterInternal(ServerHttpObservationFilter.java:109)
	at org.springframework.web.filter.OncePerRequestFilter.doFilter(OncePerRequestFilter.java:116)
	at org.apache.catalina.core.ApplicationFilterChain.internalDoFilter(ApplicationFilterChain.java:175)
	at org.apache.catalina.core.ApplicationFilterChain.doFilter(ApplicationFilterChain.java:150)
	at org.springframework.web.filter.CharacterEncodingFilter.doFilterInternal(CharacterEncodingFilter.java:201)
	at org.springframework.web.filter.OncePerRequestFilter.doFilter(OncePerRequestFilter.java:116)
	at org.apache.catalina.core.ApplicationFilterChain.internalDoFilter(ApplicationFilterChain.java:175)
	at org.apache.catalina.core.ApplicationFilterChain.doFilter(ApplicationFilterChain.java:150)
	at org.apache.catalina.core.StandardWrapperValve.invoke(StandardWrapperValve.java:167)
	at org.apache.catalina.core.StandardContextValve.invoke(StandardContextValve.java:90)
	at org.apache.catalina.authenticator.AuthenticatorBase.invoke(AuthenticatorBase.java:482)
	at org.apache.catalina.core.StandardHostValve.invoke(StandardHostValve.java:115)
	at org.apache.catalina.valves.ErrorReportValve.invoke(ErrorReportValve.java:93)
	at org.apache.catalina.core.StandardEngineValve.invoke(StandardEngineValve.java:74)
	at org.apache.catalina.connector.CoyoteAdapter.service(CoyoteAdapter.java:344)
	at org.apache.coyote.http11.Http11Processor.service(Http11Processor.java:391)
	at org.apache.coyote.AbstractProcessorLight.process(AbstractProcessorLight.java:63)
	at org.apache.coyote.AbstractProtocol$ConnectionHandler.process(AbstractProtocol.java:896)
	at org.apache.tomcat.util.net.NioEndpoint$SocketProcessor.doRun(NioEndpoint.java:1736)
	at org.apache.tomcat.util.net.SocketProcessorBase.run(SocketProcessorBase.java:52)
	at org.apache.tomcat.util.threads.ThreadPoolExecutor.runWorker(ThreadPoolExecutor.java:1191)
	at org.apache.tomcat.util.threads.ThreadPoolExecutor$Worker.run(ThreadPoolExecutor.java:659)
	at org.apache.tomcat.util.threads.TaskThread$WrappingRunnable.run(TaskThread.java:63)
	at java.base/java.lang.Thread.run(Thread.java:1583)
Caused by: java.net.http.HttpTimeoutException: request timed out
	at java.net.http/jdk.internal.net.http.HttpClientImpl.send(HttpClientImpl.java:953)
	at java.net.http/jdk.internal.net.http.HttpClientFacade.send(HttpClientFacade.java:133)
	at dev.langchain4j.http.client.jdk.JdkHttpClient.execute(JdkHttpClient.java:51)
	... 67 common frames omitted
{
                "correlationId": "b5df4ff1-7dfe-407e-9d31-dd66c20dc15b",
                "timestamp": "2026-08-15T03:00:23.559",
                "level": "INFO",
                "thread": "http-nio-8085-exec-8",
                "logger": "co.edu.uco.application.common.catalog.strategy.MessageCatalogStrategy",
                "message": "Messages were found in cache, proceed to return."
                }{
                "correlationId": "56a99b37-6236-48c1-91b9-d599b9211f3b",
                "timestamp": "2026-08-15T03:00:24.223",
                "level": "WARN",
                "thread": "http-nio-8085-exec-5",
                "logger": "dev.langchain4j.internal.RetryUtils",
                "message": "A retriable exception occurred. Remaining retries: 1 of 2"
                }dev.langchain4j.exception.TimeoutException: request timed out
	at dev.langchain4j.http.client.jdk.JdkHttpClient.execute(JdkHttpClient.java:59)
	at dev.langchain4j.model.ollama.OllamaClient.chat(OllamaClient.java:116)
	at dev.langchain4j.model.ollama.OllamaChatModel.lambda$doChat$0(OllamaChatModel.java:41)
	at dev.langchain4j.internal.ExceptionMapper.withExceptionMapper(ExceptionMapper.java:29)
	at dev.langchain4j.internal.RetryUtils.lambda$withRetryMappingExceptions$1(RetryUtils.java:326)
	at dev.langchain4j.internal.RetryUtils$RetryPolicy.withRetry(RetryUtils.java:204)
	at dev.langchain4j.internal.RetryUtils.withRetry(RetryUtils.java:263)
	at dev.langchain4j.internal.RetryUtils.withRetryMappingExceptions(RetryUtils.java:326)
	at dev.langchain4j.internal.RetryUtils.withRetryMappingExceptions(RetryUtils.java:309)
	at dev.langchain4j.model.ollama.OllamaChatModel.doChat(OllamaChatModel.java:41)
	at dev.langchain4j.model.chat.ChatModel.chat(ChatModel.java:61)
	at dev.langchain4j.model.chat.ChatModel.chat(ChatModel.java:36)
	at co.edu.uco.infraestructure.secondaryadapters.translation.LangChain4jMessageTranslationAdapter.translate(LangChain4jMessageTranslationAdapter.java:63)
	at co.edu.uco.application.usecase.TranslateMessageByCodeAndEnvironmentUseCase.execute(TranslateMessageByCodeAndEnvironmentUseCase.java:82)
	at co.edu.uco.application.primaryports.facade.message.impl.TranslateMessageByCodeAndEnvironmentUseCaseFacadeImpl.execute(TranslateMessageByCodeAndEnvironmentUseCaseFacadeImpl.java:26)
	at co.edu.uco.infraestructure.primaryadapters.controller.MessagesControllerImpl.translateByCodeMessageAndEnvironment(MessagesControllerImpl.java:159)
	at java.base/jdk.internal.reflect.DirectMethodHandleAccessor.invoke(DirectMethodHandleAccessor.java:103)
	at java.base/java.lang.reflect.Method.invoke(Method.java:580)
	at org.springframework.web.method.support.InvocableHandlerMethod.doInvoke(InvocableHandlerMethod.java:255)
	at org.springframework.web.method.support.InvocableHandlerMethod.invokeForRequest(InvocableHandlerMethod.java:188)
	at org.springframework.web.servlet.mvc.method.annotation.ServletInvocableHandlerMethod.invokeAndHandle(ServletInvocableHandlerMethod.java:118)
	at org.springframework.web.servlet.mvc.method.annotation.RequestMappingHandlerAdapter.invokeHandlerMethod(RequestMappingHandlerAdapter.java:926)
	at org.springframework.web.servlet.mvc.method.annotation.RequestMappingHandlerAdapter.handleInternal(RequestMappingHandlerAdapter.java:831)
	at org.springframework.web.servlet.mvc.method.AbstractHandlerMethodAdapter.handle(AbstractHandlerMethodAdapter.java:87)
	at org.springframework.web.servlet.DispatcherServlet.doDispatch(DispatcherServlet.java:1089)
	at org.springframework.web.servlet.DispatcherServlet.doService(DispatcherServlet.java:979)
	at org.springframework.web.servlet.FrameworkServlet.processRequest(FrameworkServlet.java:1014)
	at org.springframework.web.servlet.FrameworkServlet.doGet(FrameworkServlet.java:903)
	at jakarta.servlet.http.HttpServlet.service(HttpServlet.java:564)
	at org.springframework.web.servlet.FrameworkServlet.service(FrameworkServlet.java:885)
	at jakarta.servlet.http.HttpServlet.service(HttpServlet.java:658)
	at org.apache.catalina.core.ApplicationFilterChain.internalDoFilter(ApplicationFilterChain.java:206)
	at org.apache.catalina.core.ApplicationFilterChain.doFilter(ApplicationFilterChain.java:150)
	at org.apache.tomcat.websocket.server.WsFilter.doFilter(WsFilter.java:51)
	at org.apache.catalina.core.ApplicationFilterChain.internalDoFilter(ApplicationFilterChain.java:175)
	at org.apache.catalina.core.ApplicationFilterChain.doFilter(ApplicationFilterChain.java:150)
	at org.springframework.web.filter.RequestContextFilter.doFilterInternal(RequestContextFilter.java:100)
	at org.springframework.web.filter.OncePerRequestFilter.doFilter(OncePerRequestFilter.java:116)
	at org.apache.catalina.core.ApplicationFilterChain.internalDoFilter(ApplicationFilterChain.java:175)
	at org.apache.catalina.core.ApplicationFilterChain.doFilter(ApplicationFilterChain.java:150)
	at org.springframework.web.filter.FormContentFilter.doFilterInternal(FormContentFilter.java:93)
	at org.springframework.web.filter.OncePerRequestFilter.doFilter(OncePerRequestFilter.java:116)
	at org.apache.catalina.core.ApplicationFilterChain.internalDoFilter(ApplicationFilterChain.java:175)
	at org.apache.catalina.core.ApplicationFilterChain.doFilter(ApplicationFilterChain.java:150)
	at org.springframework.web.filter.ServerHttpObservationFilter.doFilterInternal(ServerHttpObservationFilter.java:109)
	at org.springframework.web.filter.OncePerRequestFilter.doFilter(OncePerRequestFilter.java:116)
	at org.apache.catalina.core.ApplicationFilterChain.internalDoFilter(ApplicationFilterChain.java:175)
	at org.apache.catalina.core.ApplicationFilterChain.doFilter(ApplicationFilterChain.java:150)
	at org.springframework.web.filter.CharacterEncodingFilter.doFilterInternal(CharacterEncodingFilter.java:201)
	at org.springframework.web.filter.OncePerRequestFilter.doFilter(OncePerRequestFilter.java:116)
	at org.apache.catalina.core.ApplicationFilterChain.internalDoFilter(ApplicationFilterChain.java:175)
	at org.apache.catalina.core.ApplicationFilterChain.doFilter(ApplicationFilterChain.java:150)
	at org.apache.catalina.core.StandardWrapperValve.invoke(StandardWrapperValve.java:167)
	at org.apache.catalina.core.StandardContextValve.invoke(StandardContextValve.java:90)
	at org.apache.catalina.authenticator.AuthenticatorBase.invoke(AuthenticatorBase.java:482)
	at org.apache.catalina.core.StandardHostValve.invoke(StandardHostValve.java:115)
	at org.apache.catalina.valves.ErrorReportValve.invoke(ErrorReportValve.java:93)
	at org.apache.catalina.core.StandardEngineValve.invoke(StandardEngineValve.java:74)
	at org.apache.catalina.connector.CoyoteAdapter.service(CoyoteAdapter.java:344)
	at org.apache.coyote.http11.Http11Processor.service(Http11Processor.java:391)
	at org.apache.coyote.AbstractProcessorLight.process(AbstractProcessorLight.java:63)
	at org.apache.coyote.AbstractProtocol$ConnectionHandler.process(AbstractProtocol.java:896)
	at org.apache.tomcat.util.net.NioEndpoint$SocketProcessor.doRun(NioEndpoint.java:1736)
	at org.apache.tomcat.util.net.SocketProcessorBase.run(SocketProcessorBase.java:52)
	at org.apache.tomcat.util.threads.ThreadPoolExecutor.runWorker(ThreadPoolExecutor.java:1191)
	at org.apache.tomcat.util.threads.ThreadPoolExecutor$Worker.run(ThreadPoolExecutor.java:659)
	at org.apache.tomcat.util.threads.TaskThread$WrappingRunnable.run(TaskThread.java:63)
	at java.base/java.lang.Thread.run(Thread.java:1583)
Caused by: java.net.http.HttpTimeoutException: request timed out
	at java.net.http/jdk.internal.net.http.HttpClientImpl.send(HttpClientImpl.java:953)
	at java.net.http/jdk.internal.net.http.HttpClientFacade.send(HttpClientFacade.java:133)
	at dev.langchain4j.http.client.jdk.JdkHttpClient.execute(JdkHttpClient.java:51)
	... 67 common frames omitted
{
                "correlationId": "b5df4ff1-7dfe-407e-9d31-dd66c20dc15b",
                "timestamp": "2026-08-15T03:00:53.593",
                "level": "WARN",
                "thread": "http-nio-8085-exec-8",
                "logger": "dev.langchain4j.internal.RetryUtils",
                "message": "A retriable exception occurred. Remaining retries: 2 of 2"
                }dev.langchain4j.exception.TimeoutException: request timed out
	at dev.langchain4j.http.client.jdk.JdkHttpClient.execute(JdkHttpClient.java:59)
	at dev.langchain4j.model.ollama.OllamaClient.chat(OllamaClient.java:116)
	at dev.langchain4j.model.ollama.OllamaChatModel.lambda$doChat$0(OllamaChatModel.java:41)
	at dev.langchain4j.internal.ExceptionMapper.withExceptionMapper(ExceptionMapper.java:29)
	at dev.langchain4j.internal.RetryUtils.lambda$withRetryMappingExceptions$1(RetryUtils.java:326)
	at dev.langchain4j.internal.RetryUtils$RetryPolicy.withRetry(RetryUtils.java:204)
	at dev.langchain4j.internal.RetryUtils.withRetry(RetryUtils.java:263)
	at dev.langchain4j.internal.RetryUtils.withRetryMappingExceptions(RetryUtils.java:326)
	at dev.langchain4j.internal.RetryUtils.withRetryMappingExceptions(RetryUtils.java:309)
	at dev.langchain4j.model.ollama.OllamaChatModel.doChat(OllamaChatModel.java:41)
	at dev.langchain4j.model.chat.ChatModel.chat(ChatModel.java:61)
	at dev.langchain4j.model.chat.ChatModel.chat(ChatModel.java:36)
	at co.edu.uco.infraestructure.secondaryadapters.translation.LangChain4jMessageTranslationAdapter.translate(LangChain4jMessageTranslationAdapter.java:63)
	at co.edu.uco.application.usecase.TranslateMessageByCodeAndEnvironmentUseCase.execute(TranslateMessageByCodeAndEnvironmentUseCase.java:82)
	at co.edu.uco.application.primaryports.facade.message.impl.TranslateMessageByCodeAndEnvironmentUseCaseFacadeImpl.execute(TranslateMessageByCodeAndEnvironmentUseCaseFacadeImpl.java:26)
	at co.edu.uco.infraestructure.primaryadapters.controller.MessagesControllerImpl.translateByCodeMessageAndEnvironment(MessagesControllerImpl.java:159)
	at java.base/jdk.internal.reflect.DirectMethodHandleAccessor.invoke(DirectMethodHandleAccessor.java:103)
	at java.base/java.lang.reflect.Method.invoke(Method.java:580)
	at org.springframework.web.method.support.InvocableHandlerMethod.doInvoke(InvocableHandlerMethod.java:255)
	at org.springframework.web.method.support.InvocableHandlerMethod.invokeForRequest(InvocableHandlerMethod.java:188)
	at org.springframework.web.servlet.mvc.method.annotation.ServletInvocableHandlerMethod.invokeAndHandle(ServletInvocableHandlerMethod.java:118)
	at org.springframework.web.servlet.mvc.method.annotation.RequestMappingHandlerAdapter.invokeHandlerMethod(RequestMappingHandlerAdapter.java:926)
	at org.springframework.web.servlet.mvc.method.annotation.RequestMappingHandlerAdapter.handleInternal(RequestMappingHandlerAdapter.java:831)
	at org.springframework.web.servlet.mvc.method.AbstractHandlerMethodAdapter.handle(AbstractHandlerMethodAdapter.java:87)
	at org.springframework.web.servlet.DispatcherServlet.doDispatch(DispatcherServlet.java:1089)
	at org.springframework.web.servlet.DispatcherServlet.doService(DispatcherServlet.java:979)
	at org.springframework.web.servlet.FrameworkServlet.processRequest(FrameworkServlet.java:1014)
	at org.springframework.web.servlet.FrameworkServlet.doGet(FrameworkServlet.java:903)
	at jakarta.servlet.http.HttpServlet.service(HttpServlet.java:564)
	at org.springframework.web.servlet.FrameworkServlet.service(FrameworkServlet.java:885)
	at jakarta.servlet.http.HttpServlet.service(HttpServlet.java:658)
	at org.apache.catalina.core.ApplicationFilterChain.internalDoFilter(ApplicationFilterChain.java:206)
	at org.apache.catalina.core.ApplicationFilterChain.doFilter(ApplicationFilterChain.java:150)
	at org.apache.tomcat.websocket.server.WsFilter.doFilter(WsFilter.java:51)
	at org.apache.catalina.core.ApplicationFilterChain.internalDoFilter(ApplicationFilterChain.java:175)
	at org.apache.catalina.core.ApplicationFilterChain.doFilter(ApplicationFilterChain.java:150)
	at org.springframework.web.filter.RequestContextFilter.doFilterInternal(RequestContextFilter.java:100)
	at org.springframework.web.filter.OncePerRequestFilter.doFilter(OncePerRequestFilter.java:116)
	at org.apache.catalina.core.ApplicationFilterChain.internalDoFilter(ApplicationFilterChain.java:175)
	at org.apache.catalina.core.ApplicationFilterChain.doFilter(ApplicationFilterChain.java:150)
	at org.springframework.web.filter.FormContentFilter.doFilterInternal(FormContentFilter.java:93)
	at org.springframework.web.filter.OncePerRequestFilter.doFilter(OncePerRequestFilter.java:116)
	at org.apache.catalina.core.ApplicationFilterChain.internalDoFilter(ApplicationFilterChain.java:175)
	at org.apache.catalina.core.ApplicationFilterChain.doFilter(ApplicationFilterChain.java:150)
	at org.springframework.web.filter.ServerHttpObservationFilter.doFilterInternal(ServerHttpObservationFilter.java:109)
	at org.springframework.web.filter.OncePerRequestFilter.doFilter(OncePerRequestFilter.java:116)
	at org.apache.catalina.core.ApplicationFilterChain.internalDoFilter(ApplicationFilterChain.java:175)
	at org.apache.catalina.core.ApplicationFilterChain.doFilter(ApplicationFilterChain.java:150)
	at org.springframework.web.filter.CharacterEncodingFilter.doFilterInternal(CharacterEncodingFilter.java:201)
	at org.springframework.web.filter.OncePerRequestFilter.doFilter(OncePerRequestFilter.java:116)
	at org.apache.catalina.core.ApplicationFilterChain.internalDoFilter(ApplicationFilterChain.java:175)
	at org.apache.catalina.core.ApplicationFilterChain.doFilter(ApplicationFilterChain.java:150)
	at org.apache.catalina.core.StandardWrapperValve.invoke(StandardWrapperValve.java:167)
	at org.apache.catalina.core.StandardContextValve.invoke(StandardContextValve.java:90)
	at org.apache.catalina.authenticator.AuthenticatorBase.invoke(AuthenticatorBase.java:482)
	at org.apache.catalina.core.StandardHostValve.invoke(StandardHostValve.java:115)
	at org.apache.catalina.valves.ErrorReportValve.invoke(ErrorReportValve.java:93)
	at org.apache.catalina.core.StandardEngineValve.invoke(StandardEngineValve.java:74)
	at org.apache.catalina.connector.CoyoteAdapter.service(CoyoteAdapter.java:344)
	at org.apache.coyote.http11.Http11Processor.service(Http11Processor.java:391)
	at org.apache.coyote.AbstractProcessorLight.process(AbstractProcessorLight.java:63)
	at org.apache.coyote.AbstractProtocol$ConnectionHandler.process(AbstractProtocol.java:896)
	at org.apache.tomcat.util.net.NioEndpoint$SocketProcessor.doRun(NioEndpoint.java:1736)
	at org.apache.tomcat.util.net.SocketProcessorBase.run(SocketProcessorBase.java:52)
	at org.apache.tomcat.util.threads.ThreadPoolExecutor.runWorker(ThreadPoolExecutor.java:1191)
	at org.apache.tomcat.util.threads.ThreadPoolExecutor$Worker.run(ThreadPoolExecutor.java:659)
	at org.apache.tomcat.util.threads.TaskThread$WrappingRunnable.run(TaskThread.java:63)
	at java.base/java.lang.Thread.run(Thread.java:1583)
Caused by: java.net.http.HttpTimeoutException: request timed out
	at java.net.http/jdk.internal.net.http.HttpClientImpl.send(HttpClientImpl.java:953)
	at java.net.http/jdk.internal.net.http.HttpClientFacade.send(HttpClientFacade.java:133)
	at dev.langchain4j.http.client.jdk.JdkHttpClient.execute(JdkHttpClient.java:51)
	... 67 common frames omitted
{
                "correlationId": "56a99b37-6236-48c1-91b9-d599b9211f3b",
                "timestamp": "2026-08-15T03:00:56.555",
                "level": "INFO",
                "thread": "http-nio-8085-exec-5",
                "logger": "com.azure.identity.ChainedTokenCredential",
                "message": "Azure Identity => Attempted credential EnvironmentCredential returns a token"
                }{
                "correlationId": "56a99b37-6236-48c1-91b9-d599b9211f3b",
                "timestamp": "2026-08-15T03:00:58.196",
                "level": "ERROR",
                "thread": "http-nio-8085-exec-5",
                "logger": "co.edu.uco.infraestructure.secondaryadapters.translation.LangChain4jMessageTranslationAdapter",
                "message": "Dynamic translation failed with provider=langchain4j-ollama model=llama3.2 code=REL_TO_DOC_002 targetLanguage=en"
                }dev.langchain4j.exception.TimeoutException: request timed out
	at dev.langchain4j.http.client.jdk.JdkHttpClient.execute(JdkHttpClient.java:59)
	at dev.langchain4j.model.ollama.OllamaClient.chat(OllamaClient.java:116)
	at dev.langchain4j.model.ollama.OllamaChatModel.lambda$doChat$0(OllamaChatModel.java:41)
	at dev.langchain4j.internal.ExceptionMapper.withExceptionMapper(ExceptionMapper.java:29)
	at dev.langchain4j.internal.RetryUtils.lambda$withRetryMappingExceptions$1(RetryUtils.java:326)
	at dev.langchain4j.internal.RetryUtils$RetryPolicy.withRetry(RetryUtils.java:204)
	at dev.langchain4j.internal.RetryUtils.withRetry(RetryUtils.java:263)
	at dev.langchain4j.internal.RetryUtils.withRetryMappingExceptions(RetryUtils.java:326)
	at dev.langchain4j.internal.RetryUtils.withRetryMappingExceptions(RetryUtils.java:309)
	at dev.langchain4j.model.ollama.OllamaChatModel.doChat(OllamaChatModel.java:41)
	at dev.langchain4j.model.chat.ChatModel.chat(ChatModel.java:61)
	at dev.langchain4j.model.chat.ChatModel.chat(ChatModel.java:36)
	at co.edu.uco.infraestructure.secondaryadapters.translation.LangChain4jMessageTranslationAdapter.translate(LangChain4jMessageTranslationAdapter.java:63)
	at co.edu.uco.application.usecase.TranslateMessageByCodeAndEnvironmentUseCase.execute(TranslateMessageByCodeAndEnvironmentUseCase.java:82)
	at co.edu.uco.application.primaryports.facade.message.impl.TranslateMessageByCodeAndEnvironmentUseCaseFacadeImpl.execute(TranslateMessageByCodeAndEnvironmentUseCaseFacadeImpl.java:26)
	at co.edu.uco.infraestructure.primaryadapters.controller.MessagesControllerImpl.translateByCodeMessageAndEnvironment(MessagesControllerImpl.java:159)
	at java.base/jdk.internal.reflect.DirectMethodHandleAccessor.invoke(DirectMethodHandleAccessor.java:103)
	at java.base/java.lang.reflect.Method.invoke(Method.java:580)
	at org.springframework.web.method.support.InvocableHandlerMethod.doInvoke(InvocableHandlerMethod.java:255)
	at org.springframework.web.method.support.InvocableHandlerMethod.invokeForRequest(InvocableHandlerMethod.java:188)
	at org.springframework.web.servlet.mvc.method.annotation.ServletInvocableHandlerMethod.invokeAndHandle(ServletInvocableHandlerMethod.java:118)
	at org.springframework.web.servlet.mvc.method.annotation.RequestMappingHandlerAdapter.invokeHandlerMethod(RequestMappingHandlerAdapter.java:926)
	at org.springframework.web.servlet.mvc.method.annotation.RequestMappingHandlerAdapter.handleInternal(RequestMappingHandlerAdapter.java:831)
	at org.springframework.web.servlet.mvc.method.AbstractHandlerMethodAdapter.handle(AbstractHandlerMethodAdapter.java:87)
	at org.springframework.web.servlet.DispatcherServlet.doDispatch(DispatcherServlet.java:1089)
	at org.springframework.web.servlet.DispatcherServlet.doService(DispatcherServlet.java:979)
	at org.springframework.web.servlet.FrameworkServlet.processRequest(FrameworkServlet.java:1014)
	at org.springframework.web.servlet.FrameworkServlet.doGet(FrameworkServlet.java:903)
	at jakarta.servlet.http.HttpServlet.service(HttpServlet.java:564)
	at org.springframework.web.servlet.FrameworkServlet.service(FrameworkServlet.java:885)
	at jakarta.servlet.http.HttpServlet.service(HttpServlet.java:658)
	at org.apache.catalina.core.ApplicationFilterChain.internalDoFilter(ApplicationFilterChain.java:206)
	at org.apache.catalina.core.ApplicationFilterChain.doFilter(ApplicationFilterChain.java:150)
	at org.apache.tomcat.websocket.server.WsFilter.doFilter(WsFilter.java:51)
	at org.apache.catalina.core.ApplicationFilterChain.internalDoFilter(ApplicationFilterChain.java:175)
	at org.apache.catalina.core.ApplicationFilterChain.doFilter(ApplicationFilterChain.java:150)
	at org.springframework.web.filter.RequestContextFilter.doFilterInternal(RequestContextFilter.java:100)
	at org.springframework.web.filter.OncePerRequestFilter.doFilter(OncePerRequestFilter.java:116)
	at org.apache.catalina.core.ApplicationFilterChain.internalDoFilter(ApplicationFilterChain.java:175)
	at org.apache.catalina.core.ApplicationFilterChain.doFilter(ApplicationFilterChain.java:150)
	at org.springframework.web.filter.FormContentFilter.doFilterInternal(FormContentFilter.java:93)
	at org.springframework.web.filter.OncePerRequestFilter.doFilter(OncePerRequestFilter.java:116)
	at org.apache.catalina.core.ApplicationFilterChain.internalDoFilter(ApplicationFilterChain.java:175)
	at org.apache.catalina.core.ApplicationFilterChain.doFilter(ApplicationFilterChain.java:150)
	at org.springframework.web.filter.ServerHttpObservationFilter.doFilterInternal(ServerHttpObservationFilter.java:109)
	at org.springframework.web.filter.OncePerRequestFilter.doFilter(OncePerRequestFilter.java:116)
	at org.apache.catalina.core.ApplicationFilterChain.internalDoFilter(ApplicationFilterChain.java:175)
	at org.apache.catalina.core.ApplicationFilterChain.doFilter(ApplicationFilterChain.java:150)
	at org.springframework.web.filter.CharacterEncodingFilter.doFilterInternal(CharacterEncodingFilter.java:201)
	at org.springframework.web.filter.OncePerRequestFilter.doFilter(OncePerRequestFilter.java:116)
	at org.apache.catalina.core.ApplicationFilterChain.internalDoFilter(ApplicationFilterChain.java:175)
	at org.apache.catalina.core.ApplicationFilterChain.doFilter(ApplicationFilterChain.java:150)
	at org.apache.catalina.core.StandardWrapperValve.invoke(StandardWrapperValve.java:167)
	at org.apache.catalina.core.StandardContextValve.invoke(StandardContextValve.java:90)
	at org.apache.catalina.authenticator.AuthenticatorBase.invoke(AuthenticatorBase.java:482)
	at org.apache.catalina.core.StandardHostValve.invoke(StandardHostValve.java:115)
	at org.apache.catalina.valves.ErrorReportValve.invoke(ErrorReportValve.java:93)
	at org.apache.catalina.core.StandardEngineValve.invoke(StandardEngineValve.java:74)
	at org.apache.catalina.connector.CoyoteAdapter.service(CoyoteAdapter.java:344)
	at org.apache.coyote.http11.Http11Processor.service(Http11Processor.java:391)
	at org.apache.coyote.AbstractProcessorLight.process(AbstractProcessorLight.java:63)
	at org.apache.coyote.AbstractProtocol$ConnectionHandler.process(AbstractProtocol.java:896)
	at org.apache.tomcat.util.net.NioEndpoint$SocketProcessor.doRun(NioEndpoint.java:1736)
	at org.apache.tomcat.util.net.SocketProcessorBase.run(SocketProcessorBase.java:52)
	at org.apache.tomcat.util.threads.ThreadPoolExecutor.runWorker(ThreadPoolExecutor.java:1191)
	at org.apache.tomcat.util.threads.ThreadPoolExecutor$Worker.run(ThreadPoolExecutor.java:659)
	at org.apache.tomcat.util.threads.TaskThread$WrappingRunnable.run(TaskThread.java:63)
	at java.base/java.lang.Thread.run(Thread.java:1583)
Caused by: java.net.http.HttpTimeoutException: request timed out
	at java.net.http/jdk.internal.net.http.HttpClientImpl.send(HttpClientImpl.java:953)
	at java.net.http/jdk.internal.net.http.HttpClientFacade.send(HttpClientFacade.java:133)
	at dev.langchain4j.http.client.jdk.JdkHttpClient.execute(JdkHttpClient.java:51)
	... 67 common frames omitted
{
                "correlationId": "56a99b37-6236-48c1-91b9-d599b9211f3b",
                "timestamp": "2026-08-15T03:00:58.607",
                "level": "ERROR",
                "thread": "http-nio-8085-exec-5",
                "logger": "co.edu.uco.infraestructure.secondaryadapters.presenter.rest.HttpPresenterAdapter",
                "message": "The error response is: {"data":[],"errors":["The message could not be translated dynamically."]}"
                }{
                "correlationId": "61639f0b-c246-4f65-9769-0c17008a62bc",
                "timestamp": "2026-08-15T03:01:23.548",
                "level": "INFO",
                "thread": "http-nio-8085-exec-5",
                "logger": "co.edu.uco.application.common.catalog.strategy.MessageCatalogStrategy",
                "message": "Messages were found in cache, proceed to return."
                }{
                "correlationId": "b5df4ff1-7dfe-407e-9d31-dd66c20dc15b",
                "timestamp": "2026-08-15T03:01:24.219",
                "level": "WARN",
                "thread": "http-nio-8085-exec-8",
                "logger": "dev.langchain4j.internal.RetryUtils",
                "message": "A retriable exception occurred. Remaining retries: 1 of 2"
                }dev.langchain4j.exception.TimeoutException: request timed out
	at dev.langchain4j.http.client.jdk.JdkHttpClient.execute(JdkHttpClient.java:59)
	at dev.langchain4j.model.ollama.OllamaClient.chat(OllamaClient.java:116)
	at dev.langchain4j.model.ollama.OllamaChatModel.lambda$doChat$0(OllamaChatModel.java:41)
	at dev.langchain4j.internal.ExceptionMapper.withExceptionMapper(ExceptionMapper.java:29)
	at dev.langchain4j.internal.RetryUtils.lambda$withRetryMappingExceptions$1(RetryUtils.java:326)
	at dev.langchain4j.internal.RetryUtils$RetryPolicy.withRetry(RetryUtils.java:204)
	at dev.langchain4j.internal.RetryUtils.withRetry(RetryUtils.java:263)
	at dev.langchain4j.internal.RetryUtils.withRetryMappingExceptions(RetryUtils.java:326)
	at dev.langchain4j.internal.RetryUtils.withRetryMappingExceptions(RetryUtils.java:309)
	at dev.langchain4j.model.ollama.OllamaChatModel.doChat(OllamaChatModel.java:41)
	at dev.langchain4j.model.chat.ChatModel.chat(ChatModel.java:61)
	at dev.langchain4j.model.chat.ChatModel.chat(ChatModel.java:36)
	at co.edu.uco.infraestructure.secondaryadapters.translation.LangChain4jMessageTranslationAdapter.translate(LangChain4jMessageTranslationAdapter.java:63)
	at co.edu.uco.application.usecase.TranslateMessageByCodeAndEnvironmentUseCase.execute(TranslateMessageByCodeAndEnvironmentUseCase.java:82)
	at co.edu.uco.application.primaryports.facade.message.impl.TranslateMessageByCodeAndEnvironmentUseCaseFacadeImpl.execute(TranslateMessageByCodeAndEnvironmentUseCaseFacadeImpl.java:26)
	at co.edu.uco.infraestructure.primaryadapters.controller.MessagesControllerImpl.translateByCodeMessageAndEnvironment(MessagesControllerImpl.java:159)
	at java.base/jdk.internal.reflect.DirectMethodHandleAccessor.invoke(DirectMethodHandleAccessor.java:103)
	at java.base/java.lang.reflect.Method.invoke(Method.java:580)
	at org.springframework.web.method.support.InvocableHandlerMethod.doInvoke(InvocableHandlerMethod.java:255)
	at org.springframework.web.method.support.InvocableHandlerMethod.invokeForRequest(InvocableHandlerMethod.java:188)
	at org.springframework.web.servlet.mvc.method.annotation.ServletInvocableHandlerMethod.invokeAndHandle(ServletInvocableHandlerMethod.java:118)
	at org.springframework.web.servlet.mvc.method.annotation.RequestMappingHandlerAdapter.invokeHandlerMethod(RequestMappingHandlerAdapter.java:926)
	at org.springframework.web.servlet.mvc.method.annotation.RequestMappingHandlerAdapter.handleInternal(RequestMappingHandlerAdapter.java:831)
	at org.springframework.web.servlet.mvc.method.AbstractHandlerMethodAdapter.handle(AbstractHandlerMethodAdapter.java:87)
	at org.springframework.web.servlet.DispatcherServlet.doDispatch(DispatcherServlet.java:1089)
	at org.springframework.web.servlet.DispatcherServlet.doService(DispatcherServlet.java:979)
	at org.springframework.web.servlet.FrameworkServlet.processRequest(FrameworkServlet.java:1014)
	at org.springframework.web.servlet.FrameworkServlet.doGet(FrameworkServlet.java:903)
	at jakarta.servlet.http.HttpServlet.service(HttpServlet.java:564)
	at org.springframework.web.servlet.FrameworkServlet.service(FrameworkServlet.java:885)
	at jakarta.servlet.http.HttpServlet.service(HttpServlet.java:658)
	at org.apache.catalina.core.ApplicationFilterChain.internalDoFilter(ApplicationFilterChain.java:206)
	at org.apache.catalina.core.ApplicationFilterChain.doFilter(ApplicationFilterChain.java:150)
	at org.apache.tomcat.websocket.server.WsFilter.doFilter(WsFilter.java:51)
	at org.apache.catalina.core.ApplicationFilterChain.internalDoFilter(ApplicationFilterChain.java:175)
	at org.apache.catalina.core.ApplicationFilterChain.doFilter(ApplicationFilterChain.java:150)
	at org.springframework.web.filter.RequestContextFilter.doFilterInternal(RequestContextFilter.java:100)
	at org.springframework.web.filter.OncePerRequestFilter.doFilter(OncePerRequestFilter.java:116)
	at org.apache.catalina.core.ApplicationFilterChain.internalDoFilter(ApplicationFilterChain.java:175)
	at org.apache.catalina.core.ApplicationFilterChain.doFilter(ApplicationFilterChain.java:150)
	at org.springframework.web.filter.FormContentFilter.doFilterInternal(FormContentFilter.java:93)
	at org.springframework.web.filter.OncePerRequestFilter.doFilter(OncePerRequestFilter.java:116)
	at org.apache.catalina.core.ApplicationFilterChain.internalDoFilter(ApplicationFilterChain.java:175)
	at org.apache.catalina.core.ApplicationFilterChain.doFilter(ApplicationFilterChain.java:150)
	at org.springframework.web.filter.ServerHttpObservationFilter.doFilterInternal(ServerHttpObservationFilter.java:109)
	at org.springframework.web.filter.OncePerRequestFilter.doFilter(OncePerRequestFilter.java:116)
	at org.apache.catalina.core.ApplicationFilterChain.internalDoFilter(ApplicationFilterChain.java:175)
	at org.apache.catalina.core.ApplicationFilterChain.doFilter(ApplicationFilterChain.java:150)
	at org.springframework.web.filter.CharacterEncodingFilter.doFilterInternal(CharacterEncodingFilter.java:201)
	at org.springframework.web.filter.OncePerRequestFilter.doFilter(OncePerRequestFilter.java:116)
	at org.apache.catalina.core.ApplicationFilterChain.internalDoFilter(ApplicationFilterChain.java:175)
	at org.apache.catalina.core.ApplicationFilterChain.doFilter(ApplicationFilterChain.java:150)
	at org.apache.catalina.core.StandardWrapperValve.invoke(StandardWrapperValve.java:167)
	at org.apache.catalina.core.StandardContextValve.invoke(StandardContextValve.java:90)
	at org.apache.catalina.authenticator.AuthenticatorBase.invoke(AuthenticatorBase.java:482)
	at org.apache.catalina.core.StandardHostValve.invoke(StandardHostValve.java:115)
	at org.apache.catalina.valves.ErrorReportValve.invoke(ErrorReportValve.java:93)
	at org.apache.catalina.core.StandardEngineValve.invoke(StandardEngineValve.java:74)
	at org.apache.catalina.connector.CoyoteAdapter.service(CoyoteAdapter.java:344)
	at org.apache.coyote.http11.Http11Processor.service(Http11Processor.java:391)
	at org.apache.coyote.AbstractProcessorLight.process(AbstractProcessorLight.java:63)
	at org.apache.coyote.AbstractProtocol$ConnectionHandler.process(AbstractProtocol.java:896)
	at org.apache.tomcat.util.net.NioEndpoint$SocketProcessor.doRun(NioEndpoint.java:1736)
	at org.apache.tomcat.util.net.SocketProcessorBase.run(SocketProcessorBase.java:52)
	at org.apache.tomcat.util.threads.ThreadPoolExecutor.runWorker(ThreadPoolExecutor.java:1191)
	at org.apache.tomcat.util.threads.ThreadPoolExecutor$Worker.run(ThreadPoolExecutor.java:659)
	at org.apache.tomcat.util.threads.TaskThread$WrappingRunnable.run(TaskThread.java:63)
	at java.base/java.lang.Thread.run(Thread.java:1583)
Caused by: java.net.http.HttpTimeoutException: request timed out
	at java.net.http/jdk.internal.net.http.HttpClientImpl.send(HttpClientImpl.java:953)
	at java.net.http/jdk.internal.net.http.HttpClientFacade.send(HttpClientFacade.java:133)
	at dev.langchain4j.http.client.jdk.JdkHttpClient.execute(JdkHttpClient.java:51)
	... 67 common frames omitted
{
                "correlationId": "61639f0b-c246-4f65-9769-0c17008a62bc",
                "timestamp": "2026-08-15T03:01:50.189",
                "level": "INFO",
                "thread": "http-nio-8085-exec-5",
                "logger": "com.azure.identity.ChainedTokenCredential",
                "message": "Azure Identity => Returning token from cached credential EnvironmentCredential"
                }{
                "correlationId": "b5df4ff1-7dfe-407e-9d31-dd66c20dc15b",
                "timestamp": "2026-08-15T03:01:50.337",
                "level": "INFO",
                "thread": "http-nio-8085-exec-8",
                "logger": "co.edu.uco.infraestructure.secondaryadapters.translation.LangChain4jMessageTranslationAdapter",
                "message": "Dynamic translation completed with provider=langchain4j-ollama model=llama3.2 code=REL_TO_DOC_002 targetLanguage=en elapsedMs=86668"
                }{
                "correlationId": "b5df4ff1-7dfe-407e-9d31-dd66c20dc15b",
                "timestamp": "2026-08-15T03:01:50.873",
                "level": "INFO",
                "thread": "http-nio-8085-exec-8",
                "logger": "co.edu.uco.infraestructure.secondaryadapters.presenter.rest.HttpPresenterAdapter",
                "message": "The successful response is: {"data":[{"code":"REL_TO_DOC_002","sourceLanguage":"auto","targetLanguage":"en","originalTitle":"Mensaje relacional hacia documental","originalContent":"Gatos","translatedTitle":"Relationship Message to Documental","translatedContent":"Cats","type":"","category":"Functional","application":"App Documental Flow","functionality":"Flujo documental","translationProvider":"langchain4j-ollama","translationModel":"llama3.2","translationElapsedMs":86668,"dynamicTranslation":true}],"errors":[]}"
                }{
                "correlationId": "61639f0b-c246-4f65-9769-0c17008a62bc",
                "timestamp": "2026-08-15T03:01:51.524",
                "level": "INFO",
                "thread": "http-nio-8085-exec-5",
                "logger": "co.edu.uco.infraestructure.secondaryadapters.translation.LangChain4jMessageTranslationAdapter",
                "message": "Dynamic translation completed with provider=langchain4j-ollama model=llama3.2 code=REL_TO_DOC_002 targetLanguage=en elapsedMs=26599"
                }{
                "correlationId": "61639f0b-c246-4f65-9769-0c17008a62bc",
                "timestamp": "2026-08-15T03:01:51.693",
                "level": "INFO",
                "thread": "http-nio-8085-exec-5",
                "logger": "co.edu.uco.infraestructure.secondaryadapters.presenter.rest.HttpPresenterAdapter",
                "message": "The successful response is: {"data":[{"code":"REL_TO_DOC_002","sourceLanguage":"auto","targetLanguage":"en","originalTitle":"Mensaje relacional hacia documental","originalContent":"Gatos","translatedTitle":"Relationship Message to Documental","translatedContent":"Cats","type":"","category":"Functional","application":"App Documental Flow","functionality":"Flujo documental","translationProvider":"langchain4j-ollama","translationModel":"llama3.2","translationElapsedMs":26599,"dynamicTranslation":true}],"errors":[]}"
                }{
                "correlationId": "",
                "timestamp": "2026-08-15T03:03:17.822",
                "level": "WARN",
                "thread": "http-nio-8085-exec-8",
                "logger": "org.springframework.web.servlet.mvc.method.annotation.ExceptionHandlerExceptionResolver",
                "message": "Failure in @ExceptionHandler co.edu.uco.infraestructure.secondaryadapters.presenter.rest.HttpPresenterAdapter#handleGeneralException(Exception, HttpServletRequest, HttpServletResponse)"
                }java.lang.IllegalStateException: getOutputStream() has already been called for this response
	at org.apache.catalina.connector.Response.getWriter(Response.java:549)
	at org.apache.catalina.connector.ResponseFacade.getWriter(ResponseFacade.java:188)
	at co.edu.uco.infraestructure.secondaryadapters.presenter.rest.HttpPresenterAdapter.handleGeneralException(HttpPresenterAdapter.java:95)
	at java.base/jdk.internal.reflect.DirectMethodHandleAccessor.invoke(DirectMethodHandleAccessor.java:103)
	at java.base/java.lang.reflect.Method.invoke(Method.java:580)
	at org.springframework.web.method.support.InvocableHandlerMethod.doInvoke(InvocableHandlerMethod.java:255)
	at org.springframework.web.method.support.InvocableHandlerMethod.invokeForRequest(InvocableHandlerMethod.java:188)
	at org.springframework.web.servlet.mvc.method.annotation.ServletInvocableHandlerMethod.invokeAndHandle(ServletInvocableHandlerMethod.java:118)
	at org.springframework.web.servlet.mvc.method.annotation.ExceptionHandlerExceptionResolver.doResolveHandlerMethodException(ExceptionHandlerExceptionResolver.java:432)
	at org.springframework.web.servlet.handler.AbstractHandlerMethodExceptionResolver.doResolveException(AbstractHandlerMethodExceptionResolver.java:74)
	at org.springframework.web.servlet.handler.AbstractHandlerExceptionResolver.resolveException(AbstractHandlerExceptionResolver.java:175)
	at org.springframework.web.servlet.handler.HandlerExceptionResolverComposite.resolveException(HandlerExceptionResolverComposite.java:80)
	at org.springframework.web.servlet.DispatcherServlet.processHandlerException(DispatcherServlet.java:1357)
	at org.springframework.web.servlet.DispatcherServlet.processDispatchResult(DispatcherServlet.java:1160)
	at org.springframework.web.servlet.DispatcherServlet.doDispatch(DispatcherServlet.java:1106)
	at org.springframework.web.servlet.DispatcherServlet.doService(DispatcherServlet.java:979)
	at org.springframework.web.servlet.FrameworkServlet.processRequest(FrameworkServlet.java:1014)
	at org.springframework.web.servlet.FrameworkServlet.doGet(FrameworkServlet.java:903)
	at jakarta.servlet.http.HttpServlet.service(HttpServlet.java:564)
	at org.springframework.web.servlet.FrameworkServlet.service(FrameworkServlet.java:885)
	at jakarta.servlet.http.HttpServlet.service(HttpServlet.java:658)
	at org.apache.catalina.core.ApplicationFilterChain.internalDoFilter(ApplicationFilterChain.java:206)
	at org.apache.catalina.core.ApplicationFilterChain.doFilter(ApplicationFilterChain.java:150)
	at org.apache.tomcat.websocket.server.WsFilter.doFilter(WsFilter.java:51)
	at org.apache.catalina.core.ApplicationFilterChain.internalDoFilter(ApplicationFilterChain.java:175)
	at org.apache.catalina.core.ApplicationFilterChain.doFilter(ApplicationFilterChain.java:150)
	at org.springframework.web.filter.RequestContextFilter.doFilterInternal(RequestContextFilter.java:100)
	at org.springframework.web.filter.OncePerRequestFilter.doFilter(OncePerRequestFilter.java:116)
	at org.apache.catalina.core.ApplicationFilterChain.internalDoFilter(ApplicationFilterChain.java:175)
	at org.apache.catalina.core.ApplicationFilterChain.doFilter(ApplicationFilterChain.java:150)
	at org.springframework.web.filter.FormContentFilter.doFilterInternal(FormContentFilter.java:93)
	at org.springframework.web.filter.OncePerRequestFilter.doFilter(OncePerRequestFilter.java:116)
	at org.apache.catalina.core.ApplicationFilterChain.internalDoFilter(ApplicationFilterChain.java:175)
	at org.apache.catalina.core.ApplicationFilterChain.doFilter(ApplicationFilterChain.java:150)
	at org.springframework.web.filter.ServerHttpObservationFilter.doFilterInternal(ServerHttpObservationFilter.java:109)
	at org.springframework.web.filter.OncePerRequestFilter.doFilter(OncePerRequestFilter.java:116)
	at org.apache.catalina.core.ApplicationFilterChain.internalDoFilter(ApplicationFilterChain.java:175)
	at org.apache.catalina.core.ApplicationFilterChain.doFilter(ApplicationFilterChain.java:150)
	at org.springframework.web.filter.CharacterEncodingFilter.doFilterInternal(CharacterEncodingFilter.java:201)
	at org.springframework.web.filter.OncePerRequestFilter.doFilter(OncePerRequestFilter.java:116)
	at org.apache.catalina.core.ApplicationFilterChain.internalDoFilter(ApplicationFilterChain.java:175)
	at org.apache.catalina.core.ApplicationFilterChain.doFilter(ApplicationFilterChain.java:150)
	at org.apache.catalina.core.StandardWrapperValve.invoke(StandardWrapperValve.java:167)
	at org.apache.catalina.core.StandardContextValve.invoke(StandardContextValve.java:90)
	at org.apache.catalina.authenticator.AuthenticatorBase.invoke(AuthenticatorBase.java:482)
	at org.apache.catalina.core.StandardHostValve.invoke(StandardHostValve.java:115)
	at org.apache.catalina.valves.ErrorReportValve.invoke(ErrorReportValve.java:93)
	at org.apache.catalina.core.StandardEngineValve.invoke(StandardEngineValve.java:74)
	at org.apache.catalina.connector.CoyoteAdapter.service(CoyoteAdapter.java:344)
	at org.apache.coyote.http11.Http11Processor.service(Http11Processor.java:391)
	at org.apache.coyote.AbstractProcessorLight.process(AbstractProcessorLight.java:63)
	at org.apache.coyote.AbstractProtocol$ConnectionHandler.process(AbstractProtocol.java:896)
	at org.apache.tomcat.util.net.NioEndpoint$SocketProcessor.doRun(NioEndpoint.java:1736)
	at org.apache.tomcat.util.net.SocketProcessorBase.run(SocketProcessorBase.java:52)
	at org.apache.tomcat.util.threads.ThreadPoolExecutor.runWorker(ThreadPoolExecutor.java:1191)
	at org.apache.tomcat.util.threads.ThreadPoolExecutor$Worker.run(ThreadPoolExecutor.java:659)
	at org.apache.tomcat.util.threads.TaskThread$WrappingRunnable.run(TaskThread.java:63)
	at java.base/java.lang.Thread.run(Thread.java:1583)
{
                "correlationId": "",
                "timestamp": "2026-08-15T03:03:18.187",
                "level": "WARN",
                "thread": "http-nio-8085-exec-8",
                "logger": "org.springframework.web.servlet.mvc.support.DefaultHandlerExceptionResolver",
                "message": "Resolved [org.springframework.web.context.request.async.AsyncRequestNotUsableException: ServletOutputStream failed to write: java.io.IOException: Broken pipe]"
                }{
                "correlationId": "2832bebc-64b5-4750-b820-8a9d89e6db8a",
                "timestamp": "2026-08-15T04:34:54.608",
                "level": "ERROR",
                "thread": "http-nio-8085-exec-10",
                "logger": "co.edu.uco.infraestructure.secondaryadapters.presenter.rest.HttpPresenterAdapter",
                "message": "The error response is: {"data":[],"errors":["The UUID to be converted has no valid format."]}"
                }{
                "correlationId": "85475abc-34aa-4a90-a0bf-3e2c4aad4f83",
                "timestamp": "2026-08-15T04:36:39.621",
                "level": "INFO",
                "thread": "http-nio-8085-exec-6",
                "logger": "co.edu.uco.infraestructure.secondaryadapters.presenter.rest.HttpPresenterAdapter",
                "message": "The successful response is: {"data":["xmtABaitOXi3iWr/sl1EI7qHwLp0EgyR0rpLwkJocdK7bdHHDe13c4BngrAQSDUtwE2jNHahCGdDPn8Ht/9PPyqqrKvgPfs0fx1/NQ2DKiPcpr6+sKKVbUaiW8JPf+UUF1gmGuFQbDmI5TgiluhkA+QLwqH8geq/ljjUExDCLXBGZmY0Dzz+mUZKV6BV3pdYgfMHMesgWFs7yeOImM/1cIHCgTqKrrct0mTNHs2qj7uMTp5zMkx1zKBLsfiGXmU36DGe2uGH7r4YlJbx4sEv2SFmmkmt0UqfKHN7kg4ZI5zV2wOAVMnDGj5tb0y54W0RsRLMUxmihRH4dBJBirHC+Q=="],"errors":[]}"
                }{
                "correlationId": "1318725d-1396-495c-bd51-8ba01e214f97",
                "timestamp": "2026-08-15T04:37:06.150",
                "level": "INFO",
                "thread": "http-nio-8085-exec-6",
                "logger": "co.edu.uco.application.common.catalog.strategy.MessageCatalogStrategy",
                "message": "Messages were found in cache, proceed to return."
                }{
                "correlationId": "1318725d-1396-495c-bd51-8ba01e214f97",
                "timestamp": "2026-08-15T04:37:06.168",
                "level": "INFO",
                "thread": "http-nio-8085-exec-6",
                "logger": "co.edu.uco.infraestructure.secondaryadapters.presenter.rest.HttpPresenterAdapter",
                "message": "The successful response is: {"data":[{"data":[{"code":"REL_TO_DOC_002","title":"Mensaje relacional hacia documental","content":"Gatos","type":"","category":"Functional","application":"App Documental Flow","functionality":"Flujo documental"}],"page":1,"size":50,"totalItems":1,"totalPages":1}],"errors":[]}"
                }{
                "correlationId": "25c39383-ddd2-4a3e-9962-d4d9a9ab0519",
                "timestamp": "2026-08-15T04:37:54.998",
                "level": "INFO",
                "thread": "http-nio-8085-exec-8",
                "logger": "co.edu.uco.application.common.catalog.strategy.MessageCatalogStrategy",
                "message": "Messages were found in cache, proceed to return."
                }{
                "correlationId": "25c39383-ddd2-4a3e-9962-d4d9a9ab0519",
                "timestamp": "2026-08-15T04:37:55.003",
                "level": "INFO",
                "thread": "http-nio-8085-exec-8",
                "logger": "co.edu.uco.infraestructure.secondaryadapters.presenter.rest.HttpPresenterAdapter",
                "message": "The successful response is: {"data":[{"code":"REL_TO_DOC_002","title":"Mensaje relacional hacia documental","content":"Gatos","type":"","category":"Functional","application":"App Documental Flow","functionality":"Flujo documental"}],"errors":[]}"
                }{
                "correlationId": "8a117367-fc21-45a6-b5c1-8b828bb1adda",
                "timestamp": "2026-08-15T04:38:32.109",
                "level": "ERROR",
                "thread": "http-nio-8085-exec-6",
                "logger": "co.edu.uco.infraestructure.secondaryadapters.presenter.rest.HttpPresenterAdapter",
                "message": "The error response is: {"data":[],"errors":["The UUID to be converted has no valid format."]}"
                }{
                "correlationId": "f5f7fcf8-47cd-44f7-95de-98cd5efd20b6",
                "timestamp": "2026-08-15T04:38:45.986",
                "level": "INFO",
                "thread": "http-nio-8085-exec-5",
                "logger": "co.edu.uco.infraestructure.secondaryadapters.presenter.rest.HttpPresenterAdapter",
                "message": "The successful response is: {"data":["kKfVty7c2sGPgGoEpHvt1DM/ME6dY/ICCV0c3Y4tiUGqguvCm6xsnc0AvH/cyZbSG5TzCKPhoO6VSVwU6YAz519pDbcWqF21+YnwbJgn+jgnVnVtj2YLQJhzW4lRnnlu2WlYF1IqojqagsAjb6eKah8MaNwZkfaXUS82facyxAbXduCz4k2ol5PYBz0cfl7T5eEGvrk1sL9B90HFtHf50UitBtMgfHWuLW7jR0Pnd66jRP2yWO1wikEHbQp5aAtLtjhhOWbcu/6vRhwD8qQcJfVZGUzZy05OMH0QbOwReSXVDD7jGhJmxSzV/t6uo4o+V1oSRgetu6/ykX6s8lCf8A=="],"errors":[]}"
                }